STRUCTURE,STRUCTURE_ID,STRUCTURE_NAME,ACTION,CEN23_YEAR_001,Census year,CEN23_GEO_002,Area,CEN23_BIR_003,Birthplace,CEN23_AGE_003,Age,OBS_VALUE,Observation Value,OBS_STATUS,Observation Status
DATAFLOW,STATSNZ:CEN23_ECI_006(1.0),"Birthplace and age for the census usually resident population count, (RC, TALB, SA2, Health), 2013, 2018, and 2023 Censuses",I,2023,2023,9999,Total - New Zealand by regional council,B1105,Ethiopia,18,85-89 years,0,,,
DATAFLOW,STATSNZ:CEN23_ECI_006(1.0),"Birthplace and age for the census usually resident population count, (RC, TALB, SA2, Health), 2013, 2018, and 2023 Censuses",I,2023,2023,9999,Total - New Zealand by regional council,B0203,Tonga,14,65-69 years,1434,,,
DATAFLOW,STATSNZ:CEN23_ECI_006(1.0),"Birthplace and age for the census usually resident population count, (RC, TALB, SA2, Health), 2013, 2018, and 2023 Censuses",I,2023,2023,9999,Total - New Zealand by regional council,B0208,Tuvalu,2,15-29 years,516,,,
DATAFLOW,STATSNZ:CEN23_ECI_006(1.0),"Birthplace and age for the census usually resident population count, (RC, TALB, SA2, Health), 2013, 2018, and 2023 Censuses",I,2023,2023,9999,Total - New Zealand by regional council,B0413,Austria,10,45-49 years,84,,,
DATAFLOW,STATSNZ:CEN23_ECI_006(1.0),"Birthplace and age for the census usually resident population count, (RC, TALB, SA2, Health), 2013, 2018, and 2023 Censuses",I,2023,2023,9999,Total - New Zealand by regional council,B0402,Scotland,01,0-4 years,66,,,
DATAFLOW,STATSNZ:CEN23_ECI_006(1.0),"Birthplace and age for the census usually resident population count, (RC, TALB, SA2, Health), 2013, 2018, and 2023 Censuses",I,2023,2023,9999,Total - New Zealand by regional council,B1006,Colombia,04,15-19 years,276,,,
DATAFLOW,STATSNZ:CEN23_ECI_006(1.0),"Birthplace and age for the census usually resident population count, (RC, TALB, SA2, Health), 2013, 2018, and 2023 Censuses",I,2023,2023,9999,Total - New Zealand by regional council,B0707,Singapore,15,70-74 years,288,,,
DATAFLOW,STATSNZ:CEN23_ECI_006(1.0),"Birthplace and age for the census usually resident population count, (RC, TALB, SA2, Health), 2013, 2018, and 2023 Censuses",I,2023,2023,9999,Total - New Zealand by regional council,B04,North-West Europe,17,80-84 years,16341,,,
DATAFLOW,STATSNZ:CEN23_ECI_006(1.0),"Birthplace and age for the census usually resident population count, (RC, TALB, SA2, Health), 2013, 2018, and 2023 Censuses",I,2023,2023,9999,Total - New Zealand by regional council,B1101,South Africa,15,70-74 years,2376,,,
DATAFLOW,STATSNZ:CEN23_ECI_006(1.0),"Birthplace and age for the census usually resident population count, (RC, TALB, SA2, Health), 2013, 2018, and 2023 Censuses",I,2023,2023,9999,Total - New Zealand by regional council,C,Not elsewhere included,08,35-39 years,2496,,,
DATAFLOW,STATSNZ:CEN23_ECI_006(1.0),"Birthplace and age for the census usually resident population count, (RC, TALB, SA2, Health), 2013, 2018, and 2023 Censuses",I,2023,2023,9999,Total - New Zealand by regional council,B07,South-East Asia,15,70-74 years,3615,,,
DATAFLOW,STATSNZ:CEN23_ECI_006(1.0),"Birthplace and age for the census usually resident population count, (RC, TALB, SA2, Health), 2013, 2018, and 2023 Censuses",I,2023,2023,9999,Total - New Zealand by regional council,B0204,Cook Islands,09,40-44 years,684,,,
DATAFLOW,STATSNZ:CEN23_ECI_006(1.0),"Birthplace and age for the census usually resident population count, (RC, TALB, SA2, Health), 2013, 2018, and 2023 Censuses",I,2023,2023,9999,Total - New Zealand by regional council,B0806,Other,1,Under 15 years,72,,,
DATAFLOW,STATSNZ:CEN23_ECI_006(1.0),"Birthplace and age for the census usually resident population count, (RC, TALB, SA2, Health), 2013, 2018, and 2023 Censuses",I,2023,2023,9999,Total - New Zealand by regional council,B1008,Other Americas,12,55-59 years,360,,,
DATAFLOW,STATSNZ:CEN23_ECI_006(1.0),"Birthplace and age for the census usually resident population count, (RC, TALB, SA2, Health), 2013, 2018, and 2023 Censuses",I,2023,2023,9999,Total - New Zealand by regional council,B0211,Solomon Islands,02,5-9 years,15,,,
DATAFLOW,STATSNZ:CEN23_ECI_006(1.0),"Birthplace and age for the census usually resident population count, (RC, TALB, SA2, Health), 2013, 2018, and 2023 Censuses",I,2023,2023,9999,Total - New Zealand by regional council,B0506,Ukraine,19,90 years and over,15,,,
DATAFLOW,STATSNZ:CEN23_ECI_006(1.0),"Birthplace and age for the census usually resident population count, (RC, TALB, SA2, Health), 2013, 2018, and 2023 Censuses",I,2023,2023,9999,Total - New Zealand by regional council,B0501,Russia,13,60-64 years,417,,,
DATAFLOW,STATSNZ:CEN23_ECI_006(1.0),"Birthplace and age for the census usually resident population count, (RC, TALB, SA2, Health), 2013, 2018, and 2023 Censuses",I,2023,2023,9999,Total - New Zealand by regional council,B0204,Cook Islands,99,Total - age,12303,,,
DATAFLOW,STATSNZ:CEN23_ECI_006(1.0),"Birthplace and age for the census usually resident population count, (RC, TALB, SA2, Health), 2013, 2018, and 2023 Censuses",I,2023,2023,9999,Total - New Zealand by regional council,B0208,Tuvalu,11,50-54 years,123,,,
DATAFLOW,STATSNZ:CEN23_ECI_006(1.0),"Birthplace and age for the census usually resident population count, (RC, TALB, SA2, Health), 2013, 2018, and 2023 Censuses",I,2023,2023,9999,Total - New Zealand by regional council,B0705,Cambodia,3,30-64 years,5292,,,
DATAFLOW,STATSNZ:CEN23_ECI_006(1.0),"Birthplace and age for the census usually resident population count, (RC, TALB, SA2, Health), 2013, 2018, and 2023 Censuses",I,2023,2023,9999,Total - New Zealand by regional council,B0204,Cook Islands,3,30-64 years,7026,,,
DATAFLOW,STATSNZ:CEN23_ECI_006(1.0),"Birthplace and age for the census usually resident population count, (RC, TALB, SA2, Health), 2013, 2018, and 2023 Censuses",I,2023,2023,9999,Total - New Zealand by regional council,B0415,Channel Islands,07,30-34 years,81,,,
DATAFLOW,STATSNZ:CEN23_ECI_006(1.0),"Birthplace and age for the census usually resident population count, (RC, TALB, SA2, Health), 2013, 2018, and 2023 Censuses",I,2023,2023,9999,Total - New Zealand by regional council,B0504,Poland,2,15-29 years,189,,,
DATAFLOW,STATSNZ:CEN23_ECI_006(1.0),"Birthplace and age for the census usually resident population count, (RC, TALB, SA2, Health), 2013, 2018, and 2023 Censuses",I,2023,2023,9999,Total - New Zealand by regional council,B0508,Spain,06,25-29 years,117,,,
DATAFLOW,STATSNZ:CEN23_ECI_006(1.0),"Birthplace and age for the census usually resident population count, (RC, TALB, SA2, Health), 2013, 2018, and 2023 Censuses",I,2023,2023,9999,Total - New Zealand by regional council,B0512,Other,04,15-19 years,156,,,
DATAFLOW,STATSNZ:CEN23_ECI_006(1.0),"Birthplace and age for the census usually resident population count, (RC, TALB, SA2, Health), 2013, 2018, and 2023 Censuses",I,2023,2023,9999,Total - New Zealand by regional council,B0209,Papua New Guinea,19,90 years and over,3,,,
DATAFLOW,STATSNZ:CEN23_ECI_006(1.0),"Birthplace and age for the census usually resident population count, (RC, TALB, SA2, Health), 2013, 2018, and 2023 Censuses",I,2023,2023,9999,Total - New Zealand by regional council,B06,North Africa and the Middle East,3,30-64 years,15390,,,
DATAFLOW,STATSNZ:CEN23_ECI_006(1.0),"Birthplace and age for the census usually resident population count, (RC, TALB, SA2, Health), 2013, 2018, and 2023 Censuses",I,2023,2023,9999,Total - New Zealand by regional council,B0902,Sri Lanka,02,5-9 years,819,,,
DATAFLOW,STATSNZ:CEN23_ECI_006(1.0),"Birthplace and age for the census usually resident population count, (RC, TALB, SA2, Health), 2013, 2018, and 2023 Censuses",I,2023,2023,9999,Total - New Zealand by regional council,B0902,Sri Lanka,16,75-79 years,330,,,
DATAFLOW,STATSNZ:CEN23_ECI_006(1.0),"Birthplace and age for the census usually resident population count, (RC, TALB, SA2, Health), 2013, 2018, and 2023 Censuses",I,2023,2023,9999,Total - New Zealand by regional council,B0904,Afghanistan,04,15-19 years,462,,,
DATAFLOW,STATSNZ:CEN23_ECI_006(1.0),"Birthplace and age for the census usually resident population count, (RC, TALB, SA2, Health), 2013, 2018, and 2023 Censuses",I,2023,2023,9999,Total - New Zealand by regional council,B0604,Egypt,4,65 years and over,324,,,
DATAFLOW,STATSNZ:CEN23_ECI_006(1.0),"Birthplace and age for the census usually resident population count, (RC, TALB, SA2, Health), 2013, 2018, and 2023 Censuses",I,2023,2023,9999,Total - New Zealand by regional council,B0408,Wales,08,35-39 years,486,,,
DATAFLOW,STATSNZ:CEN23_ECI_006(1.0),"Birthplace and age for the census usually resident population count, (RC, TALB, SA2, Health), 2013, 2018, and 2023 Censuses",I,2023,2023,9999,Total - New Zealand by regional council,B0709,Other,19,90 years and over,9,,,
DATAFLOW,STATSNZ:CEN23_ECI_006(1.0),"Birthplace and age for the census usually resident population count, (RC, TALB, SA2, Health), 2013, 2018, and 2023 Censuses",I,2023,2023,9999,Total - New Zealand by regional council,B1001,United States of America,04,15-19 years,2073,,,
DATAFLOW,STATSNZ:CEN23_ECI_006(1.0),"Birthplace and age for the census usually resident population count, (RC, TALB, SA2, Health), 2013, 2018, and 2023 Censuses",I,2023,2023,9999,Total - New Zealand by regional council,B0601,Iraq,4,65 years and over,1029,,,
DATAFLOW,STATSNZ:CEN23_ECI_006(1.0),"Birthplace and age for the census usually resident population count, (RC, TALB, SA2, Health), 2013, 2018, and 2023 Censuses",I,2023,2023,9999,Total - New Zealand by regional council,B0403,Germany,14,65-69 years,879,,,
DATAFLOW,STATSNZ:CEN23_ECI_006(1.0),"Birthplace and age for the census usually resident population count, (RC, TALB, SA2, Health), 2013, 2018, and 2023 Censuses",I,2023,2023,9999,Total - New Zealand by regional council,B0702,Malaysia,05,20-24 years,1515,,,
DATAFLOW,STATSNZ:CEN23_ECI_006(1.0),"Birthplace and age for the census usually resident population count, (RC, TALB, SA2, Health), 2013, 2018, and 2023 Censuses",I,2023,2023,9999,Total - New Zealand by regional council,B0403,Germany,18,85-89 years,162,,,
DATAFLOW,STATSNZ:CEN23_ECI_006(1.0),"Birthplace and age for the census usually resident population count, (RC, TALB, SA2, Health), 2013, 2018, and 2023 Censuses",I,2023,2023,9999,Total - New Zealand by regional council,B1102,Zimbabwe,07,30-34 years,681,,,
DATAFLOW,STATSNZ:CEN23_ECI_006(1.0),"Birthplace and age for the census usually resident population count, (RC, TALB, SA2, Health), 2013, 2018, and 2023 Censuses",I,2023,2023,9999,Total - New Zealand by regional council,B0402,Scotland,02,5-9 years,216,,,
DATAFLOW,STATSNZ:CEN23_ECI_006(1.0),"Birthplace and age for the census usually resident population count, (RC, TALB, SA2, Health), 2013, 2018, and 2023 Censuses",I,2023,2023,9999,Total - New Zealand by regional council,B0507,Croatia,Median,Median - age,63.4,,,
DATAFLOW,STATSNZ:CEN23_ECI_006(1.0),"Birthplace and age for the census usually resident population count, (RC, TALB, SA2, Health), 2013, 2018, and 2023 Censuses",I,2023,2023,9999,Total - New Zealand by regional council,B0804,Hong Kong (Special Administrative Region),2,15-29 years,2034,,,
DATAFLOW,STATSNZ:CEN23_ECI_006(1.0),"Birthplace and age for the census usually resident population count, (RC, TALB, SA2, Health), 2013, 2018, and 2023 Censuses",I,2023,2023,9999,Total - New Zealand by regional council,B02,Pacific Islands,06,25-29 years,15402,,,
DATAFLOW,STATSNZ:CEN23_ECI_006(1.0),"Birthplace and age for the census usually resident population count, (RC, TALB, SA2, Health), 2013, 2018, and 2023 Censuses",I,2023,2023,9999,Total - New Zealand by regional council,B1006,Colombia,12,55-59 years,126,,,
DATAFLOW,STATSNZ:CEN23_ECI_006(1.0),"Birthplace and age for the census usually resident population count, (RC, TALB, SA2, Health), 2013, 2018, and 2023 Censuses",I,2023,2023,9999,Total - New Zealand by regional council,B03,Other Oceania and Antarctica,06,25-29 years,0,,,
DATAFLOW,STATSNZ:CEN23_ECI_006(1.0),"Birthplace and age for the census usually resident population count, (RC, TALB, SA2, Health), 2013, 2018, and 2023 Censuses",I,2023,2023,9999,Total - New Zealand by regional council,B0905,Nepal,13,60-64 years,72,,,
DATAFLOW,STATSNZ:CEN23_ECI_006(1.0),"Birthplace and age for the census usually resident population count, (RC, TALB, SA2, Health), 2013, 2018, and 2023 Censuses",I,2023,2023,9999,Total - New Zealand by regional council,B0708,Myanmar,1,Under 15 years,171,,,
DATAFLOW,STATSNZ:CEN23_ECI_006(1.0),"Birthplace and age for the census usually resident population count, (RC, TALB, SA2, Health), 2013, 2018, and 2023 Censuses",I,2023,2023,9999,Total - New Zealand by regional council,B0210,Tokelau,15,70-74 years,111,,,
DATAFLOW,STATSNZ:CEN23_ECI_006(1.0),"Birthplace and age for the census usually resident population count, (RC, TALB, SA2, Health), 2013, 2018, and 2023 Censuses",I,2023,2023,9999,Total - New Zealand by regional council,B0707,Singapore,08,35-39 years,552,,,
DATAFLOW,STATSNZ:CEN23_ECI_006(1.0),"Birthplace and age for the census usually resident population count, (RC, TALB, SA2, Health), 2013, 2018, and 2023 Censuses",I,2023,2023,9999,Total - New Zealand by regional council,B0701,Philippines,3,30-64 years,68331,,,
DATAFLOW,STATSNZ:CEN23_ECI_006(1.0),"Birthplace and age for the census usually resident population count, (RC, TALB, SA2, Health), 2013, 2018, and 2023 Censuses",I,2023,2023,9999,Total - New Zealand by regional council,B0508,Spain,2,15-29 years,339,,,
DATAFLOW,STATSNZ:CEN23_ECI_006(1.0),"Birthplace and age for the census usually resident population count, (RC, TALB, SA2, Health), 2013, 2018, and 2023 Censuses",I,2023,2023,9999,Total - New Zealand by regional council,B0405,United Kingdom (not further defined),16,75-79 years,387,,,
DATAFLOW,STATSNZ:CEN23_ECI_006(1.0),"Birthplace and age for the census usually resident population count, (RC, TALB, SA2, Health), 2013, 2018, and 2023 Censuses",I,2023,2023,9999,Total - New Zealand by regional council,B08,North-East Asia,08,35-39 years,27150,,,
DATAFLOW,STATSNZ:CEN23_ECI_006(1.0),"Birthplace and age for the census usually resident population count, (RC, TALB, SA2, Health), 2013, 2018, and 2023 Censuses",I,2023,2023,9999,Total - New Zealand by regional council,B1006,Colombia,13,60-64 years,69,,,
DATAFLOW,STATSNZ:CEN23_ECI_006(1.0),"Birthplace and age for the census usually resident population count, (RC, TALB, SA2, Health), 2013, 2018, and 2023 Censuses",I,2023,2023,9999,Total - New Zealand by regional council,B0802,"Korea, Republic of",15,70-74 years,903,,,
DATAFLOW,STATSNZ:CEN23_ECI_006(1.0),"Birthplace and age for the census usually resident population count, (RC, TALB, SA2, Health), 2013, 2018, and 2023 Censuses",I,2023,2023,9999,Total - New Zealand by regional council,B1003,Brazil,3,30-64 years,7926,,,
DATAFLOW,STATSNZ:CEN23_ECI_006(1.0),"Birthplace and age for the census usually resident population count, (RC, TALB, SA2, Health), 2013, 2018, and 2023 Censuses",I,2023,2023,9999,Total - New Zealand by regional council,B0805,Taiwan,14,65-69 years,945,,,
DATAFLOW,STATSNZ:CEN23_ECI_006(1.0),"Birthplace and age for the census usually resident population count, (RC, TALB, SA2, Health), 2013, 2018, and 2023 Censuses",I,2023,2023,9999,Total - New Zealand by regional council,B0501,Russia,11,50-54 years,567,,,
DATAFLOW,STATSNZ:CEN23_ECI_006(1.0),"Birthplace and age for the census usually resident population count, (RC, TALB, SA2, Health), 2013, 2018, and 2023 Censuses",I,2023,2023,9999,Total - New Zealand by regional council,B1103,Kenya,10,45-49 years,99,,,
DATAFLOW,STATSNZ:CEN23_ECI_006(1.0),"Birthplace and age for the census usually resident population count, (RC, TALB, SA2, Health), 2013, 2018, and 2023 Censuses",I,2023,2023,9999,Total - New Zealand by regional council,B0202,Samoa,14,65-69 years,3747,,,
DATAFLOW,STATSNZ:CEN23_ECI_006(1.0),"Birthplace and age for the census usually resident population count, (RC, TALB, SA2, Health), 2013, 2018, and 2023 Censuses",I,2023,2023,9999,Total - New Zealand by regional council,B0212,Other,05,20-24 years,285,,,
DATAFLOW,STATSNZ:CEN23_ECI_006(1.0),"Birthplace and age for the census usually resident population count, (RC, TALB, SA2, Health), 2013, 2018, and 2023 Censuses",I,2023,2023,9999,Total - New Zealand by regional council,B0416,Other,07,30-34 years,183,,,
DATAFLOW,STATSNZ:CEN23_ECI_006(1.0),"Birthplace and age for the census usually resident population count, (RC, TALB, SA2, Health), 2013, 2018, and 2023 Censuses",I,2023,2023,9999,Total - New Zealand by regional council,B0708,Myanmar,Median,Median - age,39.6,,,
DATAFLOW,STATSNZ:CEN23_ECI_006(1.0),"Birthplace and age for the census usually resident population count, (RC, TALB, SA2, Health), 2013, 2018, and 2023 Censuses",I,2023,2023,9999,Total - New Zealand by regional council,B08,North-East Asia,16,75-79 years,4389,,,
DATAFLOW,STATSNZ:CEN23_ECI_006(1.0),"Birthplace and age for the census usually resident population count, (RC, TALB, SA2, Health), 2013, 2018, and 2023 Censuses",I,2023,2023,9999,Total - New Zealand by regional council,B0506,Ukraine,16,75-79 years,45,,,
DATAFLOW,STATSNZ:CEN23_ECI_006(1.0),"Birthplace and age for the census usually resident population count, (RC, TALB, SA2, Health), 2013, 2018, and 2023 Censuses",I,2023,2023,9999,Total - New Zealand by regional council,B12,At sea,02,5-9 years,0,,,
DATAFLOW,STATSNZ:CEN23_ECI_006(1.0),"Birthplace and age for the census usually resident population count, (RC, TALB, SA2, Health), 2013, 2018, and 2023 Censuses",I,2023,2023,9999,Total - New Zealand by regional council,B03,Other Oceania and Antarctica,1,Under 15 years,0,,,
DATAFLOW,STATSNZ:CEN23_ECI_006(1.0),"Birthplace and age for the census usually resident population count, (RC, TALB, SA2, Health), 2013, 2018, and 2023 Censuses",I,2023,2023,9999,Total - New Zealand by regional council,B0402,Scotland,2,15-29 years,2199,,,
DATAFLOW,STATSNZ:CEN23_ECI_006(1.0),"Birthplace and age for the census usually resident population count, (RC, TALB, SA2, Health), 2013, 2018, and 2023 Censuses",I,2023,2023,9999,Total - New Zealand by regional council,B0406,Ireland,05,20-24 years,468,,,
DATAFLOW,STATSNZ:CEN23_ECI_006(1.0),"Birthplace and age for the census usually resident population count, (RC, TALB, SA2, Health), 2013, 2018, and 2023 Censuses",I,2023,2023,9999,Total - New Zealand by regional council,B0205,Niue,3,30-64 years,2391,,,
DATAFLOW,STATSNZ:CEN23_ECI_006(1.0),"Birthplace and age for the census usually resident population count, (RC, TALB, SA2, Health), 2013, 2018, and 2023 Censuses",I,2023,2023,9999,Total - New Zealand by regional council,B0412,Denmark,07,30-34 years,96,,,
DATAFLOW,STATSNZ:CEN23_ECI_006(1.0),"Birthplace and age for the census usually resident population count, (RC, TALB, SA2, Health), 2013, 2018, and 2023 Censuses",I,2023,2023,9999,Total - New Zealand by regional council,B0606,Syria,15,70-74 years,24,,,
DATAFLOW,STATSNZ:CEN23_ECI_006(1.0),"Birthplace and age for the census usually resident population count, (RC, TALB, SA2, Health), 2013, 2018, and 2023 Censuses",I,2023,2023,9999,Total - New Zealand by regional council,B1003,Brazil,12,55-59 years,258,,,
DATAFLOW,STATSNZ:CEN23_ECI_006(1.0),"Birthplace and age for the census usually resident population count, (RC, TALB, SA2, Health), 2013, 2018, and 2023 Censuses",I,2023,2023,9999,Total - New Zealand by regional council,B0609,Other Oceania and Antarctica,13,60-64 years,228,,,
DATAFLOW,STATSNZ:CEN23_ECI_006(1.0),"Birthplace and age for the census usually resident population count, (RC, TALB, SA2, Health), 2013, 2018, and 2023 Censuses",I,2023,2023,9999,Total - New Zealand by regional council,B0503,Czech Republic,04,15-19 years,33,,,
DATAFLOW,STATSNZ:CEN23_ECI_006(1.0),"Birthplace and age for the census usually resident population count, (RC, TALB, SA2, Health), 2013, 2018, and 2023 Censuses",I,2023,2023,9999,Total - New Zealand by regional council,B1006,Colombia,05,20-24 years,294,,,
DATAFLOW,STATSNZ:CEN23_ECI_006(1.0),"Birthplace and age for the census usually resident population count, (RC, TALB, SA2, Health), 2013, 2018, and 2023 Censuses",I,2023,2023,9999,Total - New Zealand by regional council,B0209,Papua New Guinea,08,35-39 years,162,,,
DATAFLOW,STATSNZ:CEN23_ECI_006(1.0),"Birthplace and age for the census usually resident population count, (RC, TALB, SA2, Health), 2013, 2018, and 2023 Censuses",I,2023,2023,9999,Total - New Zealand by regional council,B0901,India,10,45-49 years,7668,,,
DATAFLOW,STATSNZ:CEN23_ECI_006(1.0),"Birthplace and age for the census usually resident population count, (RC, TALB, SA2, Health), 2013, 2018, and 2023 Censuses",I,2023,2023,9999,Total - New Zealand by regional council,B1005,Argentina,19,90 years and over,3,,,
DATAFLOW,STATSNZ:CEN23_ECI_006(1.0),"Birthplace and age for the census usually resident population count, (RC, TALB, SA2, Health), 2013, 2018, and 2023 Censuses",I,2023,2023,9999,Total - New Zealand by regional council,777777,Total stated - birthplace,07,30-34 years,370710,,,
DATAFLOW,STATSNZ:CEN23_ECI_006(1.0),"Birthplace and age for the census usually resident population count, (RC, TALB, SA2, Health), 2013, 2018, and 2023 Censuses",I,2023,2023,9999,Total - New Zealand by regional council,B0603,Saudi Arabia,09,40-44 years,108,,,
DATAFLOW,STATSNZ:CEN23_ECI_006(1.0),"Birthplace and age for the census usually resident population count, (RC, TALB, SA2, Health), 2013, 2018, and 2023 Censuses",I,2023,2023,9999,Total - New Zealand by regional council,B0901,India,09,40-44 years,12657,,,
DATAFLOW,STATSNZ:CEN23_ECI_006(1.0),"Birthplace and age for the census usually resident population count, (RC, TALB, SA2, Health), 2013, 2018, and 2023 Censuses",I,2023,2023,9999,Total - New Zealand by regional council,B0606,Syria,09,40-44 years,192,,,
DATAFLOW,STATSNZ:CEN23_ECI_006(1.0),"Birthplace and age for the census usually resident population count, (RC, TALB, SA2, Health), 2013, 2018, and 2023 Censuses",I,2023,2023,9999,Total - New Zealand by regional council,B0607,Israel,1,Under 15 years,207,,,
DATAFLOW,STATSNZ:CEN23_ECI_006(1.0),"Birthplace and age for the census usually resident population count, (RC, TALB, SA2, Health), 2013, 2018, and 2023 Censuses",I,2023,2023,9999,Total - New Zealand by regional council,B0403,Germany,99,Total - age,16263,,,
DATAFLOW,STATSNZ:CEN23_ECI_006(1.0),"Birthplace and age for the census usually resident population count, (RC, TALB, SA2, Health), 2013, 2018, and 2023 Censuses",I,2023,2023,9999,Total - New Zealand by regional council,B0412,Denmark,10,45-49 years,117,,,
DATAFLOW,STATSNZ:CEN23_ECI_006(1.0),"Birthplace and age for the census usually resident population count, (RC, TALB, SA2, Health), 2013, 2018, and 2023 Censuses",I,2023,2023,9999,Total - New Zealand by regional council,B0212,Other,04,15-19 years,192,,,
DATAFLOW,STATSNZ:CEN23_ECI_006(1.0),"Birthplace and age for the census usually resident population count, (RC, TALB, SA2, Health), 2013, 2018, and 2023 Censuses",I,2023,2023,9999,Total - New Zealand by regional council,B0504,Poland,01,0-4 years,9,,,
DATAFLOW,STATSNZ:CEN23_ECI_006(1.0),"Birthplace and age for the census usually resident population count, (RC, TALB, SA2, Health), 2013, 2018, and 2023 Censuses",I,2023,2023,9999,Total - New Zealand by regional council,B0601,Iraq,3,30-64 years,3570,,,
DATAFLOW,STATSNZ:CEN23_ECI_006(1.0),"Birthplace and age for the census usually resident population count, (RC, TALB, SA2, Health), 2013, 2018, and 2023 Censuses",I,2023,2023,9999,Total - New Zealand by regional council,B0412,Denmark,04,15-19 years,66,,,
DATAFLOW,STATSNZ:CEN23_ECI_006(1.0),"Birthplace and age for the census usually resident population count, (RC, TALB, SA2, Health), 2013, 2018, and 2023 Censuses",I,2023,2023,9999,Total - New Zealand by regional council,B0411,Sweden,18,85-89 years,6,,,
DATAFLOW,STATSNZ:CEN23_ECI_006(1.0),"Birthplace and age for the census usually resident population count, (RC, TALB, SA2, Health), 2013, 2018, and 2023 Censuses",I,2023,2023,9999,Total - New Zealand by regional council,B0703,Thailand,Median,Median - age,39.6,,,
DATAFLOW,STATSNZ:CEN23_ECI_006(1.0),"Birthplace and age for the census usually resident population count, (RC, TALB, SA2, Health), 2013, 2018, and 2023 Censuses",I,2023,2023,9999,Total - New Zealand by regional council,B1006,Colombia,1,Under 15 years,297,,,
DATAFLOW,STATSNZ:CEN23_ECI_006(1.0),"Birthplace and age for the census usually resident population count, (RC, TALB, SA2, Health), 2013, 2018, and 2023 Censuses",I,2023,2023,9999,Total - New Zealand by regional council,B1007,Mexico,99,Total - age,1824,,,
DATAFLOW,STATSNZ:CEN23_ECI_006(1.0),"Birthplace and age for the census usually resident population count, (RC, TALB, SA2, Health), 2013, 2018, and 2023 Censuses",I,2023,2023,9999,Total - New Zealand by regional council,B10,The Americas,09,40-44 years,8415,,,
DATAFLOW,STATSNZ:CEN23_ECI_006(1.0),"Birthplace and age for the census usually resident population count, (RC, TALB, SA2, Health), 2013, 2018, and 2023 Censuses",I,2023,2023,9999,Total - New Zealand by regional council,B0603,Saudi Arabia,1,Under 15 years,426,,,
DATAFLOW,STATSNZ:CEN23_ECI_006(1.0),"Birthplace and age for the census usually resident population count, (RC, TALB, SA2, Health), 2013, 2018, and 2023 Censuses",I,2023,2023,9999,Total - New Zealand by regional council,B0404,Netherlands,11,50-54 years,1299,,,
DATAFLOW,STATSNZ:CEN23_ECI_006(1.0),"Birthplace and age for the census usually resident population count, (RC, TALB, SA2, Health), 2013, 2018, and 2023 Censuses",I,2023,2023,9999,Total - New Zealand by regional council,B1105,Ethiopia,19,90 years and over,0,,,
DATAFLOW,STATSNZ:CEN23_ECI_006(1.0),"Birthplace and age for the census usually resident population count, (RC, TALB, SA2, Health), 2013, 2018, and 2023 Censuses",I,2023,2023,9999,Total - New Zealand by regional council,B0408,Wales,02,5-9 years,75,,,
DATAFLOW,STATSNZ:CEN23_ECI_006(1.0),"Birthplace and age for the census usually resident population count, (RC, TALB, SA2, Health), 2013, 2018, and 2023 Censuses",I,2023,2023,9999,Total - New Zealand by regional council,B0607,Israel,07,30-34 years,60,,,
DATAFLOW,STATSNZ:CEN23_ECI_006(1.0),"Birthplace and age for the census usually resident population count, (RC, TALB, SA2, Health), 2013, 2018, and 2023 Censuses",I,2023,2023,9999,Total - New Zealand by regional council,B11,Sub-Saharan Africa,01,0-4 years,1194,,,
DATAFLOW,STATSNZ:CEN23_ECI_006(1.0),"Birthplace and age for the census usually resident population count, (RC, TALB, SA2, Health), 2013, 2018, and 2023 Censuses",I,2023,2023,9999,Total - New Zealand by regional council,B1006,Colombia,16,75-79 years,18,,,
DATAFLOW,STATSNZ:CEN23_ECI_006(1.0),"Birthplace and age for the census usually resident population count, (RC, TALB, SA2, Health), 2013, 2018, and 2023 Censuses",I,2023,2023,9999,Total - New Zealand by regional council,999999,Total - birthplace,19,90 years and over,33093,,,
DATAFLOW,STATSNZ:CEN23_ECI_006(1.0),"Birthplace and age for the census usually resident population count, (RC, TALB, SA2, Health), 2013, 2018, and 2023 Censuses",I,2023,2023,9999,Total - New Zealand by regional council,777777,Total stated - birthplace,Median,Median - age,38.1,,,
DATAFLOW,STATSNZ:CEN23_ECI_006(1.0),"Birthplace and age for the census usually resident population count, (RC, TALB, SA2, Health), 2013, 2018, and 2023 Censuses",I,2023,2023,9999,Total - New Zealand by regional council,B0906,Bangladesh,17,80-84 years,9,,,
DATAFLOW,STATSNZ:CEN23_ECI_006(1.0),"Birthplace and age for the census usually resident population count, (RC, TALB, SA2, Health), 2013, 2018, and 2023 Censuses",I,2023,2023,9999,Total - New Zealand by regional council,B1105,Ethiopia,10,45-49 years,141,,,
DATAFLOW,STATSNZ:CEN23_ECI_006(1.0),"Birthplace and age for the census usually resident population count, (RC, TALB, SA2, Health), 2013, 2018, and 2023 Censuses",I,2023,2023,9999,Total - New Zealand by regional council,B0802,"Korea, Republic of",07,30-34 years,3567,,,
DATAFLOW,STATSNZ:CEN23_ECI_006(1.0),"Birthplace and age for the census usually resident population count, (RC, TALB, SA2, Health), 2013, 2018, and 2023 Censuses",I,2023,2023,9999,Total - New Zealand by regional council,B1104,Zambia,02,5-9 years,6,,,
DATAFLOW,STATSNZ:CEN23_ECI_006(1.0),"Birthplace and age for the census usually resident population count, (RC, TALB, SA2, Health), 2013, 2018, and 2023 Censuses",I,2023,2023,9999,Total - New Zealand by regional council,B0401,England,04,15-19 years,7317,,,
DATAFLOW,STATSNZ:CEN23_ECI_006(1.0),"Birthplace and age for the census usually resident population count, (RC, TALB, SA2, Health), 2013, 2018, and 2023 Censuses",I,2023,2023,9999,Total - New Zealand by regional council,B04,North-West Europe,05,20-24 years,13146,,,
DATAFLOW,STATSNZ:CEN23_ECI_006(1.0),"Birthplace and age for the census usually resident population count, (RC, TALB, SA2, Health), 2013, 2018, and 2023 Censuses",I,2023,2023,9999,Total - New Zealand by regional council,B0905,Nepal,99,Total - age,6174,,,
DATAFLOW,STATSNZ:CEN23_ECI_006(1.0),"Birthplace and age for the census usually resident population count, (RC, TALB, SA2, Health), 2013, 2018, and 2023 Censuses",I,2023,2023,9999,Total - New Zealand by regional council,B0403,Germany,17,80-84 years,387,,,
DATAFLOW,STATSNZ:CEN23_ECI_006(1.0),"Birthplace and age for the census usually resident population count, (RC, TALB, SA2, Health), 2013, 2018, and 2023 Censuses",I,2023,2023,9999,Total - New Zealand by regional council,B0412,Denmark,2,15-29 years,213,,,
DATAFLOW,STATSNZ:CEN23_ECI_006(1.0),"Birthplace and age for the census usually resident population count, (RC, TALB, SA2, Health), 2013, 2018, and 2023 Censuses",I,2023,2023,9999,Total - New Zealand by regional council,B0907,Other,04,15-19 years,84,,,
DATAFLOW,STATSNZ:CEN23_ECI_006(1.0),"Birthplace and age for the census usually resident population count, (RC, TALB, SA2, Health), 2013, 2018, and 2023 Censuses",I,2023,2023,9999,Total - New Zealand by regional council,B0602,Iran,01,0-4 years,27,,,
DATAFLOW,STATSNZ:CEN23_ECI_006(1.0),"Birthplace and age for the census usually resident population count, (RC, TALB, SA2, Health), 2013, 2018, and 2023 Censuses",I,2023,2023,9999,Total - New Zealand by regional council,B0505,Romania,4,65 years and over,288,,,
DATAFLOW,STATSNZ:CEN23_ECI_006(1.0),"Birthplace and age for the census usually resident population count, (RC, TALB, SA2, Health), 2013, 2018, and 2023 Censuses",I,2023,2023,9999,Total - New Zealand by regional council,B0416,Other,01,0-4 years,24,,,
DATAFLOW,STATSNZ:CEN23_ECI_006(1.0),"Birthplace and age for the census usually resident population count, (RC, TALB, SA2, Health), 2013, 2018, and 2023 Censuses",I,2023,2023,9999,Total - New Zealand by regional council,B01,Australia,18,85-89 years,747,,,
DATAFLOW,STATSNZ:CEN23_ECI_006(1.0),"Birthplace and age for the census usually resident population count, (RC, TALB, SA2, Health), 2013, 2018, and 2023 Censuses",I,2023,2023,9999,Total - New Zealand by regional council,B0416,Other,03,10-14 years,84,,,
DATAFLOW,STATSNZ:CEN23_ECI_006(1.0),"Birthplace and age for the census usually resident population count, (RC, TALB, SA2, Health), 2013, 2018, and 2023 Censuses",I,2023,2023,9999,Total - New Zealand by regional council,B0505,Romania,14,65-69 years,66,,,
DATAFLOW,STATSNZ:CEN23_ECI_006(1.0),"Birthplace and age for the census usually resident population count, (RC, TALB, SA2, Health), 2013, 2018, and 2023 Censuses",I,2023,2023,9999,Total - New Zealand by regional council,B0708,Myanmar,3,30-64 years,2466,,,
DATAFLOW,STATSNZ:CEN23_ECI_006(1.0),"Birthplace and age for the census usually resident population count, (RC, TALB, SA2, Health), 2013, 2018, and 2023 Censuses",I,2023,2023,9999,Total - New Zealand by regional council,B0906,Bangladesh,08,35-39 years,585,,,
DATAFLOW,STATSNZ:CEN23_ECI_006(1.0),"Birthplace and age for the census usually resident population count, (RC, TALB, SA2, Health), 2013, 2018, and 2023 Censuses",I,2023,2023,9999,Total - New Zealand by regional council,B07,South-East Asia,09,40-44 years,21693,,,
DATAFLOW,STATSNZ:CEN23_ECI_006(1.0),"Birthplace and age for the census usually resident population count, (RC, TALB, SA2, Health), 2013, 2018, and 2023 Censuses",I,2023,2023,9999,Total - New Zealand by regional council,B0703,Thailand,09,40-44 years,1515,,,
DATAFLOW,STATSNZ:CEN23_ECI_006(1.0),"Birthplace and age for the census usually resident population count, (RC, TALB, SA2, Health), 2013, 2018, and 2023 Censuses",I,2023,2023,9999,Total - New Zealand by regional council,B0406,Ireland,17,80-84 years,297,,,
DATAFLOW,STATSNZ:CEN23_ECI_006(1.0),"Birthplace and age for the census usually resident population count, (RC, TALB, SA2, Health), 2013, 2018, and 2023 Censuses",I,2023,2023,9999,Total - New Zealand by regional council,A,New Zealand,99,Total - age,3525744,,,
DATAFLOW,STATSNZ:CEN23_ECI_006(1.0),"Birthplace and age for the census usually resident population count, (RC, TALB, SA2, Health), 2013, 2018, and 2023 Censuses",I,2023,2023,9999,Total - New Zealand by regional council,B0609,Other Oceania and Antarctica,19,90 years and over,9,,,
DATAFLOW,STATSNZ:CEN23_ECI_006(1.0),"Birthplace and age for the census usually resident population count, (RC, TALB, SA2, Health), 2013, 2018, and 2023 Censuses",I,2023,2023,9999,Total - New Zealand by regional council,B,Overseas,4,65 years and over,225495,,,
DATAFLOW,STATSNZ:CEN23_ECI_006(1.0),"Birthplace and age for the census usually resident population count, (RC, TALB, SA2, Health), 2013, 2018, and 2023 Censuses",I,2023,2023,9999,Total - New Zealand by regional council,B0207,Kiribati,2,15-29 years,873,,,
DATAFLOW,STATSNZ:CEN23_ECI_006(1.0),"Birthplace and age for the census usually resident population count, (RC, TALB, SA2, Health), 2013, 2018, and 2023 Censuses",I,2023,2023,9999,Total - New Zealand by regional council,B1101,South Africa,17,80-84 years,822,,,
DATAFLOW,STATSNZ:CEN23_ECI_006(1.0),"Birthplace and age for the census usually resident population count, (RC, TALB, SA2, Health), 2013, 2018, and 2023 Censuses",I,2023,2023,9999,Total - New Zealand by regional council,B0902,Sri Lanka,09,40-44 years,2286,,,
DATAFLOW,STATSNZ:CEN23_ECI_006(1.0),"Birthplace and age for the census usually resident population count, (RC, TALB, SA2, Health), 2013, 2018, and 2023 Censuses",I,2023,2023,9999,Total - New Zealand by regional council,777777,Total stated - birthplace,11,50-54 years,320280,,,
DATAFLOW,STATSNZ:CEN23_ECI_006(1.0),"Birthplace and age for the census usually resident population count, (RC, TALB, SA2, Health), 2013, 2018, and 2023 Censuses",I,2023,2023,9999,Total - New Zealand by regional council,B0506,Ukraine,14,65-69 years,141,,,
DATAFLOW,STATSNZ:CEN23_ECI_006(1.0),"Birthplace and age for the census usually resident population count, (RC, TALB, SA2, Health), 2013, 2018, and 2023 Censuses",I,2023,2023,9999,Total - New Zealand by regional council,B0609,Other Oceania and Antarctica,09,40-44 years,531,,,
DATAFLOW,STATSNZ:CEN23_ECI_006(1.0),"Birthplace and age for the census usually resident population count, (RC, TALB, SA2, Health), 2013, 2018, and 2023 Censuses",I,2023,2023,9999,Total - New Zealand by regional council,B0608,Turkey,14,65-69 years,24,,,
DATAFLOW,STATSNZ:CEN23_ECI_006(1.0),"Birthplace and age for the census usually resident population count, (RC, TALB, SA2, Health), 2013, 2018, and 2023 Censuses",I,2023,2023,9999,Total - New Zealand by regional council,B0506,Ukraine,02,5-9 years,54,,,
DATAFLOW,STATSNZ:CEN23_ECI_006(1.0),"Birthplace and age for the census usually resident population count, (RC, TALB, SA2, Health), 2013, 2018, and 2023 Censuses",I,2023,2023,9999,Total - New Zealand by regional council,B1103,Kenya,08,35-39 years,99,,,
DATAFLOW,STATSNZ:CEN23_ECI_006(1.0),"Birthplace and age for the census usually resident population count, (RC, TALB, SA2, Health), 2013, 2018, and 2023 Censuses",I,2023,2023,9999,Total - New Zealand by regional council,B0605,United Arab Emirates,15,70-74 years,0,,,
DATAFLOW,STATSNZ:CEN23_ECI_006(1.0),"Birthplace and age for the census usually resident population count, (RC, TALB, SA2, Health), 2013, 2018, and 2023 Censuses",I,2023,2023,9999,Total - New Zealand by regional council,B1102,Zimbabwe,19,90 years and over,12,,,
DATAFLOW,STATSNZ:CEN23_ECI_006(1.0),"Birthplace and age for the census usually resident population count, (RC, TALB, SA2, Health), 2013, 2018, and 2023 Censuses",I,2023,2023,9999,Total - New Zealand by regional council,B0608,Turkey,13,60-64 years,48,,,
DATAFLOW,STATSNZ:CEN23_ECI_006(1.0),"Birthplace and age for the census usually resident population count, (RC, TALB, SA2, Health), 2013, 2018, and 2023 Censuses",I,2023,2023,9999,Total - New Zealand by regional council,B1001,United States of America,15,70-74 years,1473,,,
DATAFLOW,STATSNZ:CEN23_ECI_006(1.0),"Birthplace and age for the census usually resident population count, (RC, TALB, SA2, Health), 2013, 2018, and 2023 Censuses",I,2023,2023,9999,Total - New Zealand by regional council,B09,Southern and Central Asia,11,50-54 years,7953,,,
DATAFLOW,STATSNZ:CEN23_ECI_006(1.0),"Birthplace and age for the census usually resident population count, (RC, TALB, SA2, Health), 2013, 2018, and 2023 Censuses",I,2023,2023,9999,Total - New Zealand by regional council,B0209,Papua New Guinea,02,5-9 years,27,,,
DATAFLOW,STATSNZ:CEN23_ECI_006(1.0),"Birthplace and age for the census usually resident population count, (RC, TALB, SA2, Health), 2013, 2018, and 2023 Censuses",I,2023,2023,9999,Total - New Zealand by regional council,B0709,Other,12,55-59 years,132,,,
DATAFLOW,STATSNZ:CEN23_ECI_006(1.0),"Birthplace and age for the census usually resident population count, (RC, TALB, SA2, Health), 2013, 2018, and 2023 Censuses",I,2023,2023,9999,Total - New Zealand by regional council,B03,Other Oceania and Antarctica,19,90 years and over,0,,,
DATAFLOW,STATSNZ:CEN23_ECI_006(1.0),"Birthplace and age for the census usually resident population count, (RC, TALB, SA2, Health), 2013, 2018, and 2023 Censuses",I,2023,2023,9999,Total - New Zealand by regional council,B0510,Serbia,1,Under 15 years,90,,,
DATAFLOW,STATSNZ:CEN23_ECI_006(1.0),"Birthplace and age for the census usually resident population count, (RC, TALB, SA2, Health), 2013, 2018, and 2023 Censuses",I,2023,2023,9999,Total - New Zealand by regional council,B0504,Poland,4,65 years and over,513,,,
DATAFLOW,STATSNZ:CEN23_ECI_006(1.0),"Birthplace and age for the census usually resident population count, (RC, TALB, SA2, Health), 2013, 2018, and 2023 Censuses",I,2023,2023,9999,Total - New Zealand by regional council,B,Overseas,1,Under 15 years,109980,,,
DATAFLOW,STATSNZ:CEN23_ECI_006(1.0),"Birthplace and age for the census usually resident population count, (RC, TALB, SA2, Health), 2013, 2018, and 2023 Censuses",I,2023,2023,9999,Total - New Zealand by regional council,B0607,Israel,99,Total - age,1266,,,
DATAFLOW,STATSNZ:CEN23_ECI_006(1.0),"Birthplace and age for the census usually resident population count, (RC, TALB, SA2, Health), 2013, 2018, and 2023 Censuses",I,2023,2023,9999,Total - New Zealand by regional council,B1101,South Africa,16,75-79 years,1434,,,
DATAFLOW,STATSNZ:CEN23_ECI_006(1.0),"Birthplace and age for the census usually resident population count, (RC, TALB, SA2, Health), 2013, 2018, and 2023 Censuses",I,2023,2023,9999,Total - New Zealand by regional council,B0407,France,10,45-49 years,519,,,
DATAFLOW,STATSNZ:CEN23_ECI_006(1.0),"Birthplace and age for the census usually resident population count, (RC, TALB, SA2, Health), 2013, 2018, and 2023 Censuses",I,2023,2023,9999,Total - New Zealand by regional council,B10,The Americas,17,80-84 years,738,,,
DATAFLOW,STATSNZ:CEN23_ECI_006(1.0),"Birthplace and age for the census usually resident population count, (RC, TALB, SA2, Health), 2013, 2018, and 2023 Censuses",I,2023,2023,9999,Total - New Zealand by regional council,B08,North-East Asia,03,10-14 years,7077,,,
DATAFLOW,STATSNZ:CEN23_ECI_006(1.0),"Birthplace and age for the census usually resident population count, (RC, TALB, SA2, Health), 2013, 2018, and 2023 Censuses",I,2023,2023,9999,Total - New Zealand by regional council,B1105,Ethiopia,01,0-4 years,21,,,
DATAFLOW,STATSNZ:CEN23_ECI_006(1.0),"Birthplace and age for the census usually resident population count, (RC, TALB, SA2, Health), 2013, 2018, and 2023 Censuses",I,2023,2023,9999,Total - New Zealand by regional council,B0405,United Kingdom (not further defined),1,Under 15 years,399,,,
DATAFLOW,STATSNZ:CEN23_ECI_006(1.0),"Birthplace and age for the census usually resident population count, (RC, TALB, SA2, Health), 2013, 2018, and 2023 Censuses",I,2023,2023,9999,Total - New Zealand by regional council,B07,South-East Asia,01,0-4 years,1425,,,
DATAFLOW,STATSNZ:CEN23_ECI_006(1.0),"Birthplace and age for the census usually resident population count, (RC, TALB, SA2, Health), 2013, 2018, and 2023 Censuses",I,2023,2023,9999,Total - New Zealand by regional council,B0412,Denmark,15,70-74 years,96,,,
DATAFLOW,STATSNZ:CEN23_ECI_006(1.0),"Birthplace and age for the census usually resident population count, (RC, TALB, SA2, Health), 2013, 2018, and 2023 Censuses",I,2023,2023,9999,Total - New Zealand by regional council,B0907,Other,Median,Median - age,39.8,,,
DATAFLOW,STATSNZ:CEN23_ECI_006(1.0),"Birthplace and age for the census usually resident population count, (RC, TALB, SA2, Health), 2013, 2018, and 2023 Censuses",I,2023,2023,9999,Total - New Zealand by regional council,B0402,Scotland,14,65-69 years,2106,,,
DATAFLOW,STATSNZ:CEN23_ECI_006(1.0),"Birthplace and age for the census usually resident population count, (RC, TALB, SA2, Health), 2013, 2018, and 2023 Censuses",I,2023,2023,9999,Total - New Zealand by regional council,999999,Total - birthplace,3,30-64 years,2260728,,,
DATAFLOW,STATSNZ:CEN23_ECI_006(1.0),"Birthplace and age for the census usually resident population count, (RC, TALB, SA2, Health), 2013, 2018, and 2023 Censuses",I,2023,2023,9999,Total - New Zealand by regional council,B0804,Hong Kong (Special Administrative Region),02,5-9 years,504,,,
DATAFLOW,STATSNZ:CEN23_ECI_006(1.0),"Birthplace and age for the census usually resident population count, (RC, TALB, SA2, Health), 2013, 2018, and 2023 Censuses",I,2023,2023,9999,Total - New Zealand by regional council,B0416,Other,14,65-69 years,72,,,
DATAFLOW,STATSNZ:CEN23_ECI_006(1.0),"Birthplace and age for the census usually resident population count, (RC, TALB, SA2, Health), 2013, 2018, and 2023 Censuses",I,2023,2023,9999,Total - New Zealand by regional council,B0512,Other,05,20-24 years,198,,,
DATAFLOW,STATSNZ:CEN23_ECI_006(1.0),"Birthplace and age for the census usually resident population count, (RC, TALB, SA2, Health), 2013, 2018, and 2023 Censuses",I,2023,2023,9999,Total - New Zealand by regional council,B0206,Vanuatu,16,75-79 years,6,,,
DATAFLOW,STATSNZ:CEN23_ECI_006(1.0),"Birthplace and age for the census usually resident population count, (RC, TALB, SA2, Health), 2013, 2018, and 2023 Censuses",I,2023,2023,9999,Total - New Zealand by regional council,B0905,Nepal,02,5-9 years,132,,,
DATAFLOW,STATSNZ:CEN23_ECI_006(1.0),"Birthplace and age for the census usually resident population count, (RC, TALB, SA2, Health), 2013, 2018, and 2023 Censuses",I,2023,2023,9999,Total - New Zealand by regional council,B0702,Malaysia,4,65 years and over,3642,,,
DATAFLOW,STATSNZ:CEN23_ECI_006(1.0),"Birthplace and age for the census usually resident population count, (RC, TALB, SA2, Health), 2013, 2018, and 2023 Censuses",I,2023,2023,9999,Total - New Zealand by regional council,B1102,Zimbabwe,05,20-24 years,540,,,
DATAFLOW,STATSNZ:CEN23_ECI_006(1.0),"Birthplace and age for the census usually resident population count, (RC, TALB, SA2, Health), 2013, 2018, and 2023 Censuses",I,2023,2023,9999,Total - New Zealand by regional council,B1106,Somalia,4,65 years and over,93,,,
DATAFLOW,STATSNZ:CEN23_ECI_006(1.0),"Birthplace and age for the census usually resident population count, (RC, TALB, SA2, Health), 2013, 2018, and 2023 Censuses",I,2023,2023,9999,Total - New Zealand by regional council,B06,North Africa and the Middle East,99,Total - age,27483,,,
DATAFLOW,STATSNZ:CEN23_ECI_006(1.0),"Birthplace and age for the census usually resident population count, (RC, TALB, SA2, Health), 2013, 2018, and 2023 Censuses",I,2023,2023,9999,Total - New Zealand by regional council,B0902,Sri Lanka,1,Under 15 years,1863,,,
DATAFLOW,STATSNZ:CEN23_ECI_006(1.0),"Birthplace and age for the census usually resident population count, (RC, TALB, SA2, Health), 2013, 2018, and 2023 Censuses",I,2023,2023,9999,Total - New Zealand by regional council,B0701,Philippines,17,80-84 years,222,,,
DATAFLOW,STATSNZ:CEN23_ECI_006(1.0),"Birthplace and age for the census usually resident population count, (RC, TALB, SA2, Health), 2013, 2018, and 2023 Censuses",I,2023,2023,9999,Total - New Zealand by regional council,B1001,United States of America,4,65 years and over,4653,,,
DATAFLOW,STATSNZ:CEN23_ECI_006(1.0),"Birthplace and age for the census usually resident population count, (RC, TALB, SA2, Health), 2013, 2018, and 2023 Censuses",I,2023,2023,9999,Total - New Zealand by regional council,B1004,Chile,08,35-39 years,1065,,,
DATAFLOW,STATSNZ:CEN23_ECI_006(1.0),"Birthplace and age for the census usually resident population count, (RC, TALB, SA2, Health), 2013, 2018, and 2023 Censuses",I,2023,2023,9999,Total - New Zealand by regional council,B0206,Vanuatu,04,15-19 years,24,,,
DATAFLOW,STATSNZ:CEN23_ECI_006(1.0),"Birthplace and age for the census usually resident population count, (RC, TALB, SA2, Health), 2013, 2018, and 2023 Censuses",I,2023,2023,9999,Total - New Zealand by regional council,B0906,Bangladesh,10,45-49 years,234,,,
DATAFLOW,STATSNZ:CEN23_ECI_006(1.0),"Birthplace and age for the census usually resident population count, (RC, TALB, SA2, Health), 2013, 2018, and 2023 Censuses",I,2023,2023,9999,Total - New Zealand by regional council,B0701,Philippines,03,10-14 years,4635,,,
DATAFLOW,STATSNZ:CEN23_ECI_006(1.0),"Birthplace and age for the census usually resident population count, (RC, TALB, SA2, Health), 2013, 2018, and 2023 Censuses",I,2023,2023,9999,Total - New Zealand by regional council,B0507,Croatia,2,15-29 years,72,,,
DATAFLOW,STATSNZ:CEN23_ECI_006(1.0),"Birthplace and age for the census usually resident population count, (RC, TALB, SA2, Health), 2013, 2018, and 2023 Censuses",I,2023,2023,9999,Total - New Zealand by regional council,B0609,Other Oceania and Antarctica,18,85-89 years,21,,,
DATAFLOW,STATSNZ:CEN23_ECI_006(1.0),"Birthplace and age for the census usually resident population count, (RC, TALB, SA2, Health), 2013, 2018, and 2023 Censuses",I,2023,2023,9999,Total - New Zealand by regional council,C,Not elsewhere included,14,65-69 years,2037,,,
DATAFLOW,STATSNZ:CEN23_ECI_006(1.0),"Birthplace and age for the census usually resident population count, (RC, TALB, SA2, Health), 2013, 2018, and 2023 Censuses",I,2023,2023,9999,Total - New Zealand by regional council,B12,At sea,15,70-74 years,0,,,
DATAFLOW,STATSNZ:CEN23_ECI_006(1.0),"Birthplace and age for the census usually resident population count, (RC, TALB, SA2, Health), 2013, 2018, and 2023 Censuses",I,2023,2023,9999,Total - New Zealand by regional council,B1001,United States of America,05,20-24 years,2292,,,
DATAFLOW,STATSNZ:CEN23_ECI_006(1.0),"Birthplace and age for the census usually resident population count, (RC, TALB, SA2, Health), 2013, 2018, and 2023 Censuses",I,2023,2023,9999,Total - New Zealand by regional council,B0605,United Arab Emirates,01,0-4 years,234,,,
DATAFLOW,STATSNZ:CEN23_ECI_006(1.0),"Birthplace and age for the census usually resident population count, (RC, TALB, SA2, Health), 2013, 2018, and 2023 Censuses",I,2023,2023,9999,Total - New Zealand by regional council,B0906,Bangladesh,2,15-29 years,639,,,
DATAFLOW,STATSNZ:CEN23_ECI_006(1.0),"Birthplace and age for the census usually resident population count, (RC, TALB, SA2, Health), 2013, 2018, and 2023 Censuses",I,2023,2023,9999,Total - New Zealand by regional council,B0602,Iran,15,70-74 years,138,,,
DATAFLOW,STATSNZ:CEN23_ECI_006(1.0),"Birthplace and age for the census usually resident population count, (RC, TALB, SA2, Health), 2013, 2018, and 2023 Censuses",I,2023,2023,9999,Total - New Zealand by regional council,B0901,India,01,0-4 years,1413,,,
DATAFLOW,STATSNZ:CEN23_ECI_006(1.0),"Birthplace and age for the census usually resident population count, (RC, TALB, SA2, Health), 2013, 2018, and 2023 Censuses",I,2023,2023,9999,Total - New Zealand by regional council,B11,Sub-Saharan Africa,16,75-79 years,1860,,,
DATAFLOW,STATSNZ:CEN23_ECI_006(1.0),"Birthplace and age for the census usually resident population count, (RC, TALB, SA2, Health), 2013, 2018, and 2023 Censuses",I,2023,2023,9999,Total - New Zealand by regional council,B0702,Malaysia,13,60-64 years,1827,,,
DATAFLOW,STATSNZ:CEN23_ECI_006(1.0),"Birthplace and age for the census usually resident population count, (RC, TALB, SA2, Health), 2013, 2018, and 2023 Censuses",I,2023,2023,9999,Total - New Zealand by regional council,B0413,Austria,2,15-29 years,183,,,
DATAFLOW,STATSNZ:CEN23_ECI_006(1.0),"Birthplace and age for the census usually resident population count, (RC, TALB, SA2, Health), 2013, 2018, and 2023 Censuses",I,2023,2023,9999,Total - New Zealand by regional council,B0512,Other,12,55-59 years,495,,,
DATAFLOW,STATSNZ:CEN23_ECI_006(1.0),"Birthplace and age for the census usually resident population count, (RC, TALB, SA2, Health), 2013, 2018, and 2023 Censuses",I,2023,2023,9999,Total - New Zealand by regional council,B0212,Other,16,75-79 years,48,,,
DATAFLOW,STATSNZ:CEN23_ECI_006(1.0),"Birthplace and age for the census usually resident population count, (RC, TALB, SA2, Health), 2013, 2018, and 2023 Censuses",I,2023,2023,9999,Total - New Zealand by regional council,B0601,Iraq,17,80-84 years,105,,,
DATAFLOW,STATSNZ:CEN23_ECI_006(1.0),"Birthplace and age for the census usually resident population count, (RC, TALB, SA2, Health), 2013, 2018, and 2023 Censuses",I,2023,2023,9999,Total - New Zealand by regional council,B1004,Chile,1,Under 15 years,423,,,
DATAFLOW,STATSNZ:CEN23_ECI_006(1.0),"Birthplace and age for the census usually resident population count, (RC, TALB, SA2, Health), 2013, 2018, and 2023 Censuses",I,2023,2023,9999,Total - New Zealand by regional council,B1106,Somalia,03,10-14 years,45,,,
DATAFLOW,STATSNZ:CEN23_ECI_006(1.0),"Birthplace and age for the census usually resident population count, (RC, TALB, SA2, Health), 2013, 2018, and 2023 Censuses",I,2023,2023,9999,Total - New Zealand by regional council,B0806,Other,04,15-19 years,33,,,
DATAFLOW,STATSNZ:CEN23_ECI_006(1.0),"Birthplace and age for the census usually resident population count, (RC, TALB, SA2, Health), 2013, 2018, and 2023 Censuses",I,2023,2023,9999,Total - New Zealand by regional council,B0707,Singapore,11,50-54 years,552,,,
DATAFLOW,STATSNZ:CEN23_ECI_006(1.0),"Birthplace and age for the census usually resident population count, (RC, TALB, SA2, Health), 2013, 2018, and 2023 Censuses",I,2023,2023,9999,Total - New Zealand by regional council,B0609,Other Oceania and Antarctica,Median,Median - age,33.9,,,
DATAFLOW,STATSNZ:CEN23_ECI_006(1.0),"Birthplace and age for the census usually resident population count, (RC, TALB, SA2, Health), 2013, 2018, and 2023 Censuses",I,2023,2023,9999,Total - New Zealand by regional council,B1003,Brazil,09,40-44 years,1770,,,
DATAFLOW,STATSNZ:CEN23_ECI_006(1.0),"Birthplace and age for the census usually resident population count, (RC, TALB, SA2, Health), 2013, 2018, and 2023 Censuses",I,2023,2023,9999,Total - New Zealand by regional council,B0504,Poland,3,30-64 years,1698,,,
DATAFLOW,STATSNZ:CEN23_ECI_006(1.0),"Birthplace and age for the census usually resident population count, (RC, TALB, SA2, Health), 2013, 2018, and 2023 Censuses",I,2023,2023,9999,Total - New Zealand by regional council,B,Overseas,18,85-89 years,17673,,,
DATAFLOW,STATSNZ:CEN23_ECI_006(1.0),"Birthplace and age for the census usually resident population count, (RC, TALB, SA2, Health), 2013, 2018, and 2023 Censuses",I,2023,2023,9999,Total - New Zealand by regional council,B1103,Kenya,09,40-44 years,105,,,
DATAFLOW,STATSNZ:CEN23_ECI_006(1.0),"Birthplace and age for the census usually resident population count, (RC, TALB, SA2, Health), 2013, 2018, and 2023 Censuses",I,2023,2023,9999,Total - New Zealand by regional council,B0203,Tonga,Median,Median - age,45.4,,,
DATAFLOW,STATSNZ:CEN23_ECI_006(1.0),"Birthplace and age for the census usually resident population count, (RC, TALB, SA2, Health), 2013, 2018, and 2023 Censuses",I,2023,2023,9999,Total - New Zealand by regional council,B0802,"Korea, Republic of",14,65-69 years,1728,,,
DATAFLOW,STATSNZ:CEN23_ECI_006(1.0),"Birthplace and age for the census usually resident population count, (RC, TALB, SA2, Health), 2013, 2018, and 2023 Censuses",I,2023,2023,9999,Total - New Zealand by regional council,B0801,"China, People's Republic of",11,50-54 years,10005,,,
DATAFLOW,STATSNZ:CEN23_ECI_006(1.0),"Birthplace and age for the census usually resident population count, (RC, TALB, SA2, Health), 2013, 2018, and 2023 Censuses",I,2023,2023,9999,Total - New Zealand by regional council,B0709,Other,3,30-64 years,954,,,
DATAFLOW,STATSNZ:CEN23_ECI_006(1.0),"Birthplace and age for the census usually resident population count, (RC, TALB, SA2, Health), 2013, 2018, and 2023 Censuses",I,2023,2023,9999,Total - New Zealand by regional council,B0708,Myanmar,15,70-74 years,87,,,
DATAFLOW,STATSNZ:CEN23_ECI_006(1.0),"Birthplace and age for the census usually resident population count, (RC, TALB, SA2, Health), 2013, 2018, and 2023 Censuses",I,2023,2023,9999,Total - New Zealand by regional council,B0606,Syria,04,15-19 years,258,,,
DATAFLOW,STATSNZ:CEN23_ECI_006(1.0),"Birthplace and age for the census usually resident population count, (RC, TALB, SA2, Health), 2013, 2018, and 2023 Censuses",I,2023,2023,9999,Total - New Zealand by regional council,B0510,Serbia,12,55-59 years,129,,,
DATAFLOW,STATSNZ:CEN23_ECI_006(1.0),"Birthplace and age for the census usually resident population count, (RC, TALB, SA2, Health), 2013, 2018, and 2023 Censuses",I,2023,2023,9999,Total - New Zealand by regional council,B04,North-West Europe,1,Under 15 years,14007,,,
DATAFLOW,STATSNZ:CEN23_ECI_006(1.0),"Birthplace and age for the census usually resident population count, (RC, TALB, SA2, Health), 2013, 2018, and 2023 Censuses",I,2023,2023,9999,Total - New Zealand by regional council,B0210,Tokelau,04,15-19 years,33,,,
DATAFLOW,STATSNZ:CEN23_ECI_006(1.0),"Birthplace and age for the census usually resident population count, (RC, TALB, SA2, Health), 2013, 2018, and 2023 Censuses",I,2023,2023,9999,Total - New Zealand by regional council,B0205,Niue,16,75-79 years,207,,,
DATAFLOW,STATSNZ:CEN23_ECI_006(1.0),"Birthplace and age for the census usually resident population count, (RC, TALB, SA2, Health), 2013, 2018, and 2023 Censuses",I,2023,2023,9999,Total - New Zealand by regional council,B0209,Papua New Guinea,03,10-14 years,48,,,
DATAFLOW,STATSNZ:CEN23_ECI_006(1.0),"Birthplace and age for the census usually resident population count, (RC, TALB, SA2, Health), 2013, 2018, and 2023 Censuses",I,2023,2023,9999,Total - New Zealand by regional council,B1001,United States of America,19,90 years and over,72,,,
DATAFLOW,STATSNZ:CEN23_ECI_006(1.0),"Birthplace and age for the census usually resident population count, (RC, TALB, SA2, Health), 2013, 2018, and 2023 Censuses",I,2023,2023,9999,Total - New Zealand by regional council,B0210,Tokelau,08,35-39 years,87,,,
DATAFLOW,STATSNZ:CEN23_ECI_006(1.0),"Birthplace and age for the census usually resident population count, (RC, TALB, SA2, Health), 2013, 2018, and 2023 Censuses",I,2023,2023,9999,Total - New Zealand by regional council,B0705,Cambodia,1,Under 15 years,228,,,
DATAFLOW,STATSNZ:CEN23_ECI_006(1.0),"Birthplace and age for the census usually resident population count, (RC, TALB, SA2, Health), 2013, 2018, and 2023 Censuses",I,2023,2023,9999,Total - New Zealand by regional council,B0503,Czech Republic,13,60-64 years,33,,,
DATAFLOW,STATSNZ:CEN23_ECI_006(1.0),"Birthplace and age for the census usually resident population count, (RC, TALB, SA2, Health), 2013, 2018, and 2023 Censuses",I,2023,2023,9999,Total - New Zealand by regional council,B0904,Afghanistan,18,85-89 years,9,,,
DATAFLOW,STATSNZ:CEN23_ECI_006(1.0),"Birthplace and age for the census usually resident population count, (RC, TALB, SA2, Health), 2013, 2018, and 2023 Censuses",I,2023,2023,9999,Total - New Zealand by regional council,B0801,"China, People's Republic of",3,30-64 years,92589,,,
DATAFLOW,STATSNZ:CEN23_ECI_006(1.0),"Birthplace and age for the census usually resident population count, (RC, TALB, SA2, Health), 2013, 2018, and 2023 Censuses",I,2023,2023,9999,Total - New Zealand by regional council,B0403,Germany,13,60-64 years,1260,,,
DATAFLOW,STATSNZ:CEN23_ECI_006(1.0),"Birthplace and age for the census usually resident population count, (RC, TALB, SA2, Health), 2013, 2018, and 2023 Censuses",I,2023,2023,9999,Total - New Zealand by regional council,B0505,Romania,3,30-64 years,1698,,,
DATAFLOW,STATSNZ:CEN23_ECI_006(1.0),"Birthplace and age for the census usually resident population count, (RC, TALB, SA2, Health), 2013, 2018, and 2023 Censuses",I,2023,2023,9999,Total - New Zealand by regional council,B0506,Ukraine,17,80-84 years,51,,,
DATAFLOW,STATSNZ:CEN23_ECI_006(1.0),"Birthplace and age for the census usually resident population count, (RC, TALB, SA2, Health), 2013, 2018, and 2023 Censuses",I,2023,2023,9999,Total - New Zealand by regional council,B1102,Zimbabwe,15,70-74 years,345,,,
DATAFLOW,STATSNZ:CEN23_ECI_006(1.0),"Birthplace and age for the census usually resident population count, (RC, TALB, SA2, Health), 2013, 2018, and 2023 Censuses",I,2023,2023,9999,Total - New Zealand by regional council,B0412,Denmark,18,85-89 years,72,,,
DATAFLOW,STATSNZ:CEN23_ECI_006(1.0),"Birthplace and age for the census usually resident population count, (RC, TALB, SA2, Health), 2013, 2018, and 2023 Censuses",I,2023,2023,9999,Total - New Zealand by regional council,B02,Pacific Islands,02,5-9 years,3309,,,
DATAFLOW,STATSNZ:CEN23_ECI_006(1.0),"Birthplace and age for the census usually resident population count, (RC, TALB, SA2, Health), 2013, 2018, and 2023 Censuses",I,2023,2023,9999,Total - New Zealand by regional council,B0705,Cambodia,09,40-44 years,1014,,,
DATAFLOW,STATSNZ:CEN23_ECI_006(1.0),"Birthplace and age for the census usually resident population count, (RC, TALB, SA2, Health), 2013, 2018, and 2023 Censuses",I,2023,2023,9999,Total - New Zealand by regional council,B0405,United Kingdom (not further defined),15,70-74 years,384,,,
DATAFLOW,STATSNZ:CEN23_ECI_006(1.0),"Birthplace and age for the census usually resident population count, (RC, TALB, SA2, Health), 2013, 2018, and 2023 Censuses",I,2023,2023,9999,Total - New Zealand by regional council,B08,North-East Asia,99,Total - age,214464,,,
DATAFLOW,STATSNZ:CEN23_ECI_006(1.0),"Birthplace and age for the census usually resident population count, (RC, TALB, SA2, Health), 2013, 2018, and 2023 Censuses",I,2023,2023,9999,Total - New Zealand by regional council,C,Not elsewhere included,10,45-49 years,1899,,,
DATAFLOW,STATSNZ:CEN23_ECI_006(1.0),"Birthplace and age for the census usually resident population count, (RC, TALB, SA2, Health), 2013, 2018, and 2023 Censuses",I,2023,2023,9999,Total - New Zealand by regional council,B0412,Denmark,13,60-64 years,84,,,
DATAFLOW,STATSNZ:CEN23_ECI_006(1.0),"Birthplace and age for the census usually resident population count, (RC, TALB, SA2, Health), 2013, 2018, and 2023 Censuses",I,2023,2023,9999,Total - New Zealand by regional council,B03,Other Oceania and Antarctica,12,55-59 years,0,,,
DATAFLOW,STATSNZ:CEN23_ECI_006(1.0),"Birthplace and age for the census usually resident population count, (RC, TALB, SA2, Health), 2013, 2018, and 2023 Censuses",I,2023,2023,9999,Total - New Zealand by regional council,B0201,Fiji,18,85-89 years,384,,,
DATAFLOW,STATSNZ:CEN23_ECI_006(1.0),"Birthplace and age for the census usually resident population count, (RC, TALB, SA2, Health), 2013, 2018, and 2023 Censuses",I,2023,2023,9999,Total - New Zealand by regional council,B08,North-East Asia,04,15-19 years,8121,,,
DATAFLOW,STATSNZ:CEN23_ECI_006(1.0),"Birthplace and age for the census usually resident population count, (RC, TALB, SA2, Health), 2013, 2018, and 2023 Censuses",I,2023,2023,9999,Total - New Zealand by regional council,B0706,Indonesia,17,80-84 years,162,,,
DATAFLOW,STATSNZ:CEN23_ECI_006(1.0),"Birthplace and age for the census usually resident population count, (RC, TALB, SA2, Health), 2013, 2018, and 2023 Censuses",I,2023,2023,9999,Total - New Zealand by regional council,B0802,"Korea, Republic of",09,40-44 years,3285,,,
DATAFLOW,STATSNZ:CEN23_ECI_006(1.0),"Birthplace and age for the census usually resident population count, (RC, TALB, SA2, Health), 2013, 2018, and 2023 Censuses",I,2023,2023,9999,Total - New Zealand by regional council,B0609,Other Oceania and Antarctica,11,50-54 years,285,,,
DATAFLOW,STATSNZ:CEN23_ECI_006(1.0),"Birthplace and age for the census usually resident population count, (RC, TALB, SA2, Health), 2013, 2018, and 2023 Censuses",I,2023,2023,9999,Total - New Zealand by regional council,B1106,Somalia,18,85-89 years,3,,,
DATAFLOW,STATSNZ:CEN23_ECI_006(1.0),"Birthplace and age for the census usually resident population count, (RC, TALB, SA2, Health), 2013, 2018, and 2023 Censuses",I,2023,2023,9999,Total - New Zealand by regional council,B0505,Romania,Median,Median - age,47.3,,,
DATAFLOW,STATSNZ:CEN23_ECI_006(1.0),"Birthplace and age for the census usually resident population count, (RC, TALB, SA2, Health), 2013, 2018, and 2023 Censuses",I,2023,2023,9999,Total - New Zealand by regional council,B1003,Brazil,18,85-89 years,0,,,
DATAFLOW,STATSNZ:CEN23_ECI_006(1.0),"Birthplace and age for the census usually resident population count, (RC, TALB, SA2, Health), 2013, 2018, and 2023 Censuses",I,2023,2023,9999,Total - New Zealand by regional council,B0411,Sweden,19,90 years and over,3,,,
DATAFLOW,STATSNZ:CEN23_ECI_006(1.0),"Birthplace and age for the census usually resident population count, (RC, TALB, SA2, Health), 2013, 2018, and 2023 Censuses",I,2023,2023,9999,Total - New Zealand by regional council,A,New Zealand,01,0-4 years,272979,,,
DATAFLOW,STATSNZ:CEN23_ECI_006(1.0),"Birthplace and age for the census usually resident population count, (RC, TALB, SA2, Health), 2013, 2018, and 2023 Censuses",I,2023,2023,9999,Total - New Zealand by regional council,B1101,South Africa,08,35-39 years,10443,,,
DATAFLOW,STATSNZ:CEN23_ECI_006(1.0),"Birthplace and age for the census usually resident population count, (RC, TALB, SA2, Health), 2013, 2018, and 2023 Censuses",I,2023,2023,9999,Total - New Zealand by regional council,B0603,Saudi Arabia,12,55-59 years,15,,,
DATAFLOW,STATSNZ:CEN23_ECI_006(1.0),"Birthplace and age for the census usually resident population count, (RC, TALB, SA2, Health), 2013, 2018, and 2023 Censuses",I,2023,2023,9999,Total - New Zealand by regional council,B0903,Pakistan,19,90 years and over,9,,,
DATAFLOW,STATSNZ:CEN23_ECI_006(1.0),"Birthplace and age for the census usually resident population count, (RC, TALB, SA2, Health), 2013, 2018, and 2023 Censuses",I,2023,2023,9999,Total - New Zealand by regional council,B0211,Solomon Islands,15,70-74 years,18,,,
DATAFLOW,STATSNZ:CEN23_ECI_006(1.0),"Birthplace and age for the census usually resident population count, (RC, TALB, SA2, Health), 2013, 2018, and 2023 Censuses",I,2023,2023,9999,Total - New Zealand by regional council,B0608,Turkey,12,55-59 years,81,,,
DATAFLOW,STATSNZ:CEN23_ECI_006(1.0),"Birthplace and age for the census usually resident population count, (RC, TALB, SA2, Health), 2013, 2018, and 2023 Censuses",I,2023,2023,9999,Total - New Zealand by regional council,B0411,Sweden,08,35-39 years,150,,,
DATAFLOW,STATSNZ:CEN23_ECI_006(1.0),"Birthplace and age for the census usually resident population count, (RC, TALB, SA2, Health), 2013, 2018, and 2023 Censuses",I,2023,2023,9999,Total - New Zealand by regional council,B0202,Samoa,2,15-29 years,14604,,,
DATAFLOW,STATSNZ:CEN23_ECI_006(1.0),"Birthplace and age for the census usually resident population count, (RC, TALB, SA2, Health), 2013, 2018, and 2023 Censuses",I,2023,2023,9999,Total - New Zealand by regional council,B0701,Philippines,02,5-9 years,2991,,,
DATAFLOW,STATSNZ:CEN23_ECI_006(1.0),"Birthplace and age for the census usually resident population count, (RC, TALB, SA2, Health), 2013, 2018, and 2023 Censuses",I,2023,2023,9999,Total - New Zealand by regional council,B0203,Tonga,99,Total - age,29328,,,
DATAFLOW,STATSNZ:CEN23_ECI_006(1.0),"Birthplace and age for the census usually resident population count, (RC, TALB, SA2, Health), 2013, 2018, and 2023 Censuses",I,2023,2023,9999,Total - New Zealand by regional council,B0202,Samoa,10,45-49 years,4431,,,
DATAFLOW,STATSNZ:CEN23_ECI_006(1.0),"Birthplace and age for the census usually resident population count, (RC, TALB, SA2, Health), 2013, 2018, and 2023 Censuses",I,2023,2023,9999,Total - New Zealand by regional council,B0603,Saudi Arabia,11,50-54 years,18,,,
DATAFLOW,STATSNZ:CEN23_ECI_006(1.0),"Birthplace and age for the census usually resident population count, (RC, TALB, SA2, Health), 2013, 2018, and 2023 Censuses",I,2023,2023,9999,Total - New Zealand by regional council,B11,Sub-Saharan Africa,2,15-29 years,21138,,,
DATAFLOW,STATSNZ:CEN23_ECI_006(1.0),"Birthplace and age for the census usually resident population count, (RC, TALB, SA2, Health), 2013, 2018, and 2023 Censuses",I,2023,2023,9999,Total - New Zealand by regional council,B0703,Thailand,01,0-4 years,66,,,
DATAFLOW,STATSNZ:CEN23_ECI_006(1.0),"Birthplace and age for the census usually resident population count, (RC, TALB, SA2, Health), 2013, 2018, and 2023 Censuses",I,2023,2023,9999,Total - New Zealand by regional council,B0701,Philippines,10,45-49 years,10782,,,
DATAFLOW,STATSNZ:CEN23_ECI_006(1.0),"Birthplace and age for the census usually resident population count, (RC, TALB, SA2, Health), 2013, 2018, and 2023 Censuses",I,2023,2023,9999,Total - New Zealand by regional council,B0410,Switzerland,08,35-39 years,195,,,
DATAFLOW,STATSNZ:CEN23_ECI_006(1.0),"Birthplace and age for the census usually resident population count, (RC, TALB, SA2, Health), 2013, 2018, and 2023 Censuses",I,2023,2023,9999,Total - New Zealand by regional council,B0509,Hungary,02,5-9 years,30,,,
DATAFLOW,STATSNZ:CEN23_ECI_006(1.0),"Birthplace and age for the census usually resident population count, (RC, TALB, SA2, Health), 2013, 2018, and 2023 Censuses",I,2023,2023,9999,Total - New Zealand by regional council,B1004,Chile,Median,Median - age,35.7,,,
DATAFLOW,STATSNZ:CEN23_ECI_006(1.0),"Birthplace and age for the census usually resident population count, (RC, TALB, SA2, Health), 2013, 2018, and 2023 Censuses",I,2023,2023,9999,Total - New Zealand by regional council,B0505,Romania,06,25-29 years,84,,,
DATAFLOW,STATSNZ:CEN23_ECI_006(1.0),"Birthplace and age for the census usually resident population count, (RC, TALB, SA2, Health), 2013, 2018, and 2023 Censuses",I,2023,2023,9999,Total - New Zealand by regional council,777777,Total stated - birthplace,04,15-19 years,317808,,,
DATAFLOW,STATSNZ:CEN23_ECI_006(1.0),"Birthplace and age for the census usually resident population count, (RC, TALB, SA2, Health), 2013, 2018, and 2023 Censuses",I,2023,2023,9999,Total - New Zealand by regional council,B1002,Canada,06,25-29 years,1089,,,
DATAFLOW,STATSNZ:CEN23_ECI_006(1.0),"Birthplace and age for the census usually resident population count, (RC, TALB, SA2, Health), 2013, 2018, and 2023 Censuses",I,2023,2023,9999,Total - New Zealand by regional council,B0903,Pakistan,03,10-14 years,612,,,
DATAFLOW,STATSNZ:CEN23_ECI_006(1.0),"Birthplace and age for the census usually resident population count, (RC, TALB, SA2, Health), 2013, 2018, and 2023 Censuses",I,2023,2023,9999,Total - New Zealand by regional council,B0403,Germany,07,30-34 years,1452,,,
DATAFLOW,STATSNZ:CEN23_ECI_006(1.0),"Birthplace and age for the census usually resident population count, (RC, TALB, SA2, Health), 2013, 2018, and 2023 Censuses",I,2023,2023,9999,Total - New Zealand by regional council,B0212,Other,08,35-39 years,297,,,
DATAFLOW,STATSNZ:CEN23_ECI_006(1.0),"Birthplace and age for the census usually resident population count, (RC, TALB, SA2, Health), 2013, 2018, and 2023 Censuses",I,2023,2023,9999,Total - New Zealand by regional council,B04,North-West Europe,08,35-39 years,18126,,,
DATAFLOW,STATSNZ:CEN23_ECI_006(1.0),"Birthplace and age for the census usually resident population count, (RC, TALB, SA2, Health), 2013, 2018, and 2023 Censuses",I,2023,2023,9999,Total - New Zealand by regional council,B0208,Tuvalu,16,75-79 years,30,,,
DATAFLOW,STATSNZ:CEN23_ECI_006(1.0),"Birthplace and age for the census usually resident population count, (RC, TALB, SA2, Health), 2013, 2018, and 2023 Censuses",I,2023,2023,9999,Total - New Zealand by regional council,B0410,Switzerland,1,Under 15 years,258,,,
DATAFLOW,STATSNZ:CEN23_ECI_006(1.0),"Birthplace and age for the census usually resident population count, (RC, TALB, SA2, Health), 2013, 2018, and 2023 Censuses",I,2023,2023,9999,Total - New Zealand by regional council,B0708,Myanmar,04,15-19 years,144,,,
DATAFLOW,STATSNZ:CEN23_ECI_006(1.0),"Birthplace and age for the census usually resident population count, (RC, TALB, SA2, Health), 2013, 2018, and 2023 Censuses",I,2023,2023,9999,Total - New Zealand by regional council,B0905,Nepal,14,65-69 years,45,,,
DATAFLOW,STATSNZ:CEN23_ECI_006(1.0),"Birthplace and age for the census usually resident population count, (RC, TALB, SA2, Health), 2013, 2018, and 2023 Censuses",I,2023,2023,9999,Total - New Zealand by regional council,B0609,Other Oceania and Antarctica,10,45-49 years,351,,,
DATAFLOW,STATSNZ:CEN23_ECI_006(1.0),"Birthplace and age for the census usually resident population count, (RC, TALB, SA2, Health), 2013, 2018, and 2023 Censuses",I,2023,2023,9999,Total - New Zealand by regional council,B0501,Russia,05,20-24 years,474,,,
DATAFLOW,STATSNZ:CEN23_ECI_006(1.0),"Birthplace and age for the census usually resident population count, (RC, TALB, SA2, Health), 2013, 2018, and 2023 Censuses",I,2023,2023,9999,Total - New Zealand by regional council,B0903,Pakistan,08,35-39 years,1056,,,
DATAFLOW,STATSNZ:CEN23_ECI_006(1.0),"Birthplace and age for the census usually resident population count, (RC, TALB, SA2, Health), 2013, 2018, and 2023 Censuses",I,2023,2023,9999,Total - New Zealand by regional council,B0506,Ukraine,12,55-59 years,159,,,
DATAFLOW,STATSNZ:CEN23_ECI_006(1.0),"Birthplace and age for the census usually resident population count, (RC, TALB, SA2, Health), 2013, 2018, and 2023 Censuses",I,2023,2023,9999,Total - New Zealand by regional council,B0907,Other,4,65 years and over,249,,,
DATAFLOW,STATSNZ:CEN23_ECI_006(1.0),"Birthplace and age for the census usually resident population count, (RC, TALB, SA2, Health), 2013, 2018, and 2023 Censuses",I,2023,2023,9999,Total - New Zealand by regional council,B1102,Zimbabwe,16,75-79 years,177,,,
DATAFLOW,STATSNZ:CEN23_ECI_006(1.0),"Birthplace and age for the census usually resident population count, (RC, TALB, SA2, Health), 2013, 2018, and 2023 Censuses",I,2023,2023,9999,Total - New Zealand by regional council,B0706,Indonesia,2,15-29 years,1773,,,
DATAFLOW,STATSNZ:CEN23_ECI_006(1.0),"Birthplace and age for the census usually resident population count, (RC, TALB, SA2, Health), 2013, 2018, and 2023 Censuses",I,2023,2023,9999,Total - New Zealand by regional council,B0907,Other,18,85-89 years,18,,,
DATAFLOW,STATSNZ:CEN23_ECI_006(1.0),"Birthplace and age for the census usually resident population count, (RC, TALB, SA2, Health), 2013, 2018, and 2023 Censuses",I,2023,2023,9999,Total - New Zealand by regional council,B0507,Croatia,1,Under 15 years,24,,,
DATAFLOW,STATSNZ:CEN23_ECI_006(1.0),"Birthplace and age for the census usually resident population count, (RC, TALB, SA2, Health), 2013, 2018, and 2023 Censuses",I,2023,2023,9999,Total - New Zealand by regional council,B0207,Kiribati,17,80-84 years,9,,,
DATAFLOW,STATSNZ:CEN23_ECI_006(1.0),"Birthplace and age for the census usually resident population count, (RC, TALB, SA2, Health), 2013, 2018, and 2023 Censuses",I,2023,2023,9999,Total - New Zealand by regional council,B1104,Zambia,Median,Median - age,57.8,,,
DATAFLOW,STATSNZ:CEN23_ECI_006(1.0),"Birthplace and age for the census usually resident population count, (RC, TALB, SA2, Health), 2013, 2018, and 2023 Censuses",I,2023,2023,9999,Total - New Zealand by regional council,B0204,Cook Islands,11,50-54 years,1284,,,
DATAFLOW,STATSNZ:CEN23_ECI_006(1.0),"Birthplace and age for the census usually resident population count, (RC, TALB, SA2, Health), 2013, 2018, and 2023 Censuses",I,2023,2023,9999,Total - New Zealand by regional council,B1004,Chile,19,90 years and over,3,,,
DATAFLOW,STATSNZ:CEN23_ECI_006(1.0),"Birthplace and age for the census usually resident population count, (RC, TALB, SA2, Health), 2013, 2018, and 2023 Censuses",I,2023,2023,9999,Total - New Zealand by regional council,B0406,Ireland,02,5-9 years,126,,,
DATAFLOW,STATSNZ:CEN23_ECI_006(1.0),"Birthplace and age for the census usually resident population count, (RC, TALB, SA2, Health), 2013, 2018, and 2023 Censuses",I,2023,2023,9999,Total - New Zealand by regional council,B05,Southern and Eastern Europe,1,Under 15 years,1917,,,
DATAFLOW,STATSNZ:CEN23_ECI_006(1.0),"Birthplace and age for the census usually resident population count, (RC, TALB, SA2, Health), 2013, 2018, and 2023 Censuses",I,2023,2023,9999,Total - New Zealand by regional council,B0507,Croatia,09,40-44 years,99,,,
DATAFLOW,STATSNZ:CEN23_ECI_006(1.0),"Birthplace and age for the census usually resident population count, (RC, TALB, SA2, Health), 2013, 2018, and 2023 Censuses",I,2023,2023,9999,Total - New Zealand by regional council,B09,Southern and Central Asia,17,80-84 years,1386,,,
DATAFLOW,STATSNZ:CEN23_ECI_006(1.0),"Birthplace and age for the census usually resident population count, (RC, TALB, SA2, Health), 2013, 2018, and 2023 Censuses",I,2023,2023,9999,Total - New Zealand by regional council,B1107,Other Sub-Saharan Africa,15,70-74 years,240,,,
DATAFLOW,STATSNZ:CEN23_ECI_006(1.0),"Birthplace and age for the census usually resident population count, (RC, TALB, SA2, Health), 2013, 2018, and 2023 Censuses",I,2023,2023,9999,Total - New Zealand by regional council,B0409,Northern Ireland,11,50-54 years,414,,,
DATAFLOW,STATSNZ:CEN23_ECI_006(1.0),"Birthplace and age for the census usually resident population count, (RC, TALB, SA2, Health), 2013, 2018, and 2023 Censuses",I,2023,2023,9999,Total - New Zealand by regional council,B08,North-East Asia,18,85-89 years,2040,,,
DATAFLOW,STATSNZ:CEN23_ECI_006(1.0),"Birthplace and age for the census usually resident population count, (RC, TALB, SA2, Health), 2013, 2018, and 2023 Censuses",I,2023,2023,9999,Total - New Zealand by regional council,B0207,Kiribati,3,30-64 years,1554,,,
DATAFLOW,STATSNZ:CEN23_ECI_006(1.0),"Birthplace and age for the census usually resident population count, (RC, TALB, SA2, Health), 2013, 2018, and 2023 Censuses",I,2023,2023,9999,Total - New Zealand by regional council,B0401,England,14,65-69 years,14133,,,
DATAFLOW,STATSNZ:CEN23_ECI_006(1.0),"Birthplace and age for the census usually resident population count, (RC, TALB, SA2, Health), 2013, 2018, and 2023 Censuses",I,2023,2023,9999,Total - New Zealand by regional council,B0511,Greece,3,30-64 years,345,,,
DATAFLOW,STATSNZ:CEN23_ECI_006(1.0),"Birthplace and age for the census usually resident population count, (RC, TALB, SA2, Health), 2013, 2018, and 2023 Censuses",I,2023,2023,9999,Total - New Zealand by regional council,B0406,Ireland,Median,Median - age,42,,,
DATAFLOW,STATSNZ:CEN23_ECI_006(1.0),"Birthplace and age for the census usually resident population count, (RC, TALB, SA2, Health), 2013, 2018, and 2023 Censuses",I,2023,2023,9999,Total - New Zealand by regional council,B0604,Egypt,10,45-49 years,156,,,
DATAFLOW,STATSNZ:CEN23_ECI_006(1.0),"Birthplace and age for the census usually resident population count, (RC, TALB, SA2, Health), 2013, 2018, and 2023 Censuses",I,2023,2023,9999,Total - New Zealand by regional council,B11,Sub-Saharan Africa,99,Total - age,117708,,,
DATAFLOW,STATSNZ:CEN23_ECI_006(1.0),"Birthplace and age for the census usually resident population count, (RC, TALB, SA2, Health), 2013, 2018, and 2023 Censuses",I,2023,2023,9999,Total - New Zealand by regional council,B0503,Czech Republic,18,85-89 years,18,,,
DATAFLOW,STATSNZ:CEN23_ECI_006(1.0),"Birthplace and age for the census usually resident population count, (RC, TALB, SA2, Health), 2013, 2018, and 2023 Censuses",I,2023,2023,9999,Total - New Zealand by regional council,B0503,Czech Republic,17,80-84 years,27,,,
DATAFLOW,STATSNZ:CEN23_ECI_006(1.0),"Birthplace and age for the census usually resident population count, (RC, TALB, SA2, Health), 2013, 2018, and 2023 Censuses",I,2023,2023,9999,Total - New Zealand by regional council,999999,Total - birthplace,17,80-84 years,107991,,,
DATAFLOW,STATSNZ:CEN23_ECI_006(1.0),"Birthplace and age for the census usually resident population count, (RC, TALB, SA2, Health), 2013, 2018, and 2023 Censuses",I,2023,2023,9999,Total - New Zealand by regional council,A,New Zealand,19,90 years and over,23658,,,
DATAFLOW,STATSNZ:CEN23_ECI_006(1.0),"Birthplace and age for the census usually resident population count, (RC, TALB, SA2, Health), 2013, 2018, and 2023 Censuses",I,2023,2023,9999,Total - New Zealand by regional council,B0608,Turkey,16,75-79 years,9,,,
DATAFLOW,STATSNZ:CEN23_ECI_006(1.0),"Birthplace and age for the census usually resident population count, (RC, TALB, SA2, Health), 2013, 2018, and 2023 Censuses",I,2023,2023,9999,Total - New Zealand by regional council,B11,Sub-Saharan Africa,12,55-59 years,7893,,,
DATAFLOW,STATSNZ:CEN23_ECI_006(1.0),"Birthplace and age for the census usually resident population count, (RC, TALB, SA2, Health), 2013, 2018, and 2023 Censuses",I,2023,2023,9999,Total - New Zealand by regional council,B1106,Somalia,09,40-44 years,156,,,
DATAFLOW,STATSNZ:CEN23_ECI_006(1.0),"Birthplace and age for the census usually resident population count, (RC, TALB, SA2, Health), 2013, 2018, and 2023 Censuses",I,2023,2023,9999,Total - New Zealand by regional council,B0505,Romania,99,Total - age,2256,,,
DATAFLOW,STATSNZ:CEN23_ECI_006(1.0),"Birthplace and age for the census usually resident population count, (RC, TALB, SA2, Health), 2013, 2018, and 2023 Censuses",I,2023,2023,9999,Total - New Zealand by regional council,B0406,Ireland,15,70-74 years,384,,,
DATAFLOW,STATSNZ:CEN23_ECI_006(1.0),"Birthplace and age for the census usually resident population count, (RC, TALB, SA2, Health), 2013, 2018, and 2023 Censuses",I,2023,2023,9999,Total - New Zealand by regional council,B0508,Spain,16,75-79 years,9,,,
DATAFLOW,STATSNZ:CEN23_ECI_006(1.0),"Birthplace and age for the census usually resident population count, (RC, TALB, SA2, Health), 2013, 2018, and 2023 Censuses",I,2023,2023,9999,Total - New Zealand by regional council,B0701,Philippines,13,60-64 years,2892,,,
DATAFLOW,STATSNZ:CEN23_ECI_006(1.0),"Birthplace and age for the census usually resident population count, (RC, TALB, SA2, Health), 2013, 2018, and 2023 Censuses",I,2023,2023,9999,Total - New Zealand by regional council,B0509,Hungary,03,10-14 years,57,,,
DATAFLOW,STATSNZ:CEN23_ECI_006(1.0),"Birthplace and age for the census usually resident population count, (RC, TALB, SA2, Health), 2013, 2018, and 2023 Censuses",I,2023,2023,9999,Total - New Zealand by regional council,B0406,Ireland,07,30-34 years,1116,,,
DATAFLOW,STATSNZ:CEN23_ECI_006(1.0),"Birthplace and age for the census usually resident population count, (RC, TALB, SA2, Health), 2013, 2018, and 2023 Censuses",I,2023,2023,9999,Total - New Zealand by regional council,B0503,Czech Republic,12,55-59 years,51,,,
DATAFLOW,STATSNZ:CEN23_ECI_006(1.0),"Birthplace and age for the census usually resident population count, (RC, TALB, SA2, Health), 2013, 2018, and 2023 Censuses",I,2023,2023,9999,Total - New Zealand by regional council,B1101,South Africa,11,50-54 years,8178,,,
DATAFLOW,STATSNZ:CEN23_ECI_006(1.0),"Birthplace and age for the census usually resident population count, (RC, TALB, SA2, Health), 2013, 2018, and 2023 Censuses",I,2023,2023,9999,Total - New Zealand by regional council,B0606,Syria,1,Under 15 years,411,,,
DATAFLOW,STATSNZ:CEN23_ECI_006(1.0),"Birthplace and age for the census usually resident population count, (RC, TALB, SA2, Health), 2013, 2018, and 2023 Censuses",I,2023,2023,9999,Total - New Zealand by regional council,B1006,Colombia,15,70-74 years,33,,,
DATAFLOW,STATSNZ:CEN23_ECI_006(1.0),"Birthplace and age for the census usually resident population count, (RC, TALB, SA2, Health), 2013, 2018, and 2023 Censuses",I,2023,2023,9999,Total - New Zealand by regional council,B0211,Solomon Islands,07,30-34 years,72,,,
DATAFLOW,STATSNZ:CEN23_ECI_006(1.0),"Birthplace and age for the census usually resident population count, (RC, TALB, SA2, Health), 2013, 2018, and 2023 Censuses",I,2023,2023,9999,Total - New Zealand by regional council,B0416,Other,17,80-84 years,57,,,
DATAFLOW,STATSNZ:CEN23_ECI_006(1.0),"Birthplace and age for the census usually resident population count, (RC, TALB, SA2, Health), 2013, 2018, and 2023 Censuses",I,2023,2023,9999,Total - New Zealand by regional council,B1006,Colombia,06,25-29 years,462,,,
DATAFLOW,STATSNZ:CEN23_ECI_006(1.0),"Birthplace and age for the census usually resident population count, (RC, TALB, SA2, Health), 2013, 2018, and 2023 Censuses",I,2023,2023,9999,Total - New Zealand by regional council,B0511,Greece,17,80-84 years,90,,,
DATAFLOW,STATSNZ:CEN23_ECI_006(1.0),"Birthplace and age for the census usually resident population count, (RC, TALB, SA2, Health), 2013, 2018, and 2023 Censuses",I,2023,2023,9999,Total - New Zealand by regional council,B0802,"Korea, Republic of",Median,Median - age,41.7,,,
DATAFLOW,STATSNZ:CEN23_ECI_006(1.0),"Birthplace and age for the census usually resident population count, (RC, TALB, SA2, Health), 2013, 2018, and 2023 Censuses",I,2023,2023,9999,Total - New Zealand by regional council,B1002,Canada,11,50-54 years,1011,,,
DATAFLOW,STATSNZ:CEN23_ECI_006(1.0),"Birthplace and age for the census usually resident population count, (RC, TALB, SA2, Health), 2013, 2018, and 2023 Censuses",I,2023,2023,9999,Total - New Zealand by regional council,B0806,Other,12,55-59 years,9,,,
DATAFLOW,STATSNZ:CEN23_ECI_006(1.0),"Birthplace and age for the census usually resident population count, (RC, TALB, SA2, Health), 2013, 2018, and 2023 Censuses",I,2023,2023,9999,Total - New Zealand by regional council,B0405,United Kingdom (not further defined),04,15-19 years,243,,,
DATAFLOW,STATSNZ:CEN23_ECI_006(1.0),"Birthplace and age for the census usually resident population count, (RC, TALB, SA2, Health), 2013, 2018, and 2023 Censuses",I,2023,2023,9999,Total - New Zealand by regional council,B05,Southern and Eastern Europe,Median,Median - age,42.4,,,
DATAFLOW,STATSNZ:CEN23_ECI_006(1.0),"Birthplace and age for the census usually resident population count, (RC, TALB, SA2, Health), 2013, 2018, and 2023 Censuses",I,2023,2023,9999,Total - New Zealand by regional council,B0601,Iraq,05,20-24 years,240,,,
DATAFLOW,STATSNZ:CEN23_ECI_006(1.0),"Birthplace and age for the census usually resident population count, (RC, TALB, SA2, Health), 2013, 2018, and 2023 Censuses",I,2023,2023,9999,Total - New Zealand by regional council,B1105,Ethiopia,09,40-44 years,177,,,
DATAFLOW,STATSNZ:CEN23_ECI_006(1.0),"Birthplace and age for the census usually resident population count, (RC, TALB, SA2, Health), 2013, 2018, and 2023 Censuses",I,2023,2023,9999,Total - New Zealand by regional council,B0704,Viet Nam,10,45-49 years,963,,,
DATAFLOW,STATSNZ:CEN23_ECI_006(1.0),"Birthplace and age for the census usually resident population count, (RC, TALB, SA2, Health), 2013, 2018, and 2023 Censuses",I,2023,2023,9999,Total - New Zealand by regional council,B1007,Mexico,2,15-29 years,336,,,
DATAFLOW,STATSNZ:CEN23_ECI_006(1.0),"Birthplace and age for the census usually resident population count, (RC, TALB, SA2, Health), 2013, 2018, and 2023 Censuses",I,2023,2023,9999,Total - New Zealand by regional council,B1007,Mexico,18,85-89 years,9,,,
DATAFLOW,STATSNZ:CEN23_ECI_006(1.0),"Birthplace and age for the census usually resident population count, (RC, TALB, SA2, Health), 2013, 2018, and 2023 Censuses",I,2023,2023,9999,Total - New Zealand by regional council,B0416,Other,99,Total - age,1776,,,
DATAFLOW,STATSNZ:CEN23_ECI_006(1.0),"Birthplace and age for the census usually resident population count, (RC, TALB, SA2, Health), 2013, 2018, and 2023 Censuses",I,2023,2023,9999,Total - New Zealand by regional council,B0708,Myanmar,10,45-49 years,390,,,
DATAFLOW,STATSNZ:CEN23_ECI_006(1.0),"Birthplace and age for the census usually resident population count, (RC, TALB, SA2, Health), 2013, 2018, and 2023 Censuses",I,2023,2023,9999,Total - New Zealand by regional council,B06,North Africa and the Middle East,17,80-84 years,225,,,
DATAFLOW,STATSNZ:CEN23_ECI_006(1.0),"Birthplace and age for the census usually resident population count, (RC, TALB, SA2, Health), 2013, 2018, and 2023 Censuses",I,2023,2023,9999,Total - New Zealand by regional council,B1007,Mexico,1,Under 15 years,114,,,
DATAFLOW,STATSNZ:CEN23_ECI_006(1.0),"Birthplace and age for the census usually resident population count, (RC, TALB, SA2, Health), 2013, 2018, and 2023 Censuses",I,2023,2023,9999,Total - New Zealand by regional council,B0602,Iran,10,45-49 years,498,,,
DATAFLOW,STATSNZ:CEN23_ECI_006(1.0),"Birthplace and age for the census usually resident population count, (RC, TALB, SA2, Health), 2013, 2018, and 2023 Censuses",I,2023,2023,9999,Total - New Zealand by regional council,B0201,Fiji,15,70-74 years,2481,,,
DATAFLOW,STATSNZ:CEN23_ECI_006(1.0),"Birthplace and age for the census usually resident population count, (RC, TALB, SA2, Health), 2013, 2018, and 2023 Censuses",I,2023,2023,9999,Total - New Zealand by regional council,B0501,Russia,2,15-29 years,1512,,,
DATAFLOW,STATSNZ:CEN23_ECI_006(1.0),"Birthplace and age for the census usually resident population count, (RC, TALB, SA2, Health), 2013, 2018, and 2023 Censuses",I,2023,2023,9999,Total - New Zealand by regional council,B0405,United Kingdom (not further defined),Median,Median - age,44.8,,,
DATAFLOW,STATSNZ:CEN23_ECI_006(1.0),"Birthplace and age for the census usually resident population count, (RC, TALB, SA2, Health), 2013, 2018, and 2023 Censuses",I,2023,2023,9999,Total - New Zealand by regional council,999999,Total - birthplace,16,75-79 years,163632,,,
DATAFLOW,STATSNZ:CEN23_ECI_006(1.0),"Birthplace and age for the census usually resident population count, (RC, TALB, SA2, Health), 2013, 2018, and 2023 Censuses",I,2023,2023,9999,Total - New Zealand by regional council,B0510,Serbia,15,70-74 years,81,,,
DATAFLOW,STATSNZ:CEN23_ECI_006(1.0),"Birthplace and age for the census usually resident population count, (RC, TALB, SA2, Health), 2013, 2018, and 2023 Censuses",I,2023,2023,9999,Total - New Zealand by regional council,B0205,Niue,05,20-24 years,63,,,
DATAFLOW,STATSNZ:CEN23_ECI_006(1.0),"Birthplace and age for the census usually resident population count, (RC, TALB, SA2, Health), 2013, 2018, and 2023 Censuses",I,2023,2023,9999,Total - New Zealand by regional council,B0802,"Korea, Republic of",02,5-9 years,828,,,
DATAFLOW,STATSNZ:CEN23_ECI_006(1.0),"Birthplace and age for the census usually resident population count, (RC, TALB, SA2, Health), 2013, 2018, and 2023 Censuses",I,2023,2023,9999,Total - New Zealand by regional council,B0606,Syria,99,Total - age,1911,,,
DATAFLOW,STATSNZ:CEN23_ECI_006(1.0),"Birthplace and age for the census usually resident population count, (RC, TALB, SA2, Health), 2013, 2018, and 2023 Censuses",I,2023,2023,9999,Total - New Zealand by regional council,B0201,Fiji,06,25-29 years,5307,,,
DATAFLOW,STATSNZ:CEN23_ECI_006(1.0),"Birthplace and age for the census usually resident population count, (RC, TALB, SA2, Health), 2013, 2018, and 2023 Censuses",I,2023,2023,9999,Total - New Zealand by regional council,B0806,Other,02,5-9 years,30,,,
DATAFLOW,STATSNZ:CEN23_ECI_006(1.0),"Birthplace and age for the census usually resident population count, (RC, TALB, SA2, Health), 2013, 2018, and 2023 Censuses",I,2023,2023,9999,Total - New Zealand by regional council,B1107,Other Sub-Saharan Africa,07,30-34 years,603,,,
DATAFLOW,STATSNZ:CEN23_ECI_006(1.0),"Birthplace and age for the census usually resident population count, (RC, TALB, SA2, Health), 2013, 2018, and 2023 Censuses",I,2023,2023,9999,Total - New Zealand by regional council,B0411,Sweden,2,15-29 years,315,,,
DATAFLOW,STATSNZ:CEN23_ECI_006(1.0),"Birthplace and age for the census usually resident population count, (RC, TALB, SA2, Health), 2013, 2018, and 2023 Censuses",I,2023,2023,9999,Total - New Zealand by regional council,B0709,Other,07,30-34 years,90,,,
DATAFLOW,STATSNZ:CEN23_ECI_006(1.0),"Birthplace and age for the census usually resident population count, (RC, TALB, SA2, Health), 2013, 2018, and 2023 Censuses",I,2023,2023,9999,Total - New Zealand by regional council,B01,Australia,08,35-39 years,6210,,,
DATAFLOW,STATSNZ:CEN23_ECI_006(1.0),"Birthplace and age for the census usually resident population count, (RC, TALB, SA2, Health), 2013, 2018, and 2023 Censuses",I,2023,2023,9999,Total - New Zealand by regional council,777777,Total stated - birthplace,2,15-29 years,957399,,,
DATAFLOW,STATSNZ:CEN23_ECI_006(1.0),"Birthplace and age for the census usually resident population count, (RC, TALB, SA2, Health), 2013, 2018, and 2023 Censuses",I,2023,2023,9999,Total - New Zealand by regional council,B09,Southern and Central Asia,10,45-49 years,10761,,,
DATAFLOW,STATSNZ:CEN23_ECI_006(1.0),"Birthplace and age for the census usually resident population count, (RC, TALB, SA2, Health), 2013, 2018, and 2023 Censuses",I,2023,2023,9999,Total - New Zealand by regional council,B1006,Colombia,10,45-49 years,291,,,
DATAFLOW,STATSNZ:CEN23_ECI_006(1.0),"Birthplace and age for the census usually resident population count, (RC, TALB, SA2, Health), 2013, 2018, and 2023 Censuses",I,2023,2023,9999,Total - New Zealand by regional council,B06,North Africa and the Middle East,04,15-19 years,1641,,,
DATAFLOW,STATSNZ:CEN23_ECI_006(1.0),"Birthplace and age for the census usually resident population count, (RC, TALB, SA2, Health), 2013, 2018, and 2023 Censuses",I,2023,2023,9999,Total - New Zealand by regional council,B02,Pacific Islands,99,Total - age,188277,,,
DATAFLOW,STATSNZ:CEN23_ECI_006(1.0),"Birthplace and age for the census usually resident population count, (RC, TALB, SA2, Health), 2013, 2018, and 2023 Censuses",I,2023,2023,9999,Total - New Zealand by regional council,B0906,Bangladesh,06,25-29 years,414,,,
DATAFLOW,STATSNZ:CEN23_ECI_006(1.0),"Birthplace and age for the census usually resident population count, (RC, TALB, SA2, Health), 2013, 2018, and 2023 Censuses",I,2023,2023,9999,Total - New Zealand by regional council,B0405,United Kingdom (not further defined),11,50-54 years,678,,,
DATAFLOW,STATSNZ:CEN23_ECI_006(1.0),"Birthplace and age for the census usually resident population count, (RC, TALB, SA2, Health), 2013, 2018, and 2023 Censuses",I,2023,2023,9999,Total - New Zealand by regional council,B0701,Philippines,09,40-44 years,14040,,,
DATAFLOW,STATSNZ:CEN23_ECI_006(1.0),"Birthplace and age for the census usually resident population count, (RC, TALB, SA2, Health), 2013, 2018, and 2023 Censuses",I,2023,2023,9999,Total - New Zealand by regional council,B0401,England,09,40-44 years,10689,,,
DATAFLOW,STATSNZ:CEN23_ECI_006(1.0),"Birthplace and age for the census usually resident population count, (RC, TALB, SA2, Health), 2013, 2018, and 2023 Censuses",I,2023,2023,9999,Total - New Zealand by regional council,B0206,Vanuatu,17,80-84 years,3,,,
DATAFLOW,STATSNZ:CEN23_ECI_006(1.0),"Birthplace and age for the census usually resident population count, (RC, TALB, SA2, Health), 2013, 2018, and 2023 Censuses",I,2023,2023,9999,Total - New Zealand by regional council,B1003,Brazil,Median,Median - age,36.2,,,
DATAFLOW,STATSNZ:CEN23_ECI_006(1.0),"Birthplace and age for the census usually resident population count, (RC, TALB, SA2, Health), 2013, 2018, and 2023 Censuses",I,2023,2023,9999,Total - New Zealand by regional council,B0605,United Arab Emirates,12,55-59 years,3,,,
DATAFLOW,STATSNZ:CEN23_ECI_006(1.0),"Birthplace and age for the census usually resident population count, (RC, TALB, SA2, Health), 2013, 2018, and 2023 Censuses",I,2023,2023,9999,Total - New Zealand by regional council,B0608,Turkey,19,90 years and over,3,,,
DATAFLOW,STATSNZ:CEN23_ECI_006(1.0),"Birthplace and age for the census usually resident population count, (RC, TALB, SA2, Health), 2013, 2018, and 2023 Censuses",I,2023,2023,9999,Total - New Zealand by regional council,777777,Total stated - birthplace,15,70-74 years,211935,,,
DATAFLOW,STATSNZ:CEN23_ECI_006(1.0),"Birthplace and age for the census usually resident population count, (RC, TALB, SA2, Health), 2013, 2018, and 2023 Censuses",I,2023,2023,9999,Total - New Zealand by regional council,B1106,Somalia,13,60-64 years,54,,,
DATAFLOW,STATSNZ:CEN23_ECI_006(1.0),"Birthplace and age for the census usually resident population count, (RC, TALB, SA2, Health), 2013, 2018, and 2023 Censuses",I,2023,2023,9999,Total - New Zealand by regional council,B0208,Tuvalu,10,45-49 years,171,,,
DATAFLOW,STATSNZ:CEN23_ECI_006(1.0),"Birthplace and age for the census usually resident population count, (RC, TALB, SA2, Health), 2013, 2018, and 2023 Censuses",I,2023,2023,9999,Total - New Zealand by regional council,B0804,Hong Kong (Special Administrative Region),15,70-74 years,990,,,
DATAFLOW,STATSNZ:CEN23_ECI_006(1.0),"Birthplace and age for the census usually resident population count, (RC, TALB, SA2, Health), 2013, 2018, and 2023 Censuses",I,2023,2023,9999,Total - New Zealand by regional council,B08,North-East Asia,06,25-29 years,16014,,,
DATAFLOW,STATSNZ:CEN23_ECI_006(1.0),"Birthplace and age for the census usually resident population count, (RC, TALB, SA2, Health), 2013, 2018, and 2023 Censuses",I,2023,2023,9999,Total - New Zealand by regional council,B0212,Other,4,65 years and over,228,,,
DATAFLOW,STATSNZ:CEN23_ECI_006(1.0),"Birthplace and age for the census usually resident population count, (RC, TALB, SA2, Health), 2013, 2018, and 2023 Censuses",I,2023,2023,9999,Total - New Zealand by regional council,B0401,England,1,Under 15 years,9360,,,
DATAFLOW,STATSNZ:CEN23_ECI_006(1.0),"Birthplace and age for the census usually resident population count, (RC, TALB, SA2, Health), 2013, 2018, and 2023 Censuses",I,2023,2023,9999,Total - New Zealand by regional council,B0806,Other,05,20-24 years,36,,,
DATAFLOW,STATSNZ:CEN23_ECI_006(1.0),"Birthplace and age for the census usually resident population count, (RC, TALB, SA2, Health), 2013, 2018, and 2023 Censuses",I,2023,2023,9999,Total - New Zealand by regional council,B03,Other Oceania and Antarctica,2,15-29 years,3,,,
DATAFLOW,STATSNZ:CEN23_ECI_006(1.0),"Birthplace and age for the census usually resident population count, (RC, TALB, SA2, Health), 2013, 2018, and 2023 Censuses",I,2023,2023,9999,Total - New Zealand by regional council,B0415,Channel Islands,13,60-64 years,78,,,
DATAFLOW,STATSNZ:CEN23_ECI_006(1.0),"Birthplace and age for the census usually resident population count, (RC, TALB, SA2, Health), 2013, 2018, and 2023 Censuses",I,2023,2023,9999,Total - New Zealand by regional council,B0509,Hungary,11,50-54 years,147,,,
DATAFLOW,STATSNZ:CEN23_ECI_006(1.0),"Birthplace and age for the census usually resident population count, (RC, TALB, SA2, Health), 2013, 2018, and 2023 Censuses",I,2023,2023,9999,Total - New Zealand by regional council,B0416,Other,09,40-44 years,141,,,
DATAFLOW,STATSNZ:CEN23_ECI_006(1.0),"Birthplace and age for the census usually resident population count, (RC, TALB, SA2, Health), 2013, 2018, and 2023 Censuses",I,2023,2023,9999,Total - New Zealand by regional council,B0706,Indonesia,16,75-79 years,159,,,
DATAFLOW,STATSNZ:CEN23_ECI_006(1.0),"Birthplace and age for the census usually resident population count, (RC, TALB, SA2, Health), 2013, 2018, and 2023 Censuses",I,2023,2023,9999,Total - New Zealand by regional council,B02,Pacific Islands,01,0-4 years,840,,,
DATAFLOW,STATSNZ:CEN23_ECI_006(1.0),"Birthplace and age for the census usually resident population count, (RC, TALB, SA2, Health), 2013, 2018, and 2023 Censuses",I,2023,2023,9999,Total - New Zealand by regional council,B10,The Americas,08,35-39 years,10350,,,
DATAFLOW,STATSNZ:CEN23_ECI_006(1.0),"Birthplace and age for the census usually resident population count, (RC, TALB, SA2, Health), 2013, 2018, and 2023 Censuses",I,2023,2023,9999,Total - New Zealand by regional council,B1004,Chile,05,20-24 years,264,,,
DATAFLOW,STATSNZ:CEN23_ECI_006(1.0),"Birthplace and age for the census usually resident population count, (RC, TALB, SA2, Health), 2013, 2018, and 2023 Censuses",I,2023,2023,9999,Total - New Zealand by regional council,B0903,Pakistan,10,45-49 years,483,,,
DATAFLOW,STATSNZ:CEN23_ECI_006(1.0),"Birthplace and age for the census usually resident population count, (RC, TALB, SA2, Health), 2013, 2018, and 2023 Censuses",I,2023,2023,9999,Total - New Zealand by regional council,B0604,Egypt,03,10-14 years,150,,,
DATAFLOW,STATSNZ:CEN23_ECI_006(1.0),"Birthplace and age for the census usually resident population count, (RC, TALB, SA2, Health), 2013, 2018, and 2023 Censuses",I,2023,2023,9999,Total - New Zealand by regional council,B0906,Bangladesh,01,0-4 years,33,,,
DATAFLOW,STATSNZ:CEN23_ECI_006(1.0),"Birthplace and age for the census usually resident population count, (RC, TALB, SA2, Health), 2013, 2018, and 2023 Censuses",I,2023,2023,9999,Total - New Zealand by regional council,777777,Total stated - birthplace,10,45-49 years,300321,,,
DATAFLOW,STATSNZ:CEN23_ECI_006(1.0),"Birthplace and age for the census usually resident population count, (RC, TALB, SA2, Health), 2013, 2018, and 2023 Censuses",I,2023,2023,9999,Total - New Zealand by regional council,B0403,Germany,1,Under 15 years,756,,,
DATAFLOW,STATSNZ:CEN23_ECI_006(1.0),"Birthplace and age for the census usually resident population count, (RC, TALB, SA2, Health), 2013, 2018, and 2023 Censuses",I,2023,2023,9999,Total - New Zealand by regional council,B0704,Viet Nam,16,75-79 years,153,,,
DATAFLOW,STATSNZ:CEN23_ECI_006(1.0),"Birthplace and age for the census usually resident population count, (RC, TALB, SA2, Health), 2013, 2018, and 2023 Censuses",I,2023,2023,9999,Total - New Zealand by regional council,B0705,Cambodia,15,70-74 years,417,,,
DATAFLOW,STATSNZ:CEN23_ECI_006(1.0),"Birthplace and age for the census usually resident population count, (RC, TALB, SA2, Health), 2013, 2018, and 2023 Censuses",I,2023,2023,9999,Total - New Zealand by regional council,B0801,"China, People's Republic of",13,60-64 years,6747,,,
DATAFLOW,STATSNZ:CEN23_ECI_006(1.0),"Birthplace and age for the census usually resident population count, (RC, TALB, SA2, Health), 2013, 2018, and 2023 Censuses",I,2023,2023,9999,Total - New Zealand by regional council,B1101,South Africa,1,Under 15 years,11946,,,
DATAFLOW,STATSNZ:CEN23_ECI_006(1.0),"Birthplace and age for the census usually resident population count, (RC, TALB, SA2, Health), 2013, 2018, and 2023 Censuses",I,2023,2023,9999,Total - New Zealand by regional council,B0411,Sweden,01,0-4 years,21,,,
DATAFLOW,STATSNZ:CEN23_ECI_006(1.0),"Birthplace and age for the census usually resident population count, (RC, TALB, SA2, Health), 2013, 2018, and 2023 Censuses",I,2023,2023,9999,Total - New Zealand by regional council,B0510,Serbia,16,75-79 years,33,,,
DATAFLOW,STATSNZ:CEN23_ECI_006(1.0),"Birthplace and age for the census usually resident population count, (RC, TALB, SA2, Health), 2013, 2018, and 2023 Censuses",I,2023,2023,9999,Total - New Zealand by regional council,B0509,Hungary,4,65 years and over,327,,,
DATAFLOW,STATSNZ:CEN23_ECI_006(1.0),"Birthplace and age for the census usually resident population count, (RC, TALB, SA2, Health), 2013, 2018, and 2023 Censuses",I,2023,2023,9999,Total - New Zealand by regional council,B0415,Channel Islands,11,50-54 years,99,,,
DATAFLOW,STATSNZ:CEN23_ECI_006(1.0),"Birthplace and age for the census usually resident population count, (RC, TALB, SA2, Health), 2013, 2018, and 2023 Censuses",I,2023,2023,9999,Total - New Zealand by regional council,B1003,Brazil,04,15-19 years,375,,,
DATAFLOW,STATSNZ:CEN23_ECI_006(1.0),"Birthplace and age for the census usually resident population count, (RC, TALB, SA2, Health), 2013, 2018, and 2023 Censuses",I,2023,2023,9999,Total - New Zealand by regional council,B,Overseas,03,10-14 years,55032,,,
DATAFLOW,STATSNZ:CEN23_ECI_006(1.0),"Birthplace and age for the census usually resident population count, (RC, TALB, SA2, Health), 2013, 2018, and 2023 Censuses",I,2023,2023,9999,Total - New Zealand by regional council,B0402,Scotland,Median,Median - age,60.2,,,
DATAFLOW,STATSNZ:CEN23_ECI_006(1.0),"Birthplace and age for the census usually resident population count, (RC, TALB, SA2, Health), 2013, 2018, and 2023 Censuses",I,2023,2023,9999,Total - New Zealand by regional council,B0905,Nepal,16,75-79 years,18,,,
DATAFLOW,STATSNZ:CEN23_ECI_006(1.0),"Birthplace and age for the census usually resident population count, (RC, TALB, SA2, Health), 2013, 2018, and 2023 Censuses",I,2023,2023,9999,Total - New Zealand by regional council,B0202,Samoa,02,5-9 years,1254,,,
DATAFLOW,STATSNZ:CEN23_ECI_006(1.0),"Birthplace and age for the census usually resident population count, (RC, TALB, SA2, Health), 2013, 2018, and 2023 Censuses",I,2023,2023,9999,Total - New Zealand by regional council,B0705,Cambodia,16,75-79 years,237,,,
DATAFLOW,STATSNZ:CEN23_ECI_006(1.0),"Birthplace and age for the census usually resident population count, (RC, TALB, SA2, Health), 2013, 2018, and 2023 Censuses",I,2023,2023,9999,Total - New Zealand by regional council,B0903,Pakistan,17,80-84 years,48,,,
DATAFLOW,STATSNZ:CEN23_ECI_006(1.0),"Birthplace and age for the census usually resident population count, (RC, TALB, SA2, Health), 2013, 2018, and 2023 Censuses",I,2023,2023,9999,Total - New Zealand by regional council,B0406,Ireland,04,15-19 years,339,,,
DATAFLOW,STATSNZ:CEN23_ECI_006(1.0),"Birthplace and age for the census usually resident population count, (RC, TALB, SA2, Health), 2013, 2018, and 2023 Censuses",I,2023,2023,9999,Total - New Zealand by regional council,B0805,Taiwan,3,30-64 years,6804,,,
DATAFLOW,STATSNZ:CEN23_ECI_006(1.0),"Birthplace and age for the census usually resident population count, (RC, TALB, SA2, Health), 2013, 2018, and 2023 Censuses",I,2023,2023,9999,Total - New Zealand by regional council,B1004,Chile,06,25-29 years,579,,,
DATAFLOW,STATSNZ:CEN23_ECI_006(1.0),"Birthplace and age for the census usually resident population count, (RC, TALB, SA2, Health), 2013, 2018, and 2023 Censuses",I,2023,2023,9999,Total - New Zealand by regional council,B1007,Mexico,15,70-74 years,15,,,
DATAFLOW,STATSNZ:CEN23_ECI_006(1.0),"Birthplace and age for the census usually resident population count, (RC, TALB, SA2, Health), 2013, 2018, and 2023 Censuses",I,2023,2023,9999,Total - New Zealand by regional council,B0504,Poland,09,40-44 years,453,,,
DATAFLOW,STATSNZ:CEN23_ECI_006(1.0),"Birthplace and age for the census usually resident population count, (RC, TALB, SA2, Health), 2013, 2018, and 2023 Censuses",I,2023,2023,9999,Total - New Zealand by regional council,B03,Other Oceania and Antarctica,04,15-19 years,0,,,
DATAFLOW,STATSNZ:CEN23_ECI_006(1.0),"Birthplace and age for the census usually resident population count, (RC, TALB, SA2, Health), 2013, 2018, and 2023 Censuses",I,2023,2023,9999,Total - New Zealand by regional council,B0608,Turkey,11,50-54 years,120,,,
DATAFLOW,STATSNZ:CEN23_ECI_006(1.0),"Birthplace and age for the census usually resident population count, (RC, TALB, SA2, Health), 2013, 2018, and 2023 Censuses",I,2023,2023,9999,Total - New Zealand by regional council,B0502,Italy,03,10-14 years,105,,,
DATAFLOW,STATSNZ:CEN23_ECI_006(1.0),"Birthplace and age for the census usually resident population count, (RC, TALB, SA2, Health), 2013, 2018, and 2023 Censuses",I,2023,2023,9999,Total - New Zealand by regional council,B0404,Netherlands,08,35-39 years,681,,,
DATAFLOW,STATSNZ:CEN23_ECI_006(1.0),"Birthplace and age for the census usually resident population count, (RC, TALB, SA2, Health), 2013, 2018, and 2023 Censuses",I,2023,2023,9999,Total - New Zealand by regional council,777777,Total stated - birthplace,19,90 years and over,32826,,,
DATAFLOW,STATSNZ:CEN23_ECI_006(1.0),"Birthplace and age for the census usually resident population count, (RC, TALB, SA2, Health), 2013, 2018, and 2023 Censuses",I,2023,2023,9999,Total - New Zealand by regional council,B1101,South Africa,4,65 years and over,8874,,,
DATAFLOW,STATSNZ:CEN23_ECI_006(1.0),"Birthplace and age for the census usually resident population count, (RC, TALB, SA2, Health), 2013, 2018, and 2023 Censuses",I,2023,2023,9999,Total - New Zealand by regional council,B0801,"China, People's Republic of",17,80-84 years,2439,,,
DATAFLOW,STATSNZ:CEN23_ECI_006(1.0),"Birthplace and age for the census usually resident population count, (RC, TALB, SA2, Health), 2013, 2018, and 2023 Censuses",I,2023,2023,9999,Total - New Zealand by regional council,B0902,Sri Lanka,18,85-89 years,147,,,
DATAFLOW,STATSNZ:CEN23_ECI_006(1.0),"Birthplace and age for the census usually resident population count, (RC, TALB, SA2, Health), 2013, 2018, and 2023 Censuses",I,2023,2023,9999,Total - New Zealand by regional council,B12,At sea,Median,Median - age,,,c,Confidential
DATAFLOW,STATSNZ:CEN23_ECI_006(1.0),"Birthplace and age for the census usually resident population count, (RC, TALB, SA2, Health), 2013, 2018, and 2023 Censuses",I,2023,2023,9999,Total - New Zealand by regional council,B1102,Zimbabwe,14,65-69 years,642,,,
DATAFLOW,STATSNZ:CEN23_ECI_006(1.0),"Birthplace and age for the census usually resident population count, (RC, TALB, SA2, Health), 2013, 2018, and 2023 Censuses",I,2023,2023,9999,Total - New Zealand by regional council,B0211,Solomon Islands,11,50-54 years,81,,,
DATAFLOW,STATSNZ:CEN23_ECI_006(1.0),"Birthplace and age for the census usually resident population count, (RC, TALB, SA2, Health), 2013, 2018, and 2023 Censuses",I,2023,2023,9999,Total - New Zealand by regional council,B0606,Syria,14,65-69 years,39,,,
DATAFLOW,STATSNZ:CEN23_ECI_006(1.0),"Birthplace and age for the census usually resident population count, (RC, TALB, SA2, Health), 2013, 2018, and 2023 Censuses",I,2023,2023,9999,Total - New Zealand by regional council,B0504,Poland,05,20-24 years,51,,,
DATAFLOW,STATSNZ:CEN23_ECI_006(1.0),"Birthplace and age for the census usually resident population count, (RC, TALB, SA2, Health), 2013, 2018, and 2023 Censuses",I,2023,2023,9999,Total - New Zealand by regional council,B0708,Myanmar,99,Total - age,3648,,,
DATAFLOW,STATSNZ:CEN23_ECI_006(1.0),"Birthplace and age for the census usually resident population count, (RC, TALB, SA2, Health), 2013, 2018, and 2023 Censuses",I,2023,2023,9999,Total - New Zealand by regional council,B0803,Japan,11,50-54 years,1506,,,
DATAFLOW,STATSNZ:CEN23_ECI_006(1.0),"Birthplace and age for the census usually resident population count, (RC, TALB, SA2, Health), 2013, 2018, and 2023 Censuses",I,2023,2023,9999,Total - New Zealand by regional council,B0416,Other,13,60-64 years,87,,,
DATAFLOW,STATSNZ:CEN23_ECI_006(1.0),"Birthplace and age for the census usually resident population count, (RC, TALB, SA2, Health), 2013, 2018, and 2023 Censuses",I,2023,2023,9999,Total - New Zealand by regional council,B0608,Turkey,07,30-34 years,168,,,
DATAFLOW,STATSNZ:CEN23_ECI_006(1.0),"Birthplace and age for the census usually resident population count, (RC, TALB, SA2, Health), 2013, 2018, and 2023 Censuses",I,2023,2023,9999,Total - New Zealand by regional council,B0702,Malaysia,12,55-59 years,1536,,,
DATAFLOW,STATSNZ:CEN23_ECI_006(1.0),"Birthplace and age for the census usually resident population count, (RC, TALB, SA2, Health), 2013, 2018, and 2023 Censuses",I,2023,2023,9999,Total - New Zealand by regional council,B0703,Thailand,19,90 years and over,3,,,
DATAFLOW,STATSNZ:CEN23_ECI_006(1.0),"Birthplace and age for the census usually resident population count, (RC, TALB, SA2, Health), 2013, 2018, and 2023 Censuses",I,2023,2023,9999,Total - New Zealand by regional council,B0705,Cambodia,05,20-24 years,321,,,
DATAFLOW,STATSNZ:CEN23_ECI_006(1.0),"Birthplace and age for the census usually resident population count, (RC, TALB, SA2, Health), 2013, 2018, and 2023 Censuses",I,2023,2023,9999,Total - New Zealand by regional council,B0502,Italy,19,90 years and over,39,,,
DATAFLOW,STATSNZ:CEN23_ECI_006(1.0),"Birthplace and age for the census usually resident population count, (RC, TALB, SA2, Health), 2013, 2018, and 2023 Censuses",I,2023,2023,9999,Total - New Zealand by regional council,B0201,Fiji,19,90 years and over,147,,,
DATAFLOW,STATSNZ:CEN23_ECI_006(1.0),"Birthplace and age for the census usually resident population count, (RC, TALB, SA2, Health), 2013, 2018, and 2023 Censuses",I,2023,2023,9999,Total - New Zealand by regional council,B01,Australia,10,45-49 years,4716,,,
DATAFLOW,STATSNZ:CEN23_ECI_006(1.0),"Birthplace and age for the census usually resident population count, (RC, TALB, SA2, Health), 2013, 2018, and 2023 Censuses",I,2023,2023,9999,Total - New Zealand by regional council,B0206,Vanuatu,02,5-9 years,12,,,
DATAFLOW,STATSNZ:CEN23_ECI_006(1.0),"Birthplace and age for the census usually resident population count, (RC, TALB, SA2, Health), 2013, 2018, and 2023 Censuses",I,2023,2023,9999,Total - New Zealand by regional council,B1107,Other Sub-Saharan Africa,17,80-84 years,78,,,
DATAFLOW,STATSNZ:CEN23_ECI_006(1.0),"Birthplace and age for the census usually resident population count, (RC, TALB, SA2, Health), 2013, 2018, and 2023 Censuses",I,2023,2023,9999,Total - New Zealand by regional council,B0606,Syria,10,45-49 years,138,,,
DATAFLOW,STATSNZ:CEN23_ECI_006(1.0),"Birthplace and age for the census usually resident population count, (RC, TALB, SA2, Health), 2013, 2018, and 2023 Censuses",I,2023,2023,9999,Total - New Zealand by regional council,B0416,Other,12,55-59 years,96,,,
DATAFLOW,STATSNZ:CEN23_ECI_006(1.0),"Birthplace and age for the census usually resident population count, (RC, TALB, SA2, Health), 2013, 2018, and 2023 Censuses",I,2023,2023,9999,Total - New Zealand by regional council,B0608,Turkey,1,Under 15 years,96,,,
DATAFLOW,STATSNZ:CEN23_ECI_006(1.0),"Birthplace and age for the census usually resident population count, (RC, TALB, SA2, Health), 2013, 2018, and 2023 Censuses",I,2023,2023,9999,Total - New Zealand by regional council,B1105,Ethiopia,15,70-74 years,21,,,
DATAFLOW,STATSNZ:CEN23_ECI_006(1.0),"Birthplace and age for the census usually resident population count, (RC, TALB, SA2, Health), 2013, 2018, and 2023 Censuses",I,2023,2023,9999,Total - New Zealand by regional council,B0512,Other,07,30-34 years,783,,,
DATAFLOW,STATSNZ:CEN23_ECI_006(1.0),"Birthplace and age for the census usually resident population count, (RC, TALB, SA2, Health), 2013, 2018, and 2023 Censuses",I,2023,2023,9999,Total - New Zealand by regional council,B0403,Germany,10,45-49 years,1305,,,
DATAFLOW,STATSNZ:CEN23_ECI_006(1.0),"Birthplace and age for the census usually resident population count, (RC, TALB, SA2, Health), 2013, 2018, and 2023 Censuses",I,2023,2023,9999,Total - New Zealand by regional council,B0409,Northern Ireland,02,5-9 years,24,,,
DATAFLOW,STATSNZ:CEN23_ECI_006(1.0),"Birthplace and age for the census usually resident population count, (RC, TALB, SA2, Health), 2013, 2018, and 2023 Censuses",I,2023,2023,9999,Total - New Zealand by regional council,B0210,Tokelau,06,25-29 years,81,,,
DATAFLOW,STATSNZ:CEN23_ECI_006(1.0),"Birthplace and age for the census usually resident population count, (RC, TALB, SA2, Health), 2013, 2018, and 2023 Censuses",I,2023,2023,9999,Total - New Zealand by regional council,B0607,Israel,2,15-29 years,252,,,
DATAFLOW,STATSNZ:CEN23_ECI_006(1.0),"Birthplace and age for the census usually resident population count, (RC, TALB, SA2, Health), 2013, 2018, and 2023 Censuses",I,2023,2023,9999,Total - New Zealand by regional council,B0207,Kiribati,08,35-39 years,297,,,
DATAFLOW,STATSNZ:CEN23_ECI_006(1.0),"Birthplace and age for the census usually resident population count, (RC, TALB, SA2, Health), 2013, 2018, and 2023 Censuses",I,2023,2023,9999,Total - New Zealand by regional council,B06,North Africa and the Middle East,4,65 years and over,2526,,,
DATAFLOW,STATSNZ:CEN23_ECI_006(1.0),"Birthplace and age for the census usually resident population count, (RC, TALB, SA2, Health), 2013, 2018, and 2023 Censuses",I,2023,2023,9999,Total - New Zealand by regional council,B0609,Other Oceania and Antarctica,2,15-29 years,1371,,,
DATAFLOW,STATSNZ:CEN23_ECI_006(1.0),"Birthplace and age for the census usually resident population count, (RC, TALB, SA2, Health), 2013, 2018, and 2023 Censuses",I,2023,2023,9999,Total - New Zealand by regional council,B0405,United Kingdom (not further defined),03,10-14 years,204,,,
DATAFLOW,STATSNZ:CEN23_ECI_006(1.0),"Birthplace and age for the census usually resident population count, (RC, TALB, SA2, Health), 2013, 2018, and 2023 Censuses",I,2023,2023,9999,Total - New Zealand by regional council,B0604,Egypt,Median,Median - age,41.2,,,
DATAFLOW,STATSNZ:CEN23_ECI_006(1.0),"Birthplace and age for the census usually resident population count, (RC, TALB, SA2, Health), 2013, 2018, and 2023 Censuses",I,2023,2023,9999,Total - New Zealand by regional council,B0602,Iran,07,30-34 years,543,,,
DATAFLOW,STATSNZ:CEN23_ECI_006(1.0),"Birthplace and age for the census usually resident population count, (RC, TALB, SA2, Health), 2013, 2018, and 2023 Censuses",I,2023,2023,9999,Total - New Zealand by regional council,B0806,Other,13,60-64 years,27,,,
DATAFLOW,STATSNZ:CEN23_ECI_006(1.0),"Birthplace and age for the census usually resident population count, (RC, TALB, SA2, Health), 2013, 2018, and 2023 Censuses",I,2023,2023,9999,Total - New Zealand by regional council,B0512,Other,13,60-64 years,501,,,
DATAFLOW,STATSNZ:CEN23_ECI_006(1.0),"Birthplace and age for the census usually resident population count, (RC, TALB, SA2, Health), 2013, 2018, and 2023 Censuses",I,2023,2023,9999,Total - New Zealand by regional council,B0709,Other,Median,Median - age,46.1,,,
DATAFLOW,STATSNZ:CEN23_ECI_006(1.0),"Birthplace and age for the census usually resident population count, (RC, TALB, SA2, Health), 2013, 2018, and 2023 Censuses",I,2023,2023,9999,Total - New Zealand by regional council,B0413,Austria,12,55-59 years,108,,,
DATAFLOW,STATSNZ:CEN23_ECI_006(1.0),"Birthplace and age for the census usually resident population count, (RC, TALB, SA2, Health), 2013, 2018, and 2023 Censuses",I,2023,2023,9999,Total - New Zealand by regional council,B0604,Egypt,2,15-29 years,306,,,
DATAFLOW,STATSNZ:CEN23_ECI_006(1.0),"Birthplace and age for the census usually resident population count, (RC, TALB, SA2, Health), 2013, 2018, and 2023 Censuses",I,2023,2023,9999,Total - New Zealand by regional council,B0804,Hong Kong (Special Administrative Region),09,40-44 years,1347,,,
DATAFLOW,STATSNZ:CEN23_ECI_006(1.0),"Birthplace and age for the census usually resident population count, (RC, TALB, SA2, Health), 2013, 2018, and 2023 Censuses",I,2023,2023,9999,Total - New Zealand by regional council,A,New Zealand,09,40-44 years,177195,,,
DATAFLOW,STATSNZ:CEN23_ECI_006(1.0),"Birthplace and age for the census usually resident population count, (RC, TALB, SA2, Health), 2013, 2018, and 2023 Censuses",I,2023,2023,9999,Total - New Zealand by regional council,B1101,South Africa,Median,Median - age,39.6,,,
DATAFLOW,STATSNZ:CEN23_ECI_006(1.0),"Birthplace and age for the census usually resident population count, (RC, TALB, SA2, Health), 2013, 2018, and 2023 Censuses",I,2023,2023,9999,Total - New Zealand by regional council,B0415,Channel Islands,12,55-59 years,102,,,
DATAFLOW,STATSNZ:CEN23_ECI_006(1.0),"Birthplace and age for the census usually resident population count, (RC, TALB, SA2, Health), 2013, 2018, and 2023 Censuses",I,2023,2023,9999,Total - New Zealand by regional council,B0605,United Arab Emirates,14,65-69 years,3,,,
DATAFLOW,STATSNZ:CEN23_ECI_006(1.0),"Birthplace and age for the census usually resident population count, (RC, TALB, SA2, Health), 2013, 2018, and 2023 Censuses",I,2023,2023,9999,Total - New Zealand by regional council,B0507,Croatia,05,20-24 years,12,,,
DATAFLOW,STATSNZ:CEN23_ECI_006(1.0),"Birthplace and age for the census usually resident population count, (RC, TALB, SA2, Health), 2013, 2018, and 2023 Censuses",I,2023,2023,9999,Total - New Zealand by regional council,B0805,Taiwan,03,10-14 years,243,,,
DATAFLOW,STATSNZ:CEN23_ECI_006(1.0),"Birthplace and age for the census usually resident population count, (RC, TALB, SA2, Health), 2013, 2018, and 2023 Censuses",I,2023,2023,9999,Total - New Zealand by regional council,B0203,Tonga,06,25-29 years,2046,,,
DATAFLOW,STATSNZ:CEN23_ECI_006(1.0),"Birthplace and age for the census usually resident population count, (RC, TALB, SA2, Health), 2013, 2018, and 2023 Censuses",I,2023,2023,9999,Total - New Zealand by regional council,B1106,Somalia,17,80-84 years,12,,,
DATAFLOW,STATSNZ:CEN23_ECI_006(1.0),"Birthplace and age for the census usually resident population count, (RC, TALB, SA2, Health), 2013, 2018, and 2023 Censuses",I,2023,2023,9999,Total - New Zealand by regional council,B0207,Kiribati,Median,Median - age,33.7,,,
DATAFLOW,STATSNZ:CEN23_ECI_006(1.0),"Birthplace and age for the census usually resident population count, (RC, TALB, SA2, Health), 2013, 2018, and 2023 Censuses",I,2023,2023,9999,Total - New Zealand by regional council,B05,Southern and Eastern Europe,99,Total - age,35679,,,
DATAFLOW,STATSNZ:CEN23_ECI_006(1.0),"Birthplace and age for the census usually resident population count, (RC, TALB, SA2, Health), 2013, 2018, and 2023 Censuses",I,2023,2023,9999,Total - New Zealand by regional council,B0806,Other,11,50-54 years,21,,,
DATAFLOW,STATSNZ:CEN23_ECI_006(1.0),"Birthplace and age for the census usually resident population count, (RC, TALB, SA2, Health), 2013, 2018, and 2023 Censuses",I,2023,2023,9999,Total - New Zealand by regional council,B08,North-East Asia,4,65 years and over,30777,,,
DATAFLOW,STATSNZ:CEN23_ECI_006(1.0),"Birthplace and age for the census usually resident population count, (RC, TALB, SA2, Health), 2013, 2018, and 2023 Censuses",I,2023,2023,9999,Total - New Zealand by regional council,B1107,Other Sub-Saharan Africa,05,20-24 years,351,,,
DATAFLOW,STATSNZ:CEN23_ECI_006(1.0),"Birthplace and age for the census usually resident population count, (RC, TALB, SA2, Health), 2013, 2018, and 2023 Censuses",I,2023,2023,9999,Total - New Zealand by regional council,B0805,Taiwan,99,Total - age,10899,,,
DATAFLOW,STATSNZ:CEN23_ECI_006(1.0),"Birthplace and age for the census usually resident population count, (RC, TALB, SA2, Health), 2013, 2018, and 2023 Censuses",I,2023,2023,9999,Total - New Zealand by regional council,B0512,Other,02,5-9 years,114,,,
DATAFLOW,STATSNZ:CEN23_ECI_006(1.0),"Birthplace and age for the census usually resident population count, (RC, TALB, SA2, Health), 2013, 2018, and 2023 Censuses",I,2023,2023,9999,Total - New Zealand by regional council,B0205,Niue,1,Under 15 years,30,,,
DATAFLOW,STATSNZ:CEN23_ECI_006(1.0),"Birthplace and age for the census usually resident population count, (RC, TALB, SA2, Health), 2013, 2018, and 2023 Censuses",I,2023,2023,9999,Total - New Zealand by regional council,B0505,Romania,16,75-79 years,72,,,
DATAFLOW,STATSNZ:CEN23_ECI_006(1.0),"Birthplace and age for the census usually resident population count, (RC, TALB, SA2, Health), 2013, 2018, and 2023 Censuses",I,2023,2023,9999,Total - New Zealand by regional council,B1104,Zambia,17,80-84 years,24,,,
DATAFLOW,STATSNZ:CEN23_ECI_006(1.0),"Birthplace and age for the census usually resident population count, (RC, TALB, SA2, Health), 2013, 2018, and 2023 Censuses",I,2023,2023,9999,Total - New Zealand by regional council,B0902,Sri Lanka,10,45-49 years,1542,,,
DATAFLOW,STATSNZ:CEN23_ECI_006(1.0),"Birthplace and age for the census usually resident population count, (RC, TALB, SA2, Health), 2013, 2018, and 2023 Censuses",I,2023,2023,9999,Total - New Zealand by regional council,B11,Sub-Saharan Africa,1,Under 15 years,12969,,,
DATAFLOW,STATSNZ:CEN23_ECI_006(1.0),"Birthplace and age for the census usually resident population count, (RC, TALB, SA2, Health), 2013, 2018, and 2023 Censuses",I,2023,2023,9999,Total - New Zealand by regional council,B0205,Niue,Median,Median - age,59.6,,,
DATAFLOW,STATSNZ:CEN23_ECI_006(1.0),"Birthplace and age for the census usually resident population count, (RC, TALB, SA2, Health), 2013, 2018, and 2023 Censuses",I,2023,2023,9999,Total - New Zealand by regional council,B0403,Germany,08,35-39 years,1521,,,
DATAFLOW,STATSNZ:CEN23_ECI_006(1.0),"Birthplace and age for the census usually resident population count, (RC, TALB, SA2, Health), 2013, 2018, and 2023 Censuses",I,2023,2023,9999,Total - New Zealand by regional council,B0901,India,17,80-84 years,1116,,,
DATAFLOW,STATSNZ:CEN23_ECI_006(1.0),"Birthplace and age for the census usually resident population count, (RC, TALB, SA2, Health), 2013, 2018, and 2023 Censuses",I,2023,2023,9999,Total - New Zealand by regional council,B0510,Serbia,4,65 years and over,255,,,
DATAFLOW,STATSNZ:CEN23_ECI_006(1.0),"Birthplace and age for the census usually resident population count, (RC, TALB, SA2, Health), 2013, 2018, and 2023 Censuses",I,2023,2023,9999,Total - New Zealand by regional council,B0207,Kiribati,04,15-19 years,246,,,
DATAFLOW,STATSNZ:CEN23_ECI_006(1.0),"Birthplace and age for the census usually resident population count, (RC, TALB, SA2, Health), 2013, 2018, and 2023 Censuses",I,2023,2023,9999,Total - New Zealand by regional council,B0203,Tonga,01,0-4 years,114,,,
DATAFLOW,STATSNZ:CEN23_ECI_006(1.0),"Birthplace and age for the census usually resident population count, (RC, TALB, SA2, Health), 2013, 2018, and 2023 Censuses",I,2023,2023,9999,Total - New Zealand by regional council,B0413,Austria,09,40-44 years,126,,,
DATAFLOW,STATSNZ:CEN23_ECI_006(1.0),"Birthplace and age for the census usually resident population count, (RC, TALB, SA2, Health), 2013, 2018, and 2023 Censuses",I,2023,2023,9999,Total - New Zealand by regional council,B06,North Africa and the Middle East,06,25-29 years,2049,,,
DATAFLOW,STATSNZ:CEN23_ECI_006(1.0),"Birthplace and age for the census usually resident population count, (RC, TALB, SA2, Health), 2013, 2018, and 2023 Censuses",I,2023,2023,9999,Total - New Zealand by regional council,B0706,Indonesia,03,10-14 years,243,,,
DATAFLOW,STATSNZ:CEN23_ECI_006(1.0),"Birthplace and age for the census usually resident population count, (RC, TALB, SA2, Health), 2013, 2018, and 2023 Censuses",I,2023,2023,9999,Total - New Zealand by regional council,B1001,United States of America,09,40-44 years,2715,,,
DATAFLOW,STATSNZ:CEN23_ECI_006(1.0),"Birthplace and age for the census usually resident population count, (RC, TALB, SA2, Health), 2013, 2018, and 2023 Censuses",I,2023,2023,9999,Total - New Zealand by regional council,B0607,Israel,3,30-64 years,705,,,
DATAFLOW,STATSNZ:CEN23_ECI_006(1.0),"Birthplace and age for the census usually resident population count, (RC, TALB, SA2, Health), 2013, 2018, and 2023 Censuses",I,2023,2023,9999,Total - New Zealand by regional council,B09,Southern and Central Asia,08,35-39 years,31020,,,
DATAFLOW,STATSNZ:CEN23_ECI_006(1.0),"Birthplace and age for the census usually resident population count, (RC, TALB, SA2, Health), 2013, 2018, and 2023 Censuses",I,2023,2023,9999,Total - New Zealand by regional council,B0404,Netherlands,17,80-84 years,1164,,,
DATAFLOW,STATSNZ:CEN23_ECI_006(1.0),"Birthplace and age for the census usually resident population count, (RC, TALB, SA2, Health), 2013, 2018, and 2023 Censuses",I,2023,2023,9999,Total - New Zealand by regional council,B0606,Syria,05,20-24 years,168,,,
DATAFLOW,STATSNZ:CEN23_ECI_006(1.0),"Birthplace and age for the census usually resident population count, (RC, TALB, SA2, Health), 2013, 2018, and 2023 Censuses",I,2023,2023,9999,Total - New Zealand by regional council,B11,Sub-Saharan Africa,10,45-49 years,11187,,,
DATAFLOW,STATSNZ:CEN23_ECI_006(1.0),"Birthplace and age for the census usually resident population count, (RC, TALB, SA2, Health), 2013, 2018, and 2023 Censuses",I,2023,2023,9999,Total - New Zealand by regional council,B0504,Poland,17,80-84 years,51,,,
DATAFLOW,STATSNZ:CEN23_ECI_006(1.0),"Birthplace and age for the census usually resident population count, (RC, TALB, SA2, Health), 2013, 2018, and 2023 Censuses",I,2023,2023,9999,Total - New Zealand by regional council,B0413,Austria,13,60-64 years,108,,,
DATAFLOW,STATSNZ:CEN23_ECI_006(1.0),"Birthplace and age for the census usually resident population count, (RC, TALB, SA2, Health), 2013, 2018, and 2023 Censuses",I,2023,2023,9999,Total - New Zealand by regional council,B05,Southern and Eastern Europe,03,10-14 years,1080,,,
DATAFLOW,STATSNZ:CEN23_ECI_006(1.0),"Birthplace and age for the census usually resident population count, (RC, TALB, SA2, Health), 2013, 2018, and 2023 Censuses",I,2023,2023,9999,Total - New Zealand by regional council,B0604,Egypt,17,80-84 years,21,,,
DATAFLOW,STATSNZ:CEN23_ECI_006(1.0),"Birthplace and age for the census usually resident population count, (RC, TALB, SA2, Health), 2013, 2018, and 2023 Censuses",I,2023,2023,9999,Total - New Zealand by regional council,B09,Southern and Central Asia,02,5-9 years,5697,,,
DATAFLOW,STATSNZ:CEN23_ECI_006(1.0),"Birthplace and age for the census usually resident population count, (RC, TALB, SA2, Health), 2013, 2018, and 2023 Censuses",I,2023,2023,9999,Total - New Zealand by regional council,B0802,"Korea, Republic of",16,75-79 years,471,,,
DATAFLOW,STATSNZ:CEN23_ECI_006(1.0),"Birthplace and age for the census usually resident population count, (RC, TALB, SA2, Health), 2013, 2018, and 2023 Censuses",I,2023,2023,9999,Total - New Zealand by regional council,B0212,Other,19,90 years and over,12,,,
DATAFLOW,STATSNZ:CEN23_ECI_006(1.0),"Birthplace and age for the census usually resident population count, (RC, TALB, SA2, Health), 2013, 2018, and 2023 Censuses",I,2023,2023,9999,Total - New Zealand by regional council,B0412,Denmark,05,20-24 years,72,,,
DATAFLOW,STATSNZ:CEN23_ECI_006(1.0),"Birthplace and age for the census usually resident population count, (RC, TALB, SA2, Health), 2013, 2018, and 2023 Censuses",I,2023,2023,9999,Total - New Zealand by regional council,B11,Sub-Saharan Africa,3,30-64 years,71454,,,
DATAFLOW,STATSNZ:CEN23_ECI_006(1.0),"Birthplace and age for the census usually resident population count, (RC, TALB, SA2, Health), 2013, 2018, and 2023 Censuses",I,2023,2023,9999,Total - New Zealand by regional council,B05,Southern and Eastern Europe,10,45-49 years,3441,,,
DATAFLOW,STATSNZ:CEN23_ECI_006(1.0),"Birthplace and age for the census usually resident population count, (RC, TALB, SA2, Health), 2013, 2018, and 2023 Censuses",I,2023,2023,9999,Total - New Zealand by regional council,B0209,Papua New Guinea,04,15-19 years,72,,,
DATAFLOW,STATSNZ:CEN23_ECI_006(1.0),"Birthplace and age for the census usually resident population count, (RC, TALB, SA2, Health), 2013, 2018, and 2023 Censuses",I,2023,2023,9999,Total - New Zealand by regional council,B0603,Saudi Arabia,Median,Median - age,26.4,,,
DATAFLOW,STATSNZ:CEN23_ECI_006(1.0),"Birthplace and age for the census usually resident population count, (RC, TALB, SA2, Health), 2013, 2018, and 2023 Censuses",I,2023,2023,9999,Total - New Zealand by regional council,B,Overseas,3,30-64 years,836544,,,
DATAFLOW,STATSNZ:CEN23_ECI_006(1.0),"Birthplace and age for the census usually resident population count, (RC, TALB, SA2, Health), 2013, 2018, and 2023 Censuses",I,2023,2023,9999,Total - New Zealand by regional council,A,New Zealand,07,30-34 years,214833,,,
DATAFLOW,STATSNZ:CEN23_ECI_006(1.0),"Birthplace and age for the census usually resident population count, (RC, TALB, SA2, Health), 2013, 2018, and 2023 Censuses",I,2023,2023,9999,Total - New Zealand by regional council,B1106,Somalia,10,45-49 years,96,,,
DATAFLOW,STATSNZ:CEN23_ECI_006(1.0),"Birthplace and age for the census usually resident population count, (RC, TALB, SA2, Health), 2013, 2018, and 2023 Censuses",I,2023,2023,9999,Total - New Zealand by regional council,B0508,Spain,05,20-24 years,87,,,
DATAFLOW,STATSNZ:CEN23_ECI_006(1.0),"Birthplace and age for the census usually resident population count, (RC, TALB, SA2, Health), 2013, 2018, and 2023 Censuses",I,2023,2023,9999,Total - New Zealand by regional council,B0701,Philippines,04,15-19 years,6165,,,
DATAFLOW,STATSNZ:CEN23_ECI_006(1.0),"Birthplace and age for the census usually resident population count, (RC, TALB, SA2, Health), 2013, 2018, and 2023 Censuses",I,2023,2023,9999,Total - New Zealand by regional council,B0605,United Arab Emirates,99,Total - age,2694,,,
DATAFLOW,STATSNZ:CEN23_ECI_006(1.0),"Birthplace and age for the census usually resident population count, (RC, TALB, SA2, Health), 2013, 2018, and 2023 Censuses",I,2023,2023,9999,Total - New Zealand by regional council,B0401,England,3,30-64 years,104424,,,
DATAFLOW,STATSNZ:CEN23_ECI_006(1.0),"Birthplace and age for the census usually resident population count, (RC, TALB, SA2, Health), 2013, 2018, and 2023 Censuses",I,2023,2023,9999,Total - New Zealand by regional council,B0412,Denmark,Median,Median - age,52.7,,,
DATAFLOW,STATSNZ:CEN23_ECI_006(1.0),"Birthplace and age for the census usually resident population count, (RC, TALB, SA2, Health), 2013, 2018, and 2023 Censuses",I,2023,2023,9999,Total - New Zealand by regional council,B12,At sea,13,60-64 years,0,,,
DATAFLOW,STATSNZ:CEN23_ECI_006(1.0),"Birthplace and age for the census usually resident population count, (RC, TALB, SA2, Health), 2013, 2018, and 2023 Censuses",I,2023,2023,9999,Total - New Zealand by regional council,B0416,Other,Median,Median - age,41.3,,,
DATAFLOW,STATSNZ:CEN23_ECI_006(1.0),"Birthplace and age for the census usually resident population count, (RC, TALB, SA2, Health), 2013, 2018, and 2023 Censuses",I,2023,2023,9999,Total - New Zealand by regional council,C,Not elsewhere included,19,90 years and over,264,,,
DATAFLOW,STATSNZ:CEN23_ECI_006(1.0),"Birthplace and age for the census usually resident population count, (RC, TALB, SA2, Health), 2013, 2018, and 2023 Censuses",I,2023,2023,9999,Total - New Zealand by regional council,B,Overseas,12,55-59 years,94401,,,
DATAFLOW,STATSNZ:CEN23_ECI_006(1.0),"Birthplace and age for the census usually resident population count, (RC, TALB, SA2, Health), 2013, 2018, and 2023 Censuses",I,2023,2023,9999,Total - New Zealand by regional council,B03,Other Oceania and Antarctica,18,85-89 years,0,,,
DATAFLOW,STATSNZ:CEN23_ECI_006(1.0),"Birthplace and age for the census usually resident population count, (RC, TALB, SA2, Health), 2013, 2018, and 2023 Censuses",I,2023,2023,9999,Total - New Zealand by regional council,B0212,Other,3,30-64 years,1302,,,
DATAFLOW,STATSNZ:CEN23_ECI_006(1.0),"Birthplace and age for the census usually resident population count, (RC, TALB, SA2, Health), 2013, 2018, and 2023 Censuses",I,2023,2023,9999,Total - New Zealand by regional council,B0414,Belgium,15,70-74 years,42,,,
DATAFLOW,STATSNZ:CEN23_ECI_006(1.0),"Birthplace and age for the census usually resident population count, (RC, TALB, SA2, Health), 2013, 2018, and 2023 Censuses",I,2023,2023,9999,Total - New Zealand by regional council,B1106,Somalia,02,5-9 years,27,,,
DATAFLOW,STATSNZ:CEN23_ECI_006(1.0),"Birthplace and age for the census usually resident population count, (RC, TALB, SA2, Health), 2013, 2018, and 2023 Censuses",I,2023,2023,9999,Total - New Zealand by regional council,B0806,Other,08,35-39 years,48,,,
DATAFLOW,STATSNZ:CEN23_ECI_006(1.0),"Birthplace and age for the census usually resident population count, (RC, TALB, SA2, Health), 2013, 2018, and 2023 Censuses",I,2023,2023,9999,Total - New Zealand by regional council,B0404,Netherlands,2,15-29 years,1206,,,
DATAFLOW,STATSNZ:CEN23_ECI_006(1.0),"Birthplace and age for the census usually resident population count, (RC, TALB, SA2, Health), 2013, 2018, and 2023 Censuses",I,2023,2023,9999,Total - New Zealand by regional council,B12,At sea,04,15-19 years,0,,,
DATAFLOW,STATSNZ:CEN23_ECI_006(1.0),"Birthplace and age for the census usually resident population count, (RC, TALB, SA2, Health), 2013, 2018, and 2023 Censuses",I,2023,2023,9999,Total - New Zealand by regional council,B11,Sub-Saharan Africa,06,25-29 years,7959,,,
DATAFLOW,STATSNZ:CEN23_ECI_006(1.0),"Birthplace and age for the census usually resident population count, (RC, TALB, SA2, Health), 2013, 2018, and 2023 Censuses",I,2023,2023,9999,Total - New Zealand by regional council,B09,Southern and Central Asia,07,30-34 years,40302,,,
DATAFLOW,STATSNZ:CEN23_ECI_006(1.0),"Birthplace and age for the census usually resident population count, (RC, TALB, SA2, Health), 2013, 2018, and 2023 Censuses",I,2023,2023,9999,Total - New Zealand by regional council,B0503,Czech Republic,08,35-39 years,519,,,
DATAFLOW,STATSNZ:CEN23_ECI_006(1.0),"Birthplace and age for the census usually resident population count, (RC, TALB, SA2, Health), 2013, 2018, and 2023 Censuses",I,2023,2023,9999,Total - New Zealand by regional council,B0402,Scotland,13,60-64 years,2322,,,
DATAFLOW,STATSNZ:CEN23_ECI_006(1.0),"Birthplace and age for the census usually resident population count, (RC, TALB, SA2, Health), 2013, 2018, and 2023 Censuses",I,2023,2023,9999,Total - New Zealand by regional council,B0503,Czech Republic,01,0-4 years,21,,,
DATAFLOW,STATSNZ:CEN23_ECI_006(1.0),"Birthplace and age for the census usually resident population count, (RC, TALB, SA2, Health), 2013, 2018, and 2023 Censuses",I,2023,2023,9999,Total - New Zealand by regional council,B0414,Belgium,02,5-9 years,39,,,
DATAFLOW,STATSNZ:CEN23_ECI_006(1.0),"Birthplace and age for the census usually resident population count, (RC, TALB, SA2, Health), 2013, 2018, and 2023 Censuses",I,2023,2023,9999,Total - New Zealand by regional council,B0411,Sweden,12,55-59 years,132,,,
DATAFLOW,STATSNZ:CEN23_ECI_006(1.0),"Birthplace and age for the census usually resident population count, (RC, TALB, SA2, Health), 2013, 2018, and 2023 Censuses",I,2023,2023,9999,Total - New Zealand by regional council,B0413,Austria,16,75-79 years,120,,,
DATAFLOW,STATSNZ:CEN23_ECI_006(1.0),"Birthplace and age for the census usually resident population count, (RC, TALB, SA2, Health), 2013, 2018, and 2023 Censuses",I,2023,2023,9999,Total - New Zealand by regional council,B1106,Somalia,05,20-24 years,99,,,
DATAFLOW,STATSNZ:CEN23_ECI_006(1.0),"Birthplace and age for the census usually resident population count, (RC, TALB, SA2, Health), 2013, 2018, and 2023 Censuses",I,2023,2023,9999,Total - New Zealand by regional council,B0206,Vanuatu,99,Total - age,1239,,,
DATAFLOW,STATSNZ:CEN23_ECI_006(1.0),"Birthplace and age for the census usually resident population count, (RC, TALB, SA2, Health), 2013, 2018, and 2023 Censuses",I,2023,2023,9999,Total - New Zealand by regional council,B12,At sea,03,10-14 years,0,,,
DATAFLOW,STATSNZ:CEN23_ECI_006(1.0),"Birthplace and age for the census usually resident population count, (RC, TALB, SA2, Health), 2013, 2018, and 2023 Censuses",I,2023,2023,9999,Total - New Zealand by regional council,B1103,Kenya,3,30-64 years,981,,,
DATAFLOW,STATSNZ:CEN23_ECI_006(1.0),"Birthplace and age for the census usually resident population count, (RC, TALB, SA2, Health), 2013, 2018, and 2023 Censuses",I,2023,2023,9999,Total - New Zealand by regional council,B0605,United Arab Emirates,06,25-29 years,222,,,
DATAFLOW,STATSNZ:CEN23_ECI_006(1.0),"Birthplace and age for the census usually resident population count, (RC, TALB, SA2, Health), 2013, 2018, and 2023 Censuses",I,2023,2023,9999,Total - New Zealand by regional council,B0408,Wales,12,55-59 years,804,,,
DATAFLOW,STATSNZ:CEN23_ECI_006(1.0),"Birthplace and age for the census usually resident population count, (RC, TALB, SA2, Health), 2013, 2018, and 2023 Censuses",I,2023,2023,9999,Total - New Zealand by regional council,B0509,Hungary,17,80-84 years,66,,,
DATAFLOW,STATSNZ:CEN23_ECI_006(1.0),"Birthplace and age for the census usually resident population count, (RC, TALB, SA2, Health), 2013, 2018, and 2023 Censuses",I,2023,2023,9999,Total - New Zealand by regional council,B01,Australia,4,65 years and over,11073,,,
DATAFLOW,STATSNZ:CEN23_ECI_006(1.0),"Birthplace and age for the census usually resident population count, (RC, TALB, SA2, Health), 2013, 2018, and 2023 Censuses",I,2023,2023,9999,Total - New Zealand by regional council,B0701,Philippines,05,20-24 years,6345,,,
DATAFLOW,STATSNZ:CEN23_ECI_006(1.0),"Birthplace and age for the census usually resident population count, (RC, TALB, SA2, Health), 2013, 2018, and 2023 Censuses",I,2023,2023,9999,Total - New Zealand by regional council,B0902,Sri Lanka,11,50-54 years,1059,,,
DATAFLOW,STATSNZ:CEN23_ECI_006(1.0),"Birthplace and age for the census usually resident population count, (RC, TALB, SA2, Health), 2013, 2018, and 2023 Censuses",I,2023,2023,9999,Total - New Zealand by regional council,B0703,Thailand,07,30-34 years,1098,,,
DATAFLOW,STATSNZ:CEN23_ECI_006(1.0),"Birthplace and age for the census usually resident population count, (RC, TALB, SA2, Health), 2013, 2018, and 2023 Censuses",I,2023,2023,9999,Total - New Zealand by regional council,B0502,Italy,16,75-79 years,108,,,
DATAFLOW,STATSNZ:CEN23_ECI_006(1.0),"Birthplace and age for the census usually resident population count, (RC, TALB, SA2, Health), 2013, 2018, and 2023 Censuses",I,2023,2023,9999,Total - New Zealand by regional council,B1106,Somalia,2,15-29 years,285,,,
DATAFLOW,STATSNZ:CEN23_ECI_006(1.0),"Birthplace and age for the census usually resident population count, (RC, TALB, SA2, Health), 2013, 2018, and 2023 Censuses",I,2023,2023,9999,Total - New Zealand by regional council,B0907,Other,1,Under 15 years,177,,,
DATAFLOW,STATSNZ:CEN23_ECI_006(1.0),"Birthplace and age for the census usually resident population count, (RC, TALB, SA2, Health), 2013, 2018, and 2023 Censuses",I,2023,2023,9999,Total - New Zealand by regional council,B0805,Taiwan,05,20-24 years,321,,,
DATAFLOW,STATSNZ:CEN23_ECI_006(1.0),"Birthplace and age for the census usually resident population count, (RC, TALB, SA2, Health), 2013, 2018, and 2023 Censuses",I,2023,2023,9999,Total - New Zealand by regional council,B0905,Nepal,2,15-29 years,2544,,,
DATAFLOW,STATSNZ:CEN23_ECI_006(1.0),"Birthplace and age for the census usually resident population count, (RC, TALB, SA2, Health), 2013, 2018, and 2023 Censuses",I,2023,2023,9999,Total - New Zealand by regional council,B0416,Other,18,85-89 years,33,,,
DATAFLOW,STATSNZ:CEN23_ECI_006(1.0),"Birthplace and age for the census usually resident population count, (RC, TALB, SA2, Health), 2013, 2018, and 2023 Censuses",I,2023,2023,9999,Total - New Zealand by regional council,B06,North Africa and the Middle East,05,20-24 years,1728,,,
DATAFLOW,STATSNZ:CEN23_ECI_006(1.0),"Birthplace and age for the census usually resident population count, (RC, TALB, SA2, Health), 2013, 2018, and 2023 Censuses",I,2023,2023,9999,Total - New Zealand by regional council,B0903,Pakistan,13,60-64 years,129,,,
DATAFLOW,STATSNZ:CEN23_ECI_006(1.0),"Birthplace and age for the census usually resident population count, (RC, TALB, SA2, Health), 2013, 2018, and 2023 Censuses",I,2023,2023,9999,Total - New Zealand by regional council,B0604,Egypt,18,85-89 years,21,,,
DATAFLOW,STATSNZ:CEN23_ECI_006(1.0),"Birthplace and age for the census usually resident population count, (RC, TALB, SA2, Health), 2013, 2018, and 2023 Censuses",I,2023,2023,9999,Total - New Zealand by regional council,B0802,"Korea, Republic of",03,10-14 years,1185,,,
DATAFLOW,STATSNZ:CEN23_ECI_006(1.0),"Birthplace and age for the census usually resident population count, (RC, TALB, SA2, Health), 2013, 2018, and 2023 Censuses",I,2023,2023,9999,Total - New Zealand by regional council,B0204,Cook Islands,04,15-19 years,327,,,
DATAFLOW,STATSNZ:CEN23_ECI_006(1.0),"Birthplace and age for the census usually resident population count, (RC, TALB, SA2, Health), 2013, 2018, and 2023 Censuses",I,2023,2023,9999,Total - New Zealand by regional council,B0801,"China, People's Republic of",14,65-69 years,8214,,,
DATAFLOW,STATSNZ:CEN23_ECI_006(1.0),"Birthplace and age for the census usually resident population count, (RC, TALB, SA2, Health), 2013, 2018, and 2023 Censuses",I,2023,2023,9999,Total - New Zealand by regional council,B0406,Ireland,4,65 years and over,1803,,,
DATAFLOW,STATSNZ:CEN23_ECI_006(1.0),"Birthplace and age for the census usually resident population count, (RC, TALB, SA2, Health), 2013, 2018, and 2023 Censuses",I,2023,2023,9999,Total - New Zealand by regional council,B0505,Romania,1,Under 15 years,51,,,
DATAFLOW,STATSNZ:CEN23_ECI_006(1.0),"Birthplace and age for the census usually resident population count, (RC, TALB, SA2, Health), 2013, 2018, and 2023 Censuses",I,2023,2023,9999,Total - New Zealand by regional council,B0507,Croatia,17,80-84 years,177,,,
DATAFLOW,STATSNZ:CEN23_ECI_006(1.0),"Birthplace and age for the census usually resident population count, (RC, TALB, SA2, Health), 2013, 2018, and 2023 Censuses",I,2023,2023,9999,Total - New Zealand by regional council,B0802,"Korea, Republic of",13,60-64 years,2574,,,
DATAFLOW,STATSNZ:CEN23_ECI_006(1.0),"Birthplace and age for the census usually resident population count, (RC, TALB, SA2, Health), 2013, 2018, and 2023 Censuses",I,2023,2023,9999,Total - New Zealand by regional council,B10,The Americas,01,0-4 years,864,,,
DATAFLOW,STATSNZ:CEN23_ECI_006(1.0),"Birthplace and age for the census usually resident population count, (RC, TALB, SA2, Health), 2013, 2018, and 2023 Censuses",I,2023,2023,9999,Total - New Zealand by regional council,B0709,Other,11,50-54 years,123,,,
DATAFLOW,STATSNZ:CEN23_ECI_006(1.0),"Birthplace and age for the census usually resident population count, (RC, TALB, SA2, Health), 2013, 2018, and 2023 Censuses",I,2023,2023,9999,Total - New Zealand by regional council,B0703,Thailand,17,80-84 years,24,,,
DATAFLOW,STATSNZ:CEN23_ECI_006(1.0),"Birthplace and age for the census usually resident population count, (RC, TALB, SA2, Health), 2013, 2018, and 2023 Censuses",I,2023,2023,9999,Total - New Zealand by regional council,B0802,"Korea, Republic of",19,90 years and over,54,,,
DATAFLOW,STATSNZ:CEN23_ECI_006(1.0),"Birthplace and age for the census usually resident population count, (RC, TALB, SA2, Health), 2013, 2018, and 2023 Censuses",I,2023,2023,9999,Total - New Zealand by regional council,B0704,Viet Nam,19,90 years and over,18,,,
DATAFLOW,STATSNZ:CEN23_ECI_006(1.0),"Birthplace and age for the census usually resident population count, (RC, TALB, SA2, Health), 2013, 2018, and 2023 Censuses",I,2023,2023,9999,Total - New Zealand by regional council,B0705,Cambodia,17,80-84 years,156,,,
DATAFLOW,STATSNZ:CEN23_ECI_006(1.0),"Birthplace and age for the census usually resident population count, (RC, TALB, SA2, Health), 2013, 2018, and 2023 Censuses",I,2023,2023,9999,Total - New Zealand by regional council,B0901,India,19,90 years and over,303,,,
DATAFLOW,STATSNZ:CEN23_ECI_006(1.0),"Birthplace and age for the census usually resident population count, (RC, TALB, SA2, Health), 2013, 2018, and 2023 Censuses",I,2023,2023,9999,Total - New Zealand by regional council,B0407,France,04,15-19 years,252,,,
DATAFLOW,STATSNZ:CEN23_ECI_006(1.0),"Birthplace and age for the census usually resident population count, (RC, TALB, SA2, Health), 2013, 2018, and 2023 Censuses",I,2023,2023,9999,Total - New Zealand by regional council,B,Overseas,17,80-84 years,29310,,,
DATAFLOW,STATSNZ:CEN23_ECI_006(1.0),"Birthplace and age for the census usually resident population count, (RC, TALB, SA2, Health), 2013, 2018, and 2023 Censuses",I,2023,2023,9999,Total - New Zealand by regional council,B0603,Saudi Arabia,99,Total - age,1632,,,
DATAFLOW,STATSNZ:CEN23_ECI_006(1.0),"Birthplace and age for the census usually resident population count, (RC, TALB, SA2, Health), 2013, 2018, and 2023 Censuses",I,2023,2023,9999,Total - New Zealand by regional council,B,Overseas,02,5-9 years,42141,,,
DATAFLOW,STATSNZ:CEN23_ECI_006(1.0),"Birthplace and age for the census usually resident population count, (RC, TALB, SA2, Health), 2013, 2018, and 2023 Censuses",I,2023,2023,9999,Total - New Zealand by regional council,B0906,Bangladesh,16,75-79 years,9,,,
DATAFLOW,STATSNZ:CEN23_ECI_006(1.0),"Birthplace and age for the census usually resident population count, (RC, TALB, SA2, Health), 2013, 2018, and 2023 Censuses",I,2023,2023,9999,Total - New Zealand by regional council,B0412,Denmark,01,0-4 years,18,,,
DATAFLOW,STATSNZ:CEN23_ECI_006(1.0),"Birthplace and age for the census usually resident population count, (RC, TALB, SA2, Health), 2013, 2018, and 2023 Censuses",I,2023,2023,9999,Total - New Zealand by regional council,B0904,Afghanistan,10,45-49 years,360,,,
DATAFLOW,STATSNZ:CEN23_ECI_006(1.0),"Birthplace and age for the census usually resident population count, (RC, TALB, SA2, Health), 2013, 2018, and 2023 Censuses",I,2023,2023,9999,Total - New Zealand by regional council,B11,Sub-Saharan Africa,05,20-24 years,6618,,,
DATAFLOW,STATSNZ:CEN23_ECI_006(1.0),"Birthplace and age for the census usually resident population count, (RC, TALB, SA2, Health), 2013, 2018, and 2023 Censuses",I,2023,2023,9999,Total - New Zealand by regional council,B0804,Hong Kong (Special Administrative Region),08,35-39 years,1197,,,
DATAFLOW,STATSNZ:CEN23_ECI_006(1.0),"Birthplace and age for the census usually resident population count, (RC, TALB, SA2, Health), 2013, 2018, and 2023 Censuses",I,2023,2023,9999,Total - New Zealand by regional council,C,Not elsewhere included,3,30-64 years,17208,,,
DATAFLOW,STATSNZ:CEN23_ECI_006(1.0),"Birthplace and age for the census usually resident population count, (RC, TALB, SA2, Health), 2013, 2018, and 2023 Censuses",I,2023,2023,9999,Total - New Zealand by regional council,B1007,Mexico,07,30-34 years,405,,,
DATAFLOW,STATSNZ:CEN23_ECI_006(1.0),"Birthplace and age for the census usually resident population count, (RC, TALB, SA2, Health), 2013, 2018, and 2023 Censuses",I,2023,2023,9999,Total - New Zealand by regional council,B0402,Scotland,03,10-14 years,396,,,
DATAFLOW,STATSNZ:CEN23_ECI_006(1.0),"Birthplace and age for the census usually resident population count, (RC, TALB, SA2, Health), 2013, 2018, and 2023 Censuses",I,2023,2023,9999,Total - New Zealand by regional council,A,New Zealand,2,15-29 years,702435,,,
DATAFLOW,STATSNZ:CEN23_ECI_006(1.0),"Birthplace and age for the census usually resident population count, (RC, TALB, SA2, Health), 2013, 2018, and 2023 Censuses",I,2023,2023,9999,Total - New Zealand by regional council,B08,North-East Asia,17,80-84 years,3021,,,
DATAFLOW,STATSNZ:CEN23_ECI_006(1.0),"Birthplace and age for the census usually resident population count, (RC, TALB, SA2, Health), 2013, 2018, and 2023 Censuses",I,2023,2023,9999,Total - New Zealand by regional council,B0708,Myanmar,11,50-54 years,333,,,
DATAFLOW,STATSNZ:CEN23_ECI_006(1.0),"Birthplace and age for the census usually resident population count, (RC, TALB, SA2, Health), 2013, 2018, and 2023 Censuses",I,2023,2023,9999,Total - New Zealand by regional council,B0212,Other,17,80-84 years,27,,,
DATAFLOW,STATSNZ:CEN23_ECI_006(1.0),"Birthplace and age for the census usually resident population count, (RC, TALB, SA2, Health), 2013, 2018, and 2023 Censuses",I,2023,2023,9999,Total - New Zealand by regional council,B1001,United States of America,14,65-69 years,1560,,,
DATAFLOW,STATSNZ:CEN23_ECI_006(1.0),"Birthplace and age for the census usually resident population count, (RC, TALB, SA2, Health), 2013, 2018, and 2023 Censuses",I,2023,2023,9999,Total - New Zealand by regional council,B0512,Other,09,40-44 years,771,,,
DATAFLOW,STATSNZ:CEN23_ECI_006(1.0),"Birthplace and age for the census usually resident population count, (RC, TALB, SA2, Health), 2013, 2018, and 2023 Censuses",I,2023,2023,9999,Total - New Zealand by regional council,B06,North Africa and the Middle East,12,55-59 years,1542,,,
DATAFLOW,STATSNZ:CEN23_ECI_006(1.0),"Birthplace and age for the census usually resident population count, (RC, TALB, SA2, Health), 2013, 2018, and 2023 Censuses",I,2023,2023,9999,Total - New Zealand by regional council,B0804,Hong Kong (Special Administrative Region),10,45-49 years,1062,,,
DATAFLOW,STATSNZ:CEN23_ECI_006(1.0),"Birthplace and age for the census usually resident population count, (RC, TALB, SA2, Health), 2013, 2018, and 2023 Censuses",I,2023,2023,9999,Total - New Zealand by regional council,B0706,Indonesia,11,50-54 years,621,,,
DATAFLOW,STATSNZ:CEN23_ECI_006(1.0),"Birthplace and age for the census usually resident population count, (RC, TALB, SA2, Health), 2013, 2018, and 2023 Censuses",I,2023,2023,9999,Total - New Zealand by regional council,B0206,Vanuatu,3,30-64 years,747,,,
DATAFLOW,STATSNZ:CEN23_ECI_006(1.0),"Birthplace and age for the census usually resident population count, (RC, TALB, SA2, Health), 2013, 2018, and 2023 Censuses",I,2023,2023,9999,Total - New Zealand by regional council,B1103,Kenya,2,15-29 years,366,,,
DATAFLOW,STATSNZ:CEN23_ECI_006(1.0),"Birthplace and age for the census usually resident population count, (RC, TALB, SA2, Health), 2013, 2018, and 2023 Censuses",I,2023,2023,9999,Total - New Zealand by regional council,B0409,Northern Ireland,10,45-49 years,243,,,
DATAFLOW,STATSNZ:CEN23_ECI_006(1.0),"Birthplace and age for the census usually resident population count, (RC, TALB, SA2, Health), 2013, 2018, and 2023 Censuses",I,2023,2023,9999,Total - New Zealand by regional council,B0404,Netherlands,3,30-64 years,7503,,,
DATAFLOW,STATSNZ:CEN23_ECI_006(1.0),"Birthplace and age for the census usually resident population count, (RC, TALB, SA2, Health), 2013, 2018, and 2023 Censuses",I,2023,2023,9999,Total - New Zealand by regional council,B1004,Chile,01,0-4 years,51,,,
DATAFLOW,STATSNZ:CEN23_ECI_006(1.0),"Birthplace and age for the census usually resident population count, (RC, TALB, SA2, Health), 2013, 2018, and 2023 Censuses",I,2023,2023,9999,Total - New Zealand by regional council,B11,Sub-Saharan Africa,13,60-64 years,6825,,,
DATAFLOW,STATSNZ:CEN23_ECI_006(1.0),"Birthplace and age for the census usually resident population count, (RC, TALB, SA2, Health), 2013, 2018, and 2023 Censuses",I,2023,2023,9999,Total - New Zealand by regional council,B0708,Myanmar,06,25-29 years,333,,,
DATAFLOW,STATSNZ:CEN23_ECI_006(1.0),"Birthplace and age for the census usually resident population count, (RC, TALB, SA2, Health), 2013, 2018, and 2023 Censuses",I,2023,2023,9999,Total - New Zealand by regional council,C,Not elsewhere included,16,75-79 years,1068,,,
DATAFLOW,STATSNZ:CEN23_ECI_006(1.0),"Birthplace and age for the census usually resident population count, (RC, TALB, SA2, Health), 2013, 2018, and 2023 Censuses",I,2023,2023,9999,Total - New Zealand by regional council,B0407,France,99,Total - age,7476,,,
DATAFLOW,STATSNZ:CEN23_ECI_006(1.0),"Birthplace and age for the census usually resident population count, (RC, TALB, SA2, Health), 2013, 2018, and 2023 Censuses",I,2023,2023,9999,Total - New Zealand by regional council,B12,At sea,11,50-54 years,0,,,
DATAFLOW,STATSNZ:CEN23_ECI_006(1.0),"Birthplace and age for the census usually resident population count, (RC, TALB, SA2, Health), 2013, 2018, and 2023 Censuses",I,2023,2023,9999,Total - New Zealand by regional council,B1003,Brazil,01,0-4 years,60,,,
DATAFLOW,STATSNZ:CEN23_ECI_006(1.0),"Birthplace and age for the census usually resident population count, (RC, TALB, SA2, Health), 2013, 2018, and 2023 Censuses",I,2023,2023,9999,Total - New Zealand by regional council,B0608,Turkey,3,30-64 years,978,,,
DATAFLOW,STATSNZ:CEN23_ECI_006(1.0),"Birthplace and age for the census usually resident population count, (RC, TALB, SA2, Health), 2013, 2018, and 2023 Censuses",I,2023,2023,9999,Total - New Zealand by regional council,B0608,Turkey,15,70-74 years,12,,,
DATAFLOW,STATSNZ:CEN23_ECI_006(1.0),"Birthplace and age for the census usually resident population count, (RC, TALB, SA2, Health), 2013, 2018, and 2023 Censuses",I,2023,2023,9999,Total - New Zealand by regional council,B0401,England,07,30-34 years,12027,,,
DATAFLOW,STATSNZ:CEN23_ECI_006(1.0),"Birthplace and age for the census usually resident population count, (RC, TALB, SA2, Health), 2013, 2018, and 2023 Censuses",I,2023,2023,9999,Total - New Zealand by regional council,B1101,South Africa,03,10-14 years,5913,,,
DATAFLOW,STATSNZ:CEN23_ECI_006(1.0),"Birthplace and age for the census usually resident population count, (RC, TALB, SA2, Health), 2013, 2018, and 2023 Censuses",I,2023,2023,9999,Total - New Zealand by regional council,B0201,Fiji,4,65 years and over,9081,,,
DATAFLOW,STATSNZ:CEN23_ECI_006(1.0),"Birthplace and age for the census usually resident population count, (RC, TALB, SA2, Health), 2013, 2018, and 2023 Censuses",I,2023,2023,9999,Total - New Zealand by regional council,B06,North Africa and the Middle East,13,60-64 years,1329,,,
DATAFLOW,STATSNZ:CEN23_ECI_006(1.0),"Birthplace and age for the census usually resident population count, (RC, TALB, SA2, Health), 2013, 2018, and 2023 Censuses",I,2023,2023,9999,Total - New Zealand by regional council,B0510,Serbia,03,10-14 years,57,,,
DATAFLOW,STATSNZ:CEN23_ECI_006(1.0),"Birthplace and age for the census usually resident population count, (RC, TALB, SA2, Health), 2013, 2018, and 2023 Censuses",I,2023,2023,9999,Total - New Zealand by regional council,B12,At sea,17,80-84 years,0,,,
DATAFLOW,STATSNZ:CEN23_ECI_006(1.0),"Birthplace and age for the census usually resident population count, (RC, TALB, SA2, Health), 2013, 2018, and 2023 Censuses",I,2023,2023,9999,Total - New Zealand by regional council,B0409,Northern Ireland,06,25-29 years,159,,,
DATAFLOW,STATSNZ:CEN23_ECI_006(1.0),"Birthplace and age for the census usually resident population count, (RC, TALB, SA2, Health), 2013, 2018, and 2023 Censuses",I,2023,2023,9999,Total - New Zealand by regional council,B0208,Tuvalu,19,90 years and over,3,,,
DATAFLOW,STATSNZ:CEN23_ECI_006(1.0),"Birthplace and age for the census usually resident population count, (RC, TALB, SA2, Health), 2013, 2018, and 2023 Censuses",I,2023,2023,9999,Total - New Zealand by regional council,B0204,Cook Islands,14,65-69 years,1161,,,
DATAFLOW,STATSNZ:CEN23_ECI_006(1.0),"Birthplace and age for the census usually resident population count, (RC, TALB, SA2, Health), 2013, 2018, and 2023 Censuses",I,2023,2023,9999,Total - New Zealand by regional council,B1001,United States of America,02,5-9 years,1422,,,
DATAFLOW,STATSNZ:CEN23_ECI_006(1.0),"Birthplace and age for the census usually resident population count, (RC, TALB, SA2, Health), 2013, 2018, and 2023 Censuses",I,2023,2023,9999,Total - New Zealand by regional council,B1101,South Africa,19,90 years and over,228,,,
DATAFLOW,STATSNZ:CEN23_ECI_006(1.0),"Birthplace and age for the census usually resident population count, (RC, TALB, SA2, Health), 2013, 2018, and 2023 Censuses",I,2023,2023,9999,Total - New Zealand by regional council,A,New Zealand,3,30-64 years,1406976,,,
DATAFLOW,STATSNZ:CEN23_ECI_006(1.0),"Birthplace and age for the census usually resident population count, (RC, TALB, SA2, Health), 2013, 2018, and 2023 Censuses",I,2023,2023,9999,Total - New Zealand by regional council,B0606,Syria,11,50-54 years,81,,,
DATAFLOW,STATSNZ:CEN23_ECI_006(1.0),"Birthplace and age for the census usually resident population count, (RC, TALB, SA2, Health), 2013, 2018, and 2023 Censuses",I,2023,2023,9999,Total - New Zealand by regional council,B0410,Switzerland,15,70-74 years,216,,,
DATAFLOW,STATSNZ:CEN23_ECI_006(1.0),"Birthplace and age for the census usually resident population count, (RC, TALB, SA2, Health), 2013, 2018, and 2023 Censuses",I,2023,2023,9999,Total - New Zealand by regional council,B0606,Syria,2,15-29 years,555,,,
DATAFLOW,STATSNZ:CEN23_ECI_006(1.0),"Birthplace and age for the census usually resident population count, (RC, TALB, SA2, Health), 2013, 2018, and 2023 Censuses",I,2023,2023,9999,Total - New Zealand by regional council,B0702,Malaysia,3,30-64 years,12870,,,
DATAFLOW,STATSNZ:CEN23_ECI_006(1.0),"Birthplace and age for the census usually resident population count, (RC, TALB, SA2, Health), 2013, 2018, and 2023 Censuses",I,2023,2023,9999,Total - New Zealand by regional council,B1004,Chile,16,75-79 years,51,,,
DATAFLOW,STATSNZ:CEN23_ECI_006(1.0),"Birthplace and age for the census usually resident population count, (RC, TALB, SA2, Health), 2013, 2018, and 2023 Censuses",I,2023,2023,9999,Total - New Zealand by regional council,B1105,Ethiopia,3,30-64 years,1035,,,
DATAFLOW,STATSNZ:CEN23_ECI_006(1.0),"Birthplace and age for the census usually resident population count, (RC, TALB, SA2, Health), 2013, 2018, and 2023 Censuses",I,2023,2023,9999,Total - New Zealand by regional council,B0707,Singapore,Median,Median - age,39.9,,,
DATAFLOW,STATSNZ:CEN23_ECI_006(1.0),"Birthplace and age for the census usually resident population count, (RC, TALB, SA2, Health), 2013, 2018, and 2023 Censuses",I,2023,2023,9999,Total - New Zealand by regional council,B0704,Viet Nam,05,20-24 years,957,,,
DATAFLOW,STATSNZ:CEN23_ECI_006(1.0),"Birthplace and age for the census usually resident population count, (RC, TALB, SA2, Health), 2013, 2018, and 2023 Censuses",I,2023,2023,9999,Total - New Zealand by regional council,B0709,Other,04,15-19 years,48,,,
DATAFLOW,STATSNZ:CEN23_ECI_006(1.0),"Birthplace and age for the census usually resident population count, (RC, TALB, SA2, Health), 2013, 2018, and 2023 Censuses",I,2023,2023,9999,Total - New Zealand by regional council,B0706,Indonesia,01,0-4 years,69,,,
DATAFLOW,STATSNZ:CEN23_ECI_006(1.0),"Birthplace and age for the census usually resident population count, (RC, TALB, SA2, Health), 2013, 2018, and 2023 Censuses",I,2023,2023,9999,Total - New Zealand by regional council,B0212,Other,18,85-89 years,12,,,
DATAFLOW,STATSNZ:CEN23_ECI_006(1.0),"Birthplace and age for the census usually resident population count, (RC, TALB, SA2, Health), 2013, 2018, and 2023 Censuses",I,2023,2023,9999,Total - New Zealand by regional council,B08,North-East Asia,Median,Median - age,41.1,,,
DATAFLOW,STATSNZ:CEN23_ECI_006(1.0),"Birthplace and age for the census usually resident population count, (RC, TALB, SA2, Health), 2013, 2018, and 2023 Censuses",I,2023,2023,9999,Total - New Zealand by regional council,B0409,Northern Ireland,17,80-84 years,318,,,
DATAFLOW,STATSNZ:CEN23_ECI_006(1.0),"Birthplace and age for the census usually resident population count, (RC, TALB, SA2, Health), 2013, 2018, and 2023 Censuses",I,2023,2023,9999,Total - New Zealand by regional council,B0507,Croatia,10,45-49 years,93,,,
DATAFLOW,STATSNZ:CEN23_ECI_006(1.0),"Birthplace and age for the census usually resident population count, (RC, TALB, SA2, Health), 2013, 2018, and 2023 Censuses",I,2023,2023,9999,Total - New Zealand by regional council,B0402,Scotland,18,85-89 years,1101,,,
DATAFLOW,STATSNZ:CEN23_ECI_006(1.0),"Birthplace and age for the census usually resident population count, (RC, TALB, SA2, Health), 2013, 2018, and 2023 Censuses",I,2023,2023,9999,Total - New Zealand by regional council,B06,North Africa and the Middle East,08,35-39 years,3351,,,
DATAFLOW,STATSNZ:CEN23_ECI_006(1.0),"Birthplace and age for the census usually resident population count, (RC, TALB, SA2, Health), 2013, 2018, and 2023 Censuses",I,2023,2023,9999,Total - New Zealand by regional council,B0703,Thailand,12,55-59 years,861,,,
DATAFLOW,STATSNZ:CEN23_ECI_006(1.0),"Birthplace and age for the census usually resident population count, (RC, TALB, SA2, Health), 2013, 2018, and 2023 Censuses",I,2023,2023,9999,Total - New Zealand by regional council,B0907,Other,09,40-44 years,300,,,
DATAFLOW,STATSNZ:CEN23_ECI_006(1.0),"Birthplace and age for the census usually resident population count, (RC, TALB, SA2, Health), 2013, 2018, and 2023 Censuses",I,2023,2023,9999,Total - New Zealand by regional council,B1104,Zambia,99,Total - age,1557,,,
DATAFLOW,STATSNZ:CEN23_ECI_006(1.0),"Birthplace and age for the census usually resident population count, (RC, TALB, SA2, Health), 2013, 2018, and 2023 Censuses",I,2023,2023,9999,Total - New Zealand by regional council,B0609,Other Oceania and Antarctica,15,70-74 years,114,,,
DATAFLOW,STATSNZ:CEN23_ECI_006(1.0),"Birthplace and age for the census usually resident population count, (RC, TALB, SA2, Health), 2013, 2018, and 2023 Censuses",I,2023,2023,9999,Total - New Zealand by regional council,B0806,Other,14,65-69 years,21,,,
DATAFLOW,STATSNZ:CEN23_ECI_006(1.0),"Birthplace and age for the census usually resident population count, (RC, TALB, SA2, Health), 2013, 2018, and 2023 Censuses",I,2023,2023,9999,Total - New Zealand by regional council,B0410,Switzerland,02,5-9 years,96,,,
DATAFLOW,STATSNZ:CEN23_ECI_006(1.0),"Birthplace and age for the census usually resident population count, (RC, TALB, SA2, Health), 2013, 2018, and 2023 Censuses",I,2023,2023,9999,Total - New Zealand by regional council,B0512,Other,4,65 years and over,1278,,,
DATAFLOW,STATSNZ:CEN23_ECI_006(1.0),"Birthplace and age for the census usually resident population count, (RC, TALB, SA2, Health), 2013, 2018, and 2023 Censuses",I,2023,2023,9999,Total - New Zealand by regional council,B0901,India,03,10-14 years,3441,,,
DATAFLOW,STATSNZ:CEN23_ECI_006(1.0),"Birthplace and age for the census usually resident population count, (RC, TALB, SA2, Health), 2013, 2018, and 2023 Censuses",I,2023,2023,9999,Total - New Zealand by regional council,C,Not elsewhere included,01,0-4 years,2604,,,
DATAFLOW,STATSNZ:CEN23_ECI_006(1.0),"Birthplace and age for the census usually resident population count, (RC, TALB, SA2, Health), 2013, 2018, and 2023 Censuses",I,2023,2023,9999,Total - New Zealand by regional council,B12,At sea,1,Under 15 years,0,,,
DATAFLOW,STATSNZ:CEN23_ECI_006(1.0),"Birthplace and age for the census usually resident population count, (RC, TALB, SA2, Health), 2013, 2018, and 2023 Censuses",I,2023,2023,9999,Total - New Zealand by regional council,B0211,Solomon Islands,17,80-84 years,3,,,
DATAFLOW,STATSNZ:CEN23_ECI_006(1.0),"Birthplace and age for the census usually resident population count, (RC, TALB, SA2, Health), 2013, 2018, and 2023 Censuses",I,2023,2023,9999,Total - New Zealand by regional council,B0404,Netherlands,16,75-79 years,1569,,,
DATAFLOW,STATSNZ:CEN23_ECI_006(1.0),"Birthplace and age for the census usually resident population count, (RC, TALB, SA2, Health), 2013, 2018, and 2023 Censuses",I,2023,2023,9999,Total - New Zealand by regional council,B0804,Hong Kong (Special Administrative Region),03,10-14 years,837,,,
DATAFLOW,STATSNZ:CEN23_ECI_006(1.0),"Birthplace and age for the census usually resident population count, (RC, TALB, SA2, Health), 2013, 2018, and 2023 Censuses",I,2023,2023,9999,Total - New Zealand by regional council,B0204,Cook Islands,2,15-29 years,1572,,,
DATAFLOW,STATSNZ:CEN23_ECI_006(1.0),"Birthplace and age for the census usually resident population count, (RC, TALB, SA2, Health), 2013, 2018, and 2023 Censuses",I,2023,2023,9999,Total - New Zealand by regional council,B0702,Malaysia,2,15-29 years,4668,,,
DATAFLOW,STATSNZ:CEN23_ECI_006(1.0),"Birthplace and age for the census usually resident population count, (RC, TALB, SA2, Health), 2013, 2018, and 2023 Censuses",I,2023,2023,9999,Total - New Zealand by regional council,B0801,"China, People's Republic of",12,55-59 years,8637,,,
DATAFLOW,STATSNZ:CEN23_ECI_006(1.0),"Birthplace and age for the census usually resident population count, (RC, TALB, SA2, Health), 2013, 2018, and 2023 Censuses",I,2023,2023,9999,Total - New Zealand by regional council,B0706,Indonesia,08,35-39 years,711,,,
DATAFLOW,STATSNZ:CEN23_ECI_006(1.0),"Birthplace and age for the census usually resident population count, (RC, TALB, SA2, Health), 2013, 2018, and 2023 Censuses",I,2023,2023,9999,Total - New Zealand by regional council,B0905,Nepal,10,45-49 years,225,,,
DATAFLOW,STATSNZ:CEN23_ECI_006(1.0),"Birthplace and age for the census usually resident population count, (RC, TALB, SA2, Health), 2013, 2018, and 2023 Censuses",I,2023,2023,9999,Total - New Zealand by regional council,B0411,Sweden,04,15-19 years,84,,,
DATAFLOW,STATSNZ:CEN23_ECI_006(1.0),"Birthplace and age for the census usually resident population count, (RC, TALB, SA2, Health), 2013, 2018, and 2023 Censuses",I,2023,2023,9999,Total - New Zealand by regional council,B0906,Bangladesh,13,60-64 years,87,,,
DATAFLOW,STATSNZ:CEN23_ECI_006(1.0),"Birthplace and age for the census usually resident population count, (RC, TALB, SA2, Health), 2013, 2018, and 2023 Censuses",I,2023,2023,9999,Total - New Zealand by regional council,C,Not elsewhere included,12,55-59 years,2454,,,
DATAFLOW,STATSNZ:CEN23_ECI_006(1.0),"Birthplace and age for the census usually resident population count, (RC, TALB, SA2, Health), 2013, 2018, and 2023 Censuses",I,2023,2023,9999,Total - New Zealand by regional council,B01,Australia,15,70-74 years,2913,,,
DATAFLOW,STATSNZ:CEN23_ECI_006(1.0),"Birthplace and age for the census usually resident population count, (RC, TALB, SA2, Health), 2013, 2018, and 2023 Censuses",I,2023,2023,9999,Total - New Zealand by regional council,B1105,Ethiopia,06,25-29 years,174,,,
DATAFLOW,STATSNZ:CEN23_ECI_006(1.0),"Birthplace and age for the census usually resident population count, (RC, TALB, SA2, Health), 2013, 2018, and 2023 Censuses",I,2023,2023,9999,Total - New Zealand by regional council,B0608,Turkey,06,25-29 years,114,,,
DATAFLOW,STATSNZ:CEN23_ECI_006(1.0),"Birthplace and age for the census usually resident population count, (RC, TALB, SA2, Health), 2013, 2018, and 2023 Censuses",I,2023,2023,9999,Total - New Zealand by regional council,B0804,Hong Kong (Special Administrative Region),16,75-79 years,369,,,
DATAFLOW,STATSNZ:CEN23_ECI_006(1.0),"Birthplace and age for the census usually resident population count, (RC, TALB, SA2, Health), 2013, 2018, and 2023 Censuses",I,2023,2023,9999,Total - New Zealand by regional council,B0510,Serbia,04,15-19 years,54,,,
DATAFLOW,STATSNZ:CEN23_ECI_006(1.0),"Birthplace and age for the census usually resident population count, (RC, TALB, SA2, Health), 2013, 2018, and 2023 Censuses",I,2023,2023,9999,Total - New Zealand by regional council,B11,Sub-Saharan Africa,11,50-54 years,10326,,,
DATAFLOW,STATSNZ:CEN23_ECI_006(1.0),"Birthplace and age for the census usually resident population count, (RC, TALB, SA2, Health), 2013, 2018, and 2023 Censuses",I,2023,2023,9999,Total - New Zealand by regional council,B04,North-West Europe,99,Total - age,317868,,,
DATAFLOW,STATSNZ:CEN23_ECI_006(1.0),"Birthplace and age for the census usually resident population count, (RC, TALB, SA2, Health), 2013, 2018, and 2023 Censuses",I,2023,2023,9999,Total - New Zealand by regional council,B0606,Syria,17,80-84 years,6,,,
DATAFLOW,STATSNZ:CEN23_ECI_006(1.0),"Birthplace and age for the census usually resident population count, (RC, TALB, SA2, Health), 2013, 2018, and 2023 Censuses",I,2023,2023,9999,Total - New Zealand by regional council,B0508,Spain,08,35-39 years,210,,,
DATAFLOW,STATSNZ:CEN23_ECI_006(1.0),"Birthplace and age for the census usually resident population count, (RC, TALB, SA2, Health), 2013, 2018, and 2023 Censuses",I,2023,2023,9999,Total - New Zealand by regional council,B0203,Tonga,3,30-64 years,18738,,,
DATAFLOW,STATSNZ:CEN23_ECI_006(1.0),"Birthplace and age for the census usually resident population count, (RC, TALB, SA2, Health), 2013, 2018, and 2023 Censuses",I,2023,2023,9999,Total - New Zealand by regional council,999999,Total - birthplace,03,10-14 years,336174,,,
DATAFLOW,STATSNZ:CEN23_ECI_006(1.0),"Birthplace and age for the census usually resident population count, (RC, TALB, SA2, Health), 2013, 2018, and 2023 Censuses",I,2023,2023,9999,Total - New Zealand by regional council,B1006,Colombia,2,15-29 years,1035,,,
DATAFLOW,STATSNZ:CEN23_ECI_006(1.0),"Birthplace and age for the census usually resident population count, (RC, TALB, SA2, Health), 2013, 2018, and 2023 Censuses",I,2023,2023,9999,Total - New Zealand by regional council,B,Overseas,10,45-49 years,107433,,,
DATAFLOW,STATSNZ:CEN23_ECI_006(1.0),"Birthplace and age for the census usually resident population count, (RC, TALB, SA2, Health), 2013, 2018, and 2023 Censuses",I,2023,2023,9999,Total - New Zealand by regional council,B0503,Czech Republic,03,10-14 years,27,,,
DATAFLOW,STATSNZ:CEN23_ECI_006(1.0),"Birthplace and age for the census usually resident population count, (RC, TALB, SA2, Health), 2013, 2018, and 2023 Censuses",I,2023,2023,9999,Total - New Zealand by regional council,B0206,Vanuatu,08,35-39 years,165,,,
DATAFLOW,STATSNZ:CEN23_ECI_006(1.0),"Birthplace and age for the census usually resident population count, (RC, TALB, SA2, Health), 2013, 2018, and 2023 Censuses",I,2023,2023,9999,Total - New Zealand by regional council,B0602,Iran,06,25-29 years,246,,,
DATAFLOW,STATSNZ:CEN23_ECI_006(1.0),"Birthplace and age for the census usually resident population count, (RC, TALB, SA2, Health), 2013, 2018, and 2023 Censuses",I,2023,2023,9999,Total - New Zealand by regional council,B1104,Zambia,11,50-54 years,195,,,
DATAFLOW,STATSNZ:CEN23_ECI_006(1.0),"Birthplace and age for the census usually resident population count, (RC, TALB, SA2, Health), 2013, 2018, and 2023 Censuses",I,2023,2023,9999,Total - New Zealand by regional council,B1006,Colombia,01,0-4 years,21,,,
DATAFLOW,STATSNZ:CEN23_ECI_006(1.0),"Birthplace and age for the census usually resident population count, (RC, TALB, SA2, Health), 2013, 2018, and 2023 Censuses",I,2023,2023,9999,Total - New Zealand by regional council,B12,At sea,01,0-4 years,0,,,
DATAFLOW,STATSNZ:CEN23_ECI_006(1.0),"Birthplace and age for the census usually resident population count, (RC, TALB, SA2, Health), 2013, 2018, and 2023 Censuses",I,2023,2023,9999,Total - New Zealand by regional council,B0804,Hong Kong (Special Administrative Region),13,60-64 years,1008,,,
DATAFLOW,STATSNZ:CEN23_ECI_006(1.0),"Birthplace and age for the census usually resident population count, (RC, TALB, SA2, Health), 2013, 2018, and 2023 Censuses",I,2023,2023,9999,Total - New Zealand by regional council,B0607,Israel,17,80-84 years,6,,,
DATAFLOW,STATSNZ:CEN23_ECI_006(1.0),"Birthplace and age for the census usually resident population count, (RC, TALB, SA2, Health), 2013, 2018, and 2023 Censuses",I,2023,2023,9999,Total - New Zealand by regional council,B0605,United Arab Emirates,09,40-44 years,129,,,
DATAFLOW,STATSNZ:CEN23_ECI_006(1.0),"Birthplace and age for the census usually resident population count, (RC, TALB, SA2, Health), 2013, 2018, and 2023 Censuses",I,2023,2023,9999,Total - New Zealand by regional council,B0414,Belgium,16,75-79 years,30,,,
DATAFLOW,STATSNZ:CEN23_ECI_006(1.0),"Birthplace and age for the census usually resident population count, (RC, TALB, SA2, Health), 2013, 2018, and 2023 Censuses",I,2023,2023,9999,Total - New Zealand by regional council,B0701,Philippines,12,55-59 years,4641,,,
DATAFLOW,STATSNZ:CEN23_ECI_006(1.0),"Birthplace and age for the census usually resident population count, (RC, TALB, SA2, Health), 2013, 2018, and 2023 Censuses",I,2023,2023,9999,Total - New Zealand by regional council,B1003,Brazil,10,45-49 years,987,,,
DATAFLOW,STATSNZ:CEN23_ECI_006(1.0),"Birthplace and age for the census usually resident population count, (RC, TALB, SA2, Health), 2013, 2018, and 2023 Censuses",I,2023,2023,9999,Total - New Zealand by regional council,B0707,Singapore,4,65 years and over,1047,,,
DATAFLOW,STATSNZ:CEN23_ECI_006(1.0),"Birthplace and age for the census usually resident population count, (RC, TALB, SA2, Health), 2013, 2018, and 2023 Censuses",I,2023,2023,9999,Total - New Zealand by regional council,B0901,India,02,5-9 years,3801,,,
DATAFLOW,STATSNZ:CEN23_ECI_006(1.0),"Birthplace and age for the census usually resident population count, (RC, TALB, SA2, Health), 2013, 2018, and 2023 Censuses",I,2023,2023,9999,Total - New Zealand by regional council,B0510,Serbia,14,65-69 years,102,,,
DATAFLOW,STATSNZ:CEN23_ECI_006(1.0),"Birthplace and age for the census usually resident population count, (RC, TALB, SA2, Health), 2013, 2018, and 2023 Censuses",I,2023,2023,9999,Total - New Zealand by regional council,B0608,Turkey,03,10-14 years,48,,,
DATAFLOW,STATSNZ:CEN23_ECI_006(1.0),"Birthplace and age for the census usually resident population count, (RC, TALB, SA2, Health), 2013, 2018, and 2023 Censuses",I,2023,2023,9999,Total - New Zealand by regional council,B0205,Niue,03,10-14 years,12,,,
DATAFLOW,STATSNZ:CEN23_ECI_006(1.0),"Birthplace and age for the census usually resident population count, (RC, TALB, SA2, Health), 2013, 2018, and 2023 Censuses",I,2023,2023,9999,Total - New Zealand by regional council,B0507,Croatia,14,65-69 years,171,,,
DATAFLOW,STATSNZ:CEN23_ECI_006(1.0),"Birthplace and age for the census usually resident population count, (RC, TALB, SA2, Health), 2013, 2018, and 2023 Censuses",I,2023,2023,9999,Total - New Zealand by regional council,B0805,Taiwan,09,40-44 years,1581,,,
DATAFLOW,STATSNZ:CEN23_ECI_006(1.0),"Birthplace and age for the census usually resident population count, (RC, TALB, SA2, Health), 2013, 2018, and 2023 Censuses",I,2023,2023,9999,Total - New Zealand by regional council,B0803,Japan,18,85-89 years,39,,,
DATAFLOW,STATSNZ:CEN23_ECI_006(1.0),"Birthplace and age for the census usually resident population count, (RC, TALB, SA2, Health), 2013, 2018, and 2023 Censuses",I,2023,2023,9999,Total - New Zealand by regional council,B0705,Cambodia,11,50-54 years,669,,,
DATAFLOW,STATSNZ:CEN23_ECI_006(1.0),"Birthplace and age for the census usually resident population count, (RC, TALB, SA2, Health), 2013, 2018, and 2023 Censuses",I,2023,2023,9999,Total - New Zealand by regional council,B0512,Other,3,30-64 years,4527,,,
DATAFLOW,STATSNZ:CEN23_ECI_006(1.0),"Birthplace and age for the census usually resident population count, (RC, TALB, SA2, Health), 2013, 2018, and 2023 Censuses",I,2023,2023,9999,Total - New Zealand by regional council,B0401,England,18,85-89 years,6900,,,
DATAFLOW,STATSNZ:CEN23_ECI_006(1.0),"Birthplace and age for the census usually resident population count, (RC, TALB, SA2, Health), 2013, 2018, and 2023 Censuses",I,2023,2023,9999,Total - New Zealand by regional council,B10,The Americas,13,60-64 years,3372,,,
DATAFLOW,STATSNZ:CEN23_ECI_006(1.0),"Birthplace and age for the census usually resident population count, (RC, TALB, SA2, Health), 2013, 2018, and 2023 Censuses",I,2023,2023,9999,Total - New Zealand by regional council,B0906,Bangladesh,Median,Median - age,35.8,,,
DATAFLOW,STATSNZ:CEN23_ECI_006(1.0),"Birthplace and age for the census usually resident population count, (RC, TALB, SA2, Health), 2013, 2018, and 2023 Censuses",I,2023,2023,9999,Total - New Zealand by regional council,B0202,Samoa,15,70-74 years,3108,,,
DATAFLOW,STATSNZ:CEN23_ECI_006(1.0),"Birthplace and age for the census usually resident population count, (RC, TALB, SA2, Health), 2013, 2018, and 2023 Censuses",I,2023,2023,9999,Total - New Zealand by regional council,B0709,Other,16,75-79 years,27,,,
DATAFLOW,STATSNZ:CEN23_ECI_006(1.0),"Birthplace and age for the census usually resident population count, (RC, TALB, SA2, Health), 2013, 2018, and 2023 Censuses",I,2023,2023,9999,Total - New Zealand by regional council,B0208,Tuvalu,Median,Median - age,38.4,,,
DATAFLOW,STATSNZ:CEN23_ECI_006(1.0),"Birthplace and age for the census usually resident population count, (RC, TALB, SA2, Health), 2013, 2018, and 2023 Censuses",I,2023,2023,9999,Total - New Zealand by regional council,B0907,Other,13,60-64 years,138,,,
DATAFLOW,STATSNZ:CEN23_ECI_006(1.0),"Birthplace and age for the census usually resident population count, (RC, TALB, SA2, Health), 2013, 2018, and 2023 Censuses",I,2023,2023,9999,Total - New Zealand by regional council,B0211,Solomon Islands,16,75-79 years,3,,,
DATAFLOW,STATSNZ:CEN23_ECI_006(1.0),"Birthplace and age for the census usually resident population count, (RC, TALB, SA2, Health), 2013, 2018, and 2023 Censuses",I,2023,2023,9999,Total - New Zealand by regional council,B0211,Solomon Islands,99,Total - age,726,,,
DATAFLOW,STATSNZ:CEN23_ECI_006(1.0),"Birthplace and age for the census usually resident population count, (RC, TALB, SA2, Health), 2013, 2018, and 2023 Censuses",I,2023,2023,9999,Total - New Zealand by regional council,B1006,Colombia,11,50-54 years,195,,,
DATAFLOW,STATSNZ:CEN23_ECI_006(1.0),"Birthplace and age for the census usually resident population count, (RC, TALB, SA2, Health), 2013, 2018, and 2023 Censuses",I,2023,2023,9999,Total - New Zealand by regional council,B0806,Other,Median,Median - age,38.9,,,
DATAFLOW,STATSNZ:CEN23_ECI_006(1.0),"Birthplace and age for the census usually resident population count, (RC, TALB, SA2, Health), 2013, 2018, and 2023 Censuses",I,2023,2023,9999,Total - New Zealand by regional council,B0702,Malaysia,1,Under 15 years,1341,,,
DATAFLOW,STATSNZ:CEN23_ECI_006(1.0),"Birthplace and age for the census usually resident population count, (RC, TALB, SA2, Health), 2013, 2018, and 2023 Censuses",I,2023,2023,9999,Total - New Zealand by regional council,B0607,Israel,06,25-29 years,69,,,
DATAFLOW,STATSNZ:CEN23_ECI_006(1.0),"Birthplace and age for the census usually resident population count, (RC, TALB, SA2, Health), 2013, 2018, and 2023 Censuses",I,2023,2023,9999,Total - New Zealand by regional council,B1105,Ethiopia,03,10-14 years,72,,,
DATAFLOW,STATSNZ:CEN23_ECI_006(1.0),"Birthplace and age for the census usually resident population count, (RC, TALB, SA2, Health), 2013, 2018, and 2023 Censuses",I,2023,2023,9999,Total - New Zealand by regional council,B0208,Tuvalu,05,20-24 years,153,,,
DATAFLOW,STATSNZ:CEN23_ECI_006(1.0),"Birthplace and age for the census usually resident population count, (RC, TALB, SA2, Health), 2013, 2018, and 2023 Censuses",I,2023,2023,9999,Total - New Zealand by regional council,B0205,Niue,04,15-19 years,24,,,
DATAFLOW,STATSNZ:CEN23_ECI_006(1.0),"Birthplace and age for the census usually resident population count, (RC, TALB, SA2, Health), 2013, 2018, and 2023 Censuses",I,2023,2023,9999,Total - New Zealand by regional council,B0607,Israel,16,75-79 years,24,,,
DATAFLOW,STATSNZ:CEN23_ECI_006(1.0),"Birthplace and age for the census usually resident population count, (RC, TALB, SA2, Health), 2013, 2018, and 2023 Censuses",I,2023,2023,9999,Total - New Zealand by regional council,B0907,Other,08,35-39 years,441,,,
DATAFLOW,STATSNZ:CEN23_ECI_006(1.0),"Birthplace and age for the census usually resident population count, (RC, TALB, SA2, Health), 2013, 2018, and 2023 Censuses",I,2023,2023,9999,Total - New Zealand by regional council,B0902,Sri Lanka,01,0-4 years,264,,,
DATAFLOW,STATSNZ:CEN23_ECI_006(1.0),"Birthplace and age for the census usually resident population count, (RC, TALB, SA2, Health), 2013, 2018, and 2023 Censuses",I,2023,2023,9999,Total - New Zealand by regional council,B0210,Tokelau,4,65 years and over,378,,,
DATAFLOW,STATSNZ:CEN23_ECI_006(1.0),"Birthplace and age for the census usually resident population count, (RC, TALB, SA2, Health), 2013, 2018, and 2023 Censuses",I,2023,2023,9999,Total - New Zealand by regional council,B0906,Bangladesh,05,20-24 years,144,,,
DATAFLOW,STATSNZ:CEN23_ECI_006(1.0),"Birthplace and age for the census usually resident population count, (RC, TALB, SA2, Health), 2013, 2018, and 2023 Censuses",I,2023,2023,9999,Total - New Zealand by regional council,B0414,Belgium,03,10-14 years,63,,,
DATAFLOW,STATSNZ:CEN23_ECI_006(1.0),"Birthplace and age for the census usually resident population count, (RC, TALB, SA2, Health), 2013, 2018, and 2023 Censuses",I,2023,2023,9999,Total - New Zealand by regional council,B0212,Other,99,Total - age,2451,,,
DATAFLOW,STATSNZ:CEN23_ECI_006(1.0),"Birthplace and age for the census usually resident population count, (RC, TALB, SA2, Health), 2013, 2018, and 2023 Censuses",I,2023,2023,9999,Total - New Zealand by regional council,B03,Other Oceania and Antarctica,3,30-64 years,0,,,
DATAFLOW,STATSNZ:CEN23_ECI_006(1.0),"Birthplace and age for the census usually resident population count, (RC, TALB, SA2, Health), 2013, 2018, and 2023 Censuses",I,2023,2023,9999,Total - New Zealand by regional council,B0415,Channel Islands,04,15-19 years,39,,,
DATAFLOW,STATSNZ:CEN23_ECI_006(1.0),"Birthplace and age for the census usually resident population count, (RC, TALB, SA2, Health), 2013, 2018, and 2023 Censuses",I,2023,2023,9999,Total - New Zealand by regional council,B09,Southern and Central Asia,09,40-44 years,17502,,,
DATAFLOW,STATSNZ:CEN23_ECI_006(1.0),"Birthplace and age for the census usually resident population count, (RC, TALB, SA2, Health), 2013, 2018, and 2023 Censuses",I,2023,2023,9999,Total - New Zealand by regional council,B1004,Chile,99,Total - age,5661,,,
DATAFLOW,STATSNZ:CEN23_ECI_006(1.0),"Birthplace and age for the census usually resident population count, (RC, TALB, SA2, Health), 2013, 2018, and 2023 Censuses",I,2023,2023,9999,Total - New Zealand by regional council,B0605,United Arab Emirates,03,10-14 years,522,,,
DATAFLOW,STATSNZ:CEN23_ECI_006(1.0),"Birthplace and age for the census usually resident population count, (RC, TALB, SA2, Health), 2013, 2018, and 2023 Censuses",I,2023,2023,9999,Total - New Zealand by regional council,B1004,Chile,11,50-54 years,264,,,
DATAFLOW,STATSNZ:CEN23_ECI_006(1.0),"Birthplace and age for the census usually resident population count, (RC, TALB, SA2, Health), 2013, 2018, and 2023 Censuses",I,2023,2023,9999,Total - New Zealand by regional council,B0510,Serbia,11,50-54 years,102,,,
DATAFLOW,STATSNZ:CEN23_ECI_006(1.0),"Birthplace and age for the census usually resident population count, (RC, TALB, SA2, Health), 2013, 2018, and 2023 Censuses",I,2023,2023,9999,Total - New Zealand by regional council,B0706,Indonesia,3,30-64 years,4245,,,
DATAFLOW,STATSNZ:CEN23_ECI_006(1.0),"Birthplace and age for the census usually resident population count, (RC, TALB, SA2, Health), 2013, 2018, and 2023 Censuses",I,2023,2023,9999,Total - New Zealand by regional council,B0905,Nepal,05,20-24 years,795,,,
DATAFLOW,STATSNZ:CEN23_ECI_006(1.0),"Birthplace and age for the census usually resident population count, (RC, TALB, SA2, Health), 2013, 2018, and 2023 Censuses",I,2023,2023,9999,Total - New Zealand by regional council,B10,The Americas,99,Total - age,77823,,,
DATAFLOW,STATSNZ:CEN23_ECI_006(1.0),"Birthplace and age for the census usually resident population count, (RC, TALB, SA2, Health), 2013, 2018, and 2023 Censuses",I,2023,2023,9999,Total - New Zealand by regional council,B0203,Tonga,2,15-29 years,5067,,,
DATAFLOW,STATSNZ:CEN23_ECI_006(1.0),"Birthplace and age for the census usually resident population count, (RC, TALB, SA2, Health), 2013, 2018, and 2023 Censuses",I,2023,2023,9999,Total - New Zealand by regional council,B0209,Papua New Guinea,1,Under 15 years,87,,,
DATAFLOW,STATSNZ:CEN23_ECI_006(1.0),"Birthplace and age for the census usually resident population count, (RC, TALB, SA2, Health), 2013, 2018, and 2023 Censuses",I,2023,2023,9999,Total - New Zealand by regional council,B0707,Singapore,10,45-49 years,540,,,
DATAFLOW,STATSNZ:CEN23_ECI_006(1.0),"Birthplace and age for the census usually resident population count, (RC, TALB, SA2, Health), 2013, 2018, and 2023 Censuses",I,2023,2023,9999,Total - New Zealand by regional council,B0904,Afghanistan,19,90 years and over,6,,,
DATAFLOW,STATSNZ:CEN23_ECI_006(1.0),"Birthplace and age for the census usually resident population count, (RC, TALB, SA2, Health), 2013, 2018, and 2023 Censuses",I,2023,2023,9999,Total - New Zealand by regional council,B0604,Egypt,01,0-4 years,18,,,
DATAFLOW,STATSNZ:CEN23_ECI_006(1.0),"Birthplace and age for the census usually resident population count, (RC, TALB, SA2, Health), 2013, 2018, and 2023 Censuses",I,2023,2023,9999,Total - New Zealand by regional council,B0408,Wales,16,75-79 years,567,,,
DATAFLOW,STATSNZ:CEN23_ECI_006(1.0),"Birthplace and age for the census usually resident population count, (RC, TALB, SA2, Health), 2013, 2018, and 2023 Censuses",I,2023,2023,9999,Total - New Zealand by regional council,B1106,Somalia,12,55-59 years,63,,,
DATAFLOW,STATSNZ:CEN23_ECI_006(1.0),"Birthplace and age for the census usually resident population count, (RC, TALB, SA2, Health), 2013, 2018, and 2023 Censuses",I,2023,2023,9999,Total - New Zealand by regional council,B0408,Wales,3,30-64 years,4362,,,
DATAFLOW,STATSNZ:CEN23_ECI_006(1.0),"Birthplace and age for the census usually resident population count, (RC, TALB, SA2, Health), 2013, 2018, and 2023 Censuses",I,2023,2023,9999,Total - New Zealand by regional council,B02,Pacific Islands,08,35-39 years,18321,,,
DATAFLOW,STATSNZ:CEN23_ECI_006(1.0),"Birthplace and age for the census usually resident population count, (RC, TALB, SA2, Health), 2013, 2018, and 2023 Censuses",I,2023,2023,9999,Total - New Zealand by regional council,B0208,Tuvalu,3,30-64 years,1323,,,
DATAFLOW,STATSNZ:CEN23_ECI_006(1.0),"Birthplace and age for the census usually resident population count, (RC, TALB, SA2, Health), 2013, 2018, and 2023 Censuses",I,2023,2023,9999,Total - New Zealand by regional council,B1006,Colombia,03,10-14 years,171,,,
DATAFLOW,STATSNZ:CEN23_ECI_006(1.0),"Birthplace and age for the census usually resident population count, (RC, TALB, SA2, Health), 2013, 2018, and 2023 Censuses",I,2023,2023,9999,Total - New Zealand by regional council,B0803,Japan,99,Total - age,12723,,,
DATAFLOW,STATSNZ:CEN23_ECI_006(1.0),"Birthplace and age for the census usually resident population count, (RC, TALB, SA2, Health), 2013, 2018, and 2023 Censuses",I,2023,2023,9999,Total - New Zealand by regional council,B01,Australia,11,50-54 years,5394,,,
DATAFLOW,STATSNZ:CEN23_ECI_006(1.0),"Birthplace and age for the census usually resident population count, (RC, TALB, SA2, Health), 2013, 2018, and 2023 Censuses",I,2023,2023,9999,Total - New Zealand by regional council,B0605,United Arab Emirates,1,Under 15 years,1356,,,
DATAFLOW,STATSNZ:CEN23_ECI_006(1.0),"Birthplace and age for the census usually resident population count, (RC, TALB, SA2, Health), 2013, 2018, and 2023 Censuses",I,2023,2023,9999,Total - New Zealand by regional council,B0414,Belgium,06,25-29 years,129,,,
DATAFLOW,STATSNZ:CEN23_ECI_006(1.0),"Birthplace and age for the census usually resident population count, (RC, TALB, SA2, Health), 2013, 2018, and 2023 Censuses",I,2023,2023,9999,Total - New Zealand by regional council,B0408,Wales,18,85-89 years,240,,,
DATAFLOW,STATSNZ:CEN23_ECI_006(1.0),"Birthplace and age for the census usually resident population count, (RC, TALB, SA2, Health), 2013, 2018, and 2023 Censuses",I,2023,2023,9999,Total - New Zealand by regional council,B0511,Greece,11,50-54 years,48,,,
DATAFLOW,STATSNZ:CEN23_ECI_006(1.0),"Birthplace and age for the census usually resident population count, (RC, TALB, SA2, Health), 2013, 2018, and 2023 Censuses",I,2023,2023,9999,Total - New Zealand by regional council,B0602,Iran,4,65 years and over,507,,,
DATAFLOW,STATSNZ:CEN23_ECI_006(1.0),"Birthplace and age for the census usually resident population count, (RC, TALB, SA2, Health), 2013, 2018, and 2023 Censuses",I,2023,2023,9999,Total - New Zealand by regional council,B0416,Other,19,90 years and over,12,,,
DATAFLOW,STATSNZ:CEN23_ECI_006(1.0),"Birthplace and age for the census usually resident population count, (RC, TALB, SA2, Health), 2013, 2018, and 2023 Censuses",I,2023,2023,9999,Total - New Zealand by regional council,B0907,Other,15,70-74 years,54,,,
DATAFLOW,STATSNZ:CEN23_ECI_006(1.0),"Birthplace and age for the census usually resident population count, (RC, TALB, SA2, Health), 2013, 2018, and 2023 Censuses",I,2023,2023,9999,Total - New Zealand by regional council,B1103,Kenya,16,75-79 years,66,,,
DATAFLOW,STATSNZ:CEN23_ECI_006(1.0),"Birthplace and age for the census usually resident population count, (RC, TALB, SA2, Health), 2013, 2018, and 2023 Censuses",I,2023,2023,9999,Total - New Zealand by regional council,B0415,Channel Islands,3,30-64 years,507,,,
DATAFLOW,STATSNZ:CEN23_ECI_006(1.0),"Birthplace and age for the census usually resident population count, (RC, TALB, SA2, Health), 2013, 2018, and 2023 Censuses",I,2023,2023,9999,Total - New Zealand by regional council,B0511,Greece,19,90 years and over,27,,,
DATAFLOW,STATSNZ:CEN23_ECI_006(1.0),"Birthplace and age for the census usually resident population count, (RC, TALB, SA2, Health), 2013, 2018, and 2023 Censuses",I,2023,2023,9999,Total - New Zealand by regional council,B0409,Northern Ireland,2,15-29 years,333,,,
DATAFLOW,STATSNZ:CEN23_ECI_006(1.0),"Birthplace and age for the census usually resident population count, (RC, TALB, SA2, Health), 2013, 2018, and 2023 Censuses",I,2023,2023,9999,Total - New Zealand by regional council,B0903,Pakistan,4,65 years and over,333,,,
DATAFLOW,STATSNZ:CEN23_ECI_006(1.0),"Birthplace and age for the census usually resident population count, (RC, TALB, SA2, Health), 2013, 2018, and 2023 Censuses",I,2023,2023,9999,Total - New Zealand by regional council,B0903,Pakistan,07,30-34 years,735,,,
DATAFLOW,STATSNZ:CEN23_ECI_006(1.0),"Birthplace and age for the census usually resident population count, (RC, TALB, SA2, Health), 2013, 2018, and 2023 Censuses",I,2023,2023,9999,Total - New Zealand by regional council,B0502,Italy,05,20-24 years,138,,,
DATAFLOW,STATSNZ:CEN23_ECI_006(1.0),"Birthplace and age for the census usually resident population count, (RC, TALB, SA2, Health), 2013, 2018, and 2023 Censuses",I,2023,2023,9999,Total - New Zealand by regional council,B0805,Taiwan,15,70-74 years,897,,,
DATAFLOW,STATSNZ:CEN23_ECI_006(1.0),"Birthplace and age for the census usually resident population count, (RC, TALB, SA2, Health), 2013, 2018, and 2023 Censuses",I,2023,2023,9999,Total - New Zealand by regional council,B11,Sub-Saharan Africa,19,90 years and over,273,,,
DATAFLOW,STATSNZ:CEN23_ECI_006(1.0),"Birthplace and age for the census usually resident population count, (RC, TALB, SA2, Health), 2013, 2018, and 2023 Censuses",I,2023,2023,9999,Total - New Zealand by regional council,B0709,Other,4,65 years and over,234,,,
DATAFLOW,STATSNZ:CEN23_ECI_006(1.0),"Birthplace and age for the census usually resident population count, (RC, TALB, SA2, Health), 2013, 2018, and 2023 Censuses",I,2023,2023,9999,Total - New Zealand by regional council,B1004,Chile,18,85-89 years,15,,,
DATAFLOW,STATSNZ:CEN23_ECI_006(1.0),"Birthplace and age for the census usually resident population count, (RC, TALB, SA2, Health), 2013, 2018, and 2023 Censuses",I,2023,2023,9999,Total - New Zealand by regional council,B0212,Other,15,70-74 years,57,,,
DATAFLOW,STATSNZ:CEN23_ECI_006(1.0),"Birthplace and age for the census usually resident population count, (RC, TALB, SA2, Health), 2013, 2018, and 2023 Censuses",I,2023,2023,9999,Total - New Zealand by regional council,B0206,Vanuatu,18,85-89 years,0,,,
DATAFLOW,STATSNZ:CEN23_ECI_006(1.0),"Birthplace and age for the census usually resident population count, (RC, TALB, SA2, Health), 2013, 2018, and 2023 Censuses",I,2023,2023,9999,Total - New Zealand by regional council,B1107,Other Sub-Saharan Africa,18,85-89 years,39,,,
DATAFLOW,STATSNZ:CEN23_ECI_006(1.0),"Birthplace and age for the census usually resident population count, (RC, TALB, SA2, Health), 2013, 2018, and 2023 Censuses",I,2023,2023,9999,Total - New Zealand by regional council,B0504,Poland,15,70-74 years,84,,,
DATAFLOW,STATSNZ:CEN23_ECI_006(1.0),"Birthplace and age for the census usually resident population count, (RC, TALB, SA2, Health), 2013, 2018, and 2023 Censuses",I,2023,2023,9999,Total - New Zealand by regional council,B0507,Croatia,18,85-89 years,108,,,
DATAFLOW,STATSNZ:CEN23_ECI_006(1.0),"Birthplace and age for the census usually resident population count, (RC, TALB, SA2, Health), 2013, 2018, and 2023 Censuses",I,2023,2023,9999,Total - New Zealand by regional council,C,Not elsewhere included,Median,Median - age,33.6,,,
DATAFLOW,STATSNZ:CEN23_ECI_006(1.0),"Birthplace and age for the census usually resident population count, (RC, TALB, SA2, Health), 2013, 2018, and 2023 Censuses",I,2023,2023,9999,Total - New Zealand by regional council,B10,The Americas,07,30-34 years,10959,,,
DATAFLOW,STATSNZ:CEN23_ECI_006(1.0),"Birthplace and age for the census usually resident population count, (RC, TALB, SA2, Health), 2013, 2018, and 2023 Censuses",I,2023,2023,9999,Total - New Zealand by regional council,B02,Pacific Islands,10,45-49 years,15816,,,
DATAFLOW,STATSNZ:CEN23_ECI_006(1.0),"Birthplace and age for the census usually resident population count, (RC, TALB, SA2, Health), 2013, 2018, and 2023 Censuses",I,2023,2023,9999,Total - New Zealand by regional council,B0510,Serbia,09,40-44 years,153,,,
DATAFLOW,STATSNZ:CEN23_ECI_006(1.0),"Birthplace and age for the census usually resident population count, (RC, TALB, SA2, Health), 2013, 2018, and 2023 Censuses",I,2023,2023,9999,Total - New Zealand by regional council,B1102,Zimbabwe,09,40-44 years,789,,,
DATAFLOW,STATSNZ:CEN23_ECI_006(1.0),"Birthplace and age for the census usually resident population count, (RC, TALB, SA2, Health), 2013, 2018, and 2023 Censuses",I,2023,2023,9999,Total - New Zealand by regional council,B0904,Afghanistan,16,75-79 years,42,,,
DATAFLOW,STATSNZ:CEN23_ECI_006(1.0),"Birthplace and age for the census usually resident population count, (RC, TALB, SA2, Health), 2013, 2018, and 2023 Censuses",I,2023,2023,9999,Total - New Zealand by regional council,B1104,Zambia,07,30-34 years,57,,,
DATAFLOW,STATSNZ:CEN23_ECI_006(1.0),"Birthplace and age for the census usually resident population count, (RC, TALB, SA2, Health), 2013, 2018, and 2023 Censuses",I,2023,2023,9999,Total - New Zealand by regional council,B0512,Other,18,85-89 years,120,,,
DATAFLOW,STATSNZ:CEN23_ECI_006(1.0),"Birthplace and age for the census usually resident population count, (RC, TALB, SA2, Health), 2013, 2018, and 2023 Censuses",I,2023,2023,9999,Total - New Zealand by regional council,B1004,Chile,07,30-34 years,1182,,,
DATAFLOW,STATSNZ:CEN23_ECI_006(1.0),"Birthplace and age for the census usually resident population count, (RC, TALB, SA2, Health), 2013, 2018, and 2023 Censuses",I,2023,2023,9999,Total - New Zealand by regional council,B0707,Singapore,06,25-29 years,561,,,
DATAFLOW,STATSNZ:CEN23_ECI_006(1.0),"Birthplace and age for the census usually resident population count, (RC, TALB, SA2, Health), 2013, 2018, and 2023 Censuses",I,2023,2023,9999,Total - New Zealand by regional council,B0212,Other,Median,Median - age,34.6,,,
DATAFLOW,STATSNZ:CEN23_ECI_006(1.0),"Birthplace and age for the census usually resident population count, (RC, TALB, SA2, Health), 2013, 2018, and 2023 Censuses",I,2023,2023,9999,Total - New Zealand by regional council,B0505,Romania,17,80-84 years,48,,,
DATAFLOW,STATSNZ:CEN23_ECI_006(1.0),"Birthplace and age for the census usually resident population count, (RC, TALB, SA2, Health), 2013, 2018, and 2023 Censuses",I,2023,2023,9999,Total - New Zealand by regional council,B0609,Other Oceania and Antarctica,03,10-14 years,435,,,
DATAFLOW,STATSNZ:CEN23_ECI_006(1.0),"Birthplace and age for the census usually resident population count, (RC, TALB, SA2, Health), 2013, 2018, and 2023 Censuses",I,2023,2023,9999,Total - New Zealand by regional council,B0805,Taiwan,07,30-34 years,1236,,,
DATAFLOW,STATSNZ:CEN23_ECI_006(1.0),"Birthplace and age for the census usually resident population count, (RC, TALB, SA2, Health), 2013, 2018, and 2023 Censuses",I,2023,2023,9999,Total - New Zealand by regional council,B0603,Saudi Arabia,08,35-39 years,225,,,
DATAFLOW,STATSNZ:CEN23_ECI_006(1.0),"Birthplace and age for the census usually resident population count, (RC, TALB, SA2, Health), 2013, 2018, and 2023 Censuses",I,2023,2023,9999,Total - New Zealand by regional council,B0905,Nepal,12,55-59 years,69,,,
DATAFLOW,STATSNZ:CEN23_ECI_006(1.0),"Birthplace and age for the census usually resident population count, (RC, TALB, SA2, Health), 2013, 2018, and 2023 Censuses",I,2023,2023,9999,Total - New Zealand by regional council,B0406,Ireland,3,30-64 years,6342,,,
DATAFLOW,STATSNZ:CEN23_ECI_006(1.0),"Birthplace and age for the census usually resident population count, (RC, TALB, SA2, Health), 2013, 2018, and 2023 Censuses",I,2023,2023,9999,Total - New Zealand by regional council,B0907,Other,3,30-64 years,1743,,,
DATAFLOW,STATSNZ:CEN23_ECI_006(1.0),"Birthplace and age for the census usually resident population count, (RC, TALB, SA2, Health), 2013, 2018, and 2023 Censuses",I,2023,2023,9999,Total - New Zealand by regional council,B0207,Kiribati,1,Under 15 years,291,,,
DATAFLOW,STATSNZ:CEN23_ECI_006(1.0),"Birthplace and age for the census usually resident population count, (RC, TALB, SA2, Health), 2013, 2018, and 2023 Censuses",I,2023,2023,9999,Total - New Zealand by regional council,B0403,Germany,11,50-54 years,1356,,,
DATAFLOW,STATSNZ:CEN23_ECI_006(1.0),"Birthplace and age for the census usually resident population count, (RC, TALB, SA2, Health), 2013, 2018, and 2023 Censuses",I,2023,2023,9999,Total - New Zealand by regional council,B0606,Syria,03,10-14 years,318,,,
DATAFLOW,STATSNZ:CEN23_ECI_006(1.0),"Birthplace and age for the census usually resident population count, (RC, TALB, SA2, Health), 2013, 2018, and 2023 Censuses",I,2023,2023,9999,Total - New Zealand by regional council,B09,Southern and Central Asia,15,70-74 years,3255,,,
DATAFLOW,STATSNZ:CEN23_ECI_006(1.0),"Birthplace and age for the census usually resident population count, (RC, TALB, SA2, Health), 2013, 2018, and 2023 Censuses",I,2023,2023,9999,Total - New Zealand by regional council,999999,Total - birthplace,10,45-49 years,302220,,,
DATAFLOW,STATSNZ:CEN23_ECI_006(1.0),"Birthplace and age for the census usually resident population count, (RC, TALB, SA2, Health), 2013, 2018, and 2023 Censuses",I,2023,2023,9999,Total - New Zealand by regional council,B0509,Hungary,99,Total - age,1590,,,
DATAFLOW,STATSNZ:CEN23_ECI_006(1.0),"Birthplace and age for the census usually resident population count, (RC, TALB, SA2, Health), 2013, 2018, and 2023 Censuses",I,2023,2023,9999,Total - New Zealand by regional council,B1104,Zambia,16,75-79 years,39,,,
DATAFLOW,STATSNZ:CEN23_ECI_006(1.0),"Birthplace and age for the census usually resident population count, (RC, TALB, SA2, Health), 2013, 2018, and 2023 Censuses",I,2023,2023,9999,Total - New Zealand by regional council,B0605,United Arab Emirates,13,60-64 years,0,,,
DATAFLOW,STATSNZ:CEN23_ECI_006(1.0),"Birthplace and age for the census usually resident population count, (RC, TALB, SA2, Health), 2013, 2018, and 2023 Censuses",I,2023,2023,9999,Total - New Zealand by regional council,B0408,Wales,14,65-69 years,507,,,
DATAFLOW,STATSNZ:CEN23_ECI_006(1.0),"Birthplace and age for the census usually resident population count, (RC, TALB, SA2, Health), 2013, 2018, and 2023 Censuses",I,2023,2023,9999,Total - New Zealand by regional council,B1005,Argentina,06,25-29 years,699,,,
DATAFLOW,STATSNZ:CEN23_ECI_006(1.0),"Birthplace and age for the census usually resident population count, (RC, TALB, SA2, Health), 2013, 2018, and 2023 Censuses",I,2023,2023,9999,Total - New Zealand by regional council,B0601,Iraq,01,0-4 years,6,,,
DATAFLOW,STATSNZ:CEN23_ECI_006(1.0),"Birthplace and age for the census usually resident population count, (RC, TALB, SA2, Health), 2013, 2018, and 2023 Censuses",I,2023,2023,9999,Total - New Zealand by regional council,B0801,"China, People's Republic of",05,20-24 years,8181,,,
DATAFLOW,STATSNZ:CEN23_ECI_006(1.0),"Birthplace and age for the census usually resident population count, (RC, TALB, SA2, Health), 2013, 2018, and 2023 Censuses",I,2023,2023,9999,Total - New Zealand by regional council,B01,Australia,17,80-84 years,1452,,,
DATAFLOW,STATSNZ:CEN23_ECI_006(1.0),"Birthplace and age for the census usually resident population count, (RC, TALB, SA2, Health), 2013, 2018, and 2023 Censuses",I,2023,2023,9999,Total - New Zealand by regional council,B0604,Egypt,06,25-29 years,96,,,
DATAFLOW,STATSNZ:CEN23_ECI_006(1.0),"Birthplace and age for the census usually resident population count, (RC, TALB, SA2, Health), 2013, 2018, and 2023 Censuses",I,2023,2023,9999,Total - New Zealand by regional council,B1008,Other Americas,11,50-54 years,405,,,
DATAFLOW,STATSNZ:CEN23_ECI_006(1.0),"Birthplace and age for the census usually resident population count, (RC, TALB, SA2, Health), 2013, 2018, and 2023 Censuses",I,2023,2023,9999,Total - New Zealand by regional council,B0211,Solomon Islands,14,65-69 years,30,,,
DATAFLOW,STATSNZ:CEN23_ECI_006(1.0),"Birthplace and age for the census usually resident population count, (RC, TALB, SA2, Health), 2013, 2018, and 2023 Censuses",I,2023,2023,9999,Total - New Zealand by regional council,B0606,Syria,Median,Median - age,29.5,,,
DATAFLOW,STATSNZ:CEN23_ECI_006(1.0),"Birthplace and age for the census usually resident population count, (RC, TALB, SA2, Health), 2013, 2018, and 2023 Censuses",I,2023,2023,9999,Total - New Zealand by regional council,B01,Australia,1,Under 15 years,20328,,,
DATAFLOW,STATSNZ:CEN23_ECI_006(1.0),"Birthplace and age for the census usually resident population count, (RC, TALB, SA2, Health), 2013, 2018, and 2023 Censuses",I,2023,2023,9999,Total - New Zealand by regional council,B0605,United Arab Emirates,04,15-19 years,264,,,
DATAFLOW,STATSNZ:CEN23_ECI_006(1.0),"Birthplace and age for the census usually resident population count, (RC, TALB, SA2, Health), 2013, 2018, and 2023 Censuses",I,2023,2023,9999,Total - New Zealand by regional council,B0504,Poland,16,75-79 years,60,,,
DATAFLOW,STATSNZ:CEN23_ECI_006(1.0),"Birthplace and age for the census usually resident population count, (RC, TALB, SA2, Health), 2013, 2018, and 2023 Censuses",I,2023,2023,9999,Total - New Zealand by regional council,B,Overseas,15,70-74 years,56616,,,
DATAFLOW,STATSNZ:CEN23_ECI_006(1.0),"Birthplace and age for the census usually resident population count, (RC, TALB, SA2, Health), 2013, 2018, and 2023 Censuses",I,2023,2023,9999,Total - New Zealand by regional council,B0703,Thailand,05,20-24 years,906,,,
DATAFLOW,STATSNZ:CEN23_ECI_006(1.0),"Birthplace and age for the census usually resident population count, (RC, TALB, SA2, Health), 2013, 2018, and 2023 Censuses",I,2023,2023,9999,Total - New Zealand by regional council,B05,Southern and Eastern Europe,14,65-69 years,1620,,,
DATAFLOW,STATSNZ:CEN23_ECI_006(1.0),"Birthplace and age for the census usually resident population count, (RC, TALB, SA2, Health), 2013, 2018, and 2023 Censuses",I,2023,2023,9999,Total - New Zealand by regional council,B0414,Belgium,14,65-69 years,45,,,
DATAFLOW,STATSNZ:CEN23_ECI_006(1.0),"Birthplace and age for the census usually resident population count, (RC, TALB, SA2, Health), 2013, 2018, and 2023 Censuses",I,2023,2023,9999,Total - New Zealand by regional council,B0806,Other,07,30-34 years,30,,,
DATAFLOW,STATSNZ:CEN23_ECI_006(1.0),"Birthplace and age for the census usually resident population count, (RC, TALB, SA2, Health), 2013, 2018, and 2023 Censuses",I,2023,2023,9999,Total - New Zealand by regional council,B0904,Afghanistan,14,65-69 years,129,,,
DATAFLOW,STATSNZ:CEN23_ECI_006(1.0),"Birthplace and age for the census usually resident population count, (RC, TALB, SA2, Health), 2013, 2018, and 2023 Censuses",I,2023,2023,9999,Total - New Zealand by regional council,B07,South-East Asia,3,30-64 years,112764,,,
DATAFLOW,STATSNZ:CEN23_ECI_006(1.0),"Birthplace and age for the census usually resident population count, (RC, TALB, SA2, Health), 2013, 2018, and 2023 Censuses",I,2023,2023,9999,Total - New Zealand by regional council,B0208,Tuvalu,01,0-4 years,18,,,
DATAFLOW,STATSNZ:CEN23_ECI_006(1.0),"Birthplace and age for the census usually resident population count, (RC, TALB, SA2, Health), 2013, 2018, and 2023 Censuses",I,2023,2023,9999,Total - New Zealand by regional council,B09,Southern and Central Asia,3,30-64 years,119592,,,
DATAFLOW,STATSNZ:CEN23_ECI_006(1.0),"Birthplace and age for the census usually resident population count, (RC, TALB, SA2, Health), 2013, 2018, and 2023 Censuses",I,2023,2023,9999,Total - New Zealand by regional council,B0709,Other,01,0-4 years,6,,,
DATAFLOW,STATSNZ:CEN23_ECI_006(1.0),"Birthplace and age for the census usually resident population count, (RC, TALB, SA2, Health), 2013, 2018, and 2023 Censuses",I,2023,2023,9999,Total - New Zealand by regional council,B1107,Other Sub-Saharan Africa,09,40-44 years,648,,,
DATAFLOW,STATSNZ:CEN23_ECI_006(1.0),"Birthplace and age for the census usually resident population count, (RC, TALB, SA2, Health), 2013, 2018, and 2023 Censuses",I,2023,2023,9999,Total - New Zealand by regional council,B01,Australia,Median,Median - age,33,,,
DATAFLOW,STATSNZ:CEN23_ECI_006(1.0),"Birthplace and age for the census usually resident population count, (RC, TALB, SA2, Health), 2013, 2018, and 2023 Censuses",I,2023,2023,9999,Total - New Zealand by regional council,B0206,Vanuatu,10,45-49 years,123,,,
DATAFLOW,STATSNZ:CEN23_ECI_006(1.0),"Birthplace and age for the census usually resident population count, (RC, TALB, SA2, Health), 2013, 2018, and 2023 Censuses",I,2023,2023,9999,Total - New Zealand by regional council,B0501,Russia,4,65 years and over,870,,,
DATAFLOW,STATSNZ:CEN23_ECI_006(1.0),"Birthplace and age for the census usually resident population count, (RC, TALB, SA2, Health), 2013, 2018, and 2023 Censuses",I,2023,2023,9999,Total - New Zealand by regional council,B0203,Tonga,05,20-24 years,1686,,,
DATAFLOW,STATSNZ:CEN23_ECI_006(1.0),"Birthplace and age for the census usually resident population count, (RC, TALB, SA2, Health), 2013, 2018, and 2023 Censuses",I,2023,2023,9999,Total - New Zealand by regional council,B0202,Samoa,3,30-64 years,32706,,,
DATAFLOW,STATSNZ:CEN23_ECI_006(1.0),"Birthplace and age for the census usually resident population count, (RC, TALB, SA2, Health), 2013, 2018, and 2023 Censuses",I,2023,2023,9999,Total - New Zealand by regional council,B03,Other Oceania and Antarctica,14,65-69 years,0,,,
DATAFLOW,STATSNZ:CEN23_ECI_006(1.0),"Birthplace and age for the census usually resident population count, (RC, TALB, SA2, Health), 2013, 2018, and 2023 Censuses",I,2023,2023,9999,Total - New Zealand by regional council,B0416,Other,08,35-39 years,174,,,
DATAFLOW,STATSNZ:CEN23_ECI_006(1.0),"Birthplace and age for the census usually resident population count, (RC, TALB, SA2, Health), 2013, 2018, and 2023 Censuses",I,2023,2023,9999,Total - New Zealand by regional council,B0606,Syria,19,90 years and over,3,,,
DATAFLOW,STATSNZ:CEN23_ECI_006(1.0),"Birthplace and age for the census usually resident population count, (RC, TALB, SA2, Health), 2013, 2018, and 2023 Censuses",I,2023,2023,9999,Total - New Zealand by regional council,B0414,Belgium,18,85-89 years,3,,,
DATAFLOW,STATSNZ:CEN23_ECI_006(1.0),"Birthplace and age for the census usually resident population count, (RC, TALB, SA2, Health), 2013, 2018, and 2023 Censuses",I,2023,2023,9999,Total - New Zealand by regional council,B0603,Saudi Arabia,17,80-84 years,0,,,
DATAFLOW,STATSNZ:CEN23_ECI_006(1.0),"Birthplace and age for the census usually resident population count, (RC, TALB, SA2, Health), 2013, 2018, and 2023 Censuses",I,2023,2023,9999,Total - New Zealand by regional council,B0407,France,02,5-9 years,201,,,
DATAFLOW,STATSNZ:CEN23_ECI_006(1.0),"Birthplace and age for the census usually resident population count, (RC, TALB, SA2, Health), 2013, 2018, and 2023 Censuses",I,2023,2023,9999,Total - New Zealand by regional council,B1103,Kenya,18,85-89 years,39,,,
DATAFLOW,STATSNZ:CEN23_ECI_006(1.0),"Birthplace and age for the census usually resident population count, (RC, TALB, SA2, Health), 2013, 2018, and 2023 Censuses",I,2023,2023,9999,Total - New Zealand by regional council,B0211,Solomon Islands,09,40-44 years,81,,,
DATAFLOW,STATSNZ:CEN23_ECI_006(1.0),"Birthplace and age for the census usually resident population count, (RC, TALB, SA2, Health), 2013, 2018, and 2023 Censuses",I,2023,2023,9999,Total - New Zealand by regional council,B0605,United Arab Emirates,16,75-79 years,0,,,
DATAFLOW,STATSNZ:CEN23_ECI_006(1.0),"Birthplace and age for the census usually resident population count, (RC, TALB, SA2, Health), 2013, 2018, and 2023 Censuses",I,2023,2023,9999,Total - New Zealand by regional council,B0906,Bangladesh,19,90 years and over,0,,,
DATAFLOW,STATSNZ:CEN23_ECI_006(1.0),"Birthplace and age for the census usually resident population count, (RC, TALB, SA2, Health), 2013, 2018, and 2023 Censuses",I,2023,2023,9999,Total - New Zealand by regional council,B1001,United States of America,2,15-29 years,6930,,,
DATAFLOW,STATSNZ:CEN23_ECI_006(1.0),"Birthplace and age for the census usually resident population count, (RC, TALB, SA2, Health), 2013, 2018, and 2023 Censuses",I,2023,2023,9999,Total - New Zealand by regional council,B0904,Afghanistan,07,30-34 years,777,,,
DATAFLOW,STATSNZ:CEN23_ECI_006(1.0),"Birthplace and age for the census usually resident population count, (RC, TALB, SA2, Health), 2013, 2018, and 2023 Censuses",I,2023,2023,9999,Total - New Zealand by regional council,B1001,United States of America,12,55-59 years,1896,,,
DATAFLOW,STATSNZ:CEN23_ECI_006(1.0),"Birthplace and age for the census usually resident population count, (RC, TALB, SA2, Health), 2013, 2018, and 2023 Censuses",I,2023,2023,9999,Total - New Zealand by regional council,B0505,Romania,05,20-24 years,93,,,
DATAFLOW,STATSNZ:CEN23_ECI_006(1.0),"Birthplace and age for the census usually resident population count, (RC, TALB, SA2, Health), 2013, 2018, and 2023 Censuses",I,2023,2023,9999,Total - New Zealand by regional council,B01,Australia,13,60-64 years,3567,,,
DATAFLOW,STATSNZ:CEN23_ECI_006(1.0),"Birthplace and age for the census usually resident population count, (RC, TALB, SA2, Health), 2013, 2018, and 2023 Censuses",I,2023,2023,9999,Total - New Zealand by regional council,B0703,Thailand,02,5-9 years,279,,,
DATAFLOW,STATSNZ:CEN23_ECI_006(1.0),"Birthplace and age for the census usually resident population count, (RC, TALB, SA2, Health), 2013, 2018, and 2023 Censuses",I,2023,2023,9999,Total - New Zealand by regional council,B0508,Spain,09,40-44 years,183,,,
DATAFLOW,STATSNZ:CEN23_ECI_006(1.0),"Birthplace and age for the census usually resident population count, (RC, TALB, SA2, Health), 2013, 2018, and 2023 Censuses",I,2023,2023,9999,Total - New Zealand by regional council,B0511,Greece,4,65 years and over,444,,,
DATAFLOW,STATSNZ:CEN23_ECI_006(1.0),"Birthplace and age for the census usually resident population count, (RC, TALB, SA2, Health), 2013, 2018, and 2023 Censuses",I,2023,2023,9999,Total - New Zealand by regional council,B0510,Serbia,08,35-39 years,150,,,
DATAFLOW,STATSNZ:CEN23_ECI_006(1.0),"Birthplace and age for the census usually resident population count, (RC, TALB, SA2, Health), 2013, 2018, and 2023 Censuses",I,2023,2023,9999,Total - New Zealand by regional council,B01,Australia,02,5-9 years,8427,,,
DATAFLOW,STATSNZ:CEN23_ECI_006(1.0),"Birthplace and age for the census usually resident population count, (RC, TALB, SA2, Health), 2013, 2018, and 2023 Censuses",I,2023,2023,9999,Total - New Zealand by regional council,B0412,Denmark,14,65-69 years,69,,,
DATAFLOW,STATSNZ:CEN23_ECI_006(1.0),"Birthplace and age for the census usually resident population count, (RC, TALB, SA2, Health), 2013, 2018, and 2023 Censuses",I,2023,2023,9999,Total - New Zealand by regional council,B0506,Ukraine,04,15-19 years,60,,,
DATAFLOW,STATSNZ:CEN23_ECI_006(1.0),"Birthplace and age for the census usually resident population count, (RC, TALB, SA2, Health), 2013, 2018, and 2023 Censuses",I,2023,2023,9999,Total - New Zealand by regional council,B1102,Zimbabwe,2,15-29 years,1413,,,
DATAFLOW,STATSNZ:CEN23_ECI_006(1.0),"Birthplace and age for the census usually resident population count, (RC, TALB, SA2, Health), 2013, 2018, and 2023 Censuses",I,2023,2023,9999,Total - New Zealand by regional council,B01,Australia,14,65-69 years,3174,,,
DATAFLOW,STATSNZ:CEN23_ECI_006(1.0),"Birthplace and age for the census usually resident population count, (RC, TALB, SA2, Health), 2013, 2018, and 2023 Censuses",I,2023,2023,9999,Total - New Zealand by regional council,B0606,Syria,16,75-79 years,18,,,
DATAFLOW,STATSNZ:CEN23_ECI_006(1.0),"Birthplace and age for the census usually resident population count, (RC, TALB, SA2, Health), 2013, 2018, and 2023 Censuses",I,2023,2023,9999,Total - New Zealand by regional council,B0211,Solomon Islands,04,15-19 years,30,,,
DATAFLOW,STATSNZ:CEN23_ECI_006(1.0),"Birthplace and age for the census usually resident population count, (RC, TALB, SA2, Health), 2013, 2018, and 2023 Censuses",I,2023,2023,9999,Total - New Zealand by regional council,B0405,United Kingdom (not further defined),14,65-69 years,516,,,
DATAFLOW,STATSNZ:CEN23_ECI_006(1.0),"Birthplace and age for the census usually resident population count, (RC, TALB, SA2, Health), 2013, 2018, and 2023 Censuses",I,2023,2023,9999,Total - New Zealand by regional council,B0904,Afghanistan,17,80-84 years,21,,,
DATAFLOW,STATSNZ:CEN23_ECI_006(1.0),"Birthplace and age for the census usually resident population count, (RC, TALB, SA2, Health), 2013, 2018, and 2023 Censuses",I,2023,2023,9999,Total - New Zealand by regional council,B0901,India,1,Under 15 years,8655,,,
DATAFLOW,STATSNZ:CEN23_ECI_006(1.0),"Birthplace and age for the census usually resident population count, (RC, TALB, SA2, Health), 2013, 2018, and 2023 Censuses",I,2023,2023,9999,Total - New Zealand by regional council,B1003,Brazil,4,65 years and over,108,,,
DATAFLOW,STATSNZ:CEN23_ECI_006(1.0),"Birthplace and age for the census usually resident population count, (RC, TALB, SA2, Health), 2013, 2018, and 2023 Censuses",I,2023,2023,9999,Total - New Zealand by regional council,B0209,Papua New Guinea,13,60-64 years,84,,,
DATAFLOW,STATSNZ:CEN23_ECI_006(1.0),"Birthplace and age for the census usually resident population count, (RC, TALB, SA2, Health), 2013, 2018, and 2023 Censuses",I,2023,2023,9999,Total - New Zealand by regional council,B0413,Austria,15,70-74 years,72,,,
DATAFLOW,STATSNZ:CEN23_ECI_006(1.0),"Birthplace and age for the census usually resident population count, (RC, TALB, SA2, Health), 2013, 2018, and 2023 Censuses",I,2023,2023,9999,Total - New Zealand by regional council,B1005,Argentina,08,35-39 years,1242,,,
DATAFLOW,STATSNZ:CEN23_ECI_006(1.0),"Birthplace and age for the census usually resident population count, (RC, TALB, SA2, Health), 2013, 2018, and 2023 Censuses",I,2023,2023,9999,Total - New Zealand by regional council,B0510,Serbia,Median,Median - age,45.9,,,
DATAFLOW,STATSNZ:CEN23_ECI_006(1.0),"Birthplace and age for the census usually resident population count, (RC, TALB, SA2, Health), 2013, 2018, and 2023 Censuses",I,2023,2023,9999,Total - New Zealand by regional council,B0907,Other,2,15-29 years,321,,,
DATAFLOW,STATSNZ:CEN23_ECI_006(1.0),"Birthplace and age for the census usually resident population count, (RC, TALB, SA2, Health), 2013, 2018, and 2023 Censuses",I,2023,2023,9999,Total - New Zealand by regional council,B0902,Sri Lanka,05,20-24 years,750,,,
DATAFLOW,STATSNZ:CEN23_ECI_006(1.0),"Birthplace and age for the census usually resident population count, (RC, TALB, SA2, Health), 2013, 2018, and 2023 Censuses",I,2023,2023,9999,Total - New Zealand by regional council,C,Not elsewhere included,06,25-29 years,4041,,,
DATAFLOW,STATSNZ:CEN23_ECI_006(1.0),"Birthplace and age for the census usually resident population count, (RC, TALB, SA2, Health), 2013, 2018, and 2023 Censuses",I,2023,2023,9999,Total - New Zealand by regional council,B0707,Singapore,05,20-24 years,507,,,
DATAFLOW,STATSNZ:CEN23_ECI_006(1.0),"Birthplace and age for the census usually resident population count, (RC, TALB, SA2, Health), 2013, 2018, and 2023 Censuses",I,2023,2023,9999,Total - New Zealand by regional council,B0404,Netherlands,04,15-19 years,237,,,
DATAFLOW,STATSNZ:CEN23_ECI_006(1.0),"Birthplace and age for the census usually resident population count, (RC, TALB, SA2, Health), 2013, 2018, and 2023 Censuses",I,2023,2023,9999,Total - New Zealand by regional council,B1005,Argentina,11,50-54 years,171,,,
DATAFLOW,STATSNZ:CEN23_ECI_006(1.0),"Birthplace and age for the census usually resident population count, (RC, TALB, SA2, Health), 2013, 2018, and 2023 Censuses",I,2023,2023,9999,Total - New Zealand by regional council,B09,Southern and Central Asia,03,10-14 years,5643,,,
DATAFLOW,STATSNZ:CEN23_ECI_006(1.0),"Birthplace and age for the census usually resident population count, (RC, TALB, SA2, Health), 2013, 2018, and 2023 Censuses",I,2023,2023,9999,Total - New Zealand by regional council,B0210,Tokelau,05,20-24 years,48,,,
DATAFLOW,STATSNZ:CEN23_ECI_006(1.0),"Birthplace and age for the census usually resident population count, (RC, TALB, SA2, Health), 2013, 2018, and 2023 Censuses",I,2023,2023,9999,Total - New Zealand by regional council,B0407,France,15,70-74 years,117,,,
DATAFLOW,STATSNZ:CEN23_ECI_006(1.0),"Birthplace and age for the census usually resident population count, (RC, TALB, SA2, Health), 2013, 2018, and 2023 Censuses",I,2023,2023,9999,Total - New Zealand by regional council,B0412,Denmark,08,35-39 years,48,,,
DATAFLOW,STATSNZ:CEN23_ECI_006(1.0),"Birthplace and age for the census usually resident population count, (RC, TALB, SA2, Health), 2013, 2018, and 2023 Censuses",I,2023,2023,9999,Total - New Zealand by regional council,B0903,Pakistan,01,0-4 years,114,,,
DATAFLOW,STATSNZ:CEN23_ECI_006(1.0),"Birthplace and age for the census usually resident population count, (RC, TALB, SA2, Health), 2013, 2018, and 2023 Censuses",I,2023,2023,9999,Total - New Zealand by regional council,B0505,Romania,08,35-39 years,237,,,
DATAFLOW,STATSNZ:CEN23_ECI_006(1.0),"Birthplace and age for the census usually resident population count, (RC, TALB, SA2, Health), 2013, 2018, and 2023 Censuses",I,2023,2023,9999,Total - New Zealand by regional council,B0212,Other,14,65-69 years,69,,,
DATAFLOW,STATSNZ:CEN23_ECI_006(1.0),"Birthplace and age for the census usually resident population count, (RC, TALB, SA2, Health), 2013, 2018, and 2023 Censuses",I,2023,2023,9999,Total - New Zealand by regional council,B,Overseas,19,90 years and over,9168,,,
DATAFLOW,STATSNZ:CEN23_ECI_006(1.0),"Birthplace and age for the census usually resident population count, (RC, TALB, SA2, Health), 2013, 2018, and 2023 Censuses",I,2023,2023,9999,Total - New Zealand by regional council,B0905,Nepal,07,30-34 years,1467,,,
DATAFLOW,STATSNZ:CEN23_ECI_006(1.0),"Birthplace and age for the census usually resident population count, (RC, TALB, SA2, Health), 2013, 2018, and 2023 Censuses",I,2023,2023,9999,Total - New Zealand by regional council,B0605,United Arab Emirates,Median,Median - age,14.9,,,
DATAFLOW,STATSNZ:CEN23_ECI_006(1.0),"Birthplace and age for the census usually resident population count, (RC, TALB, SA2, Health), 2013, 2018, and 2023 Censuses",I,2023,2023,9999,Total - New Zealand by regional council,B0410,Switzerland,13,60-64 years,309,,,
DATAFLOW,STATSNZ:CEN23_ECI_006(1.0),"Birthplace and age for the census usually resident population count, (RC, TALB, SA2, Health), 2013, 2018, and 2023 Censuses",I,2023,2023,9999,Total - New Zealand by regional council,B0414,Belgium,07,30-34 years,165,,,
DATAFLOW,STATSNZ:CEN23_ECI_006(1.0),"Birthplace and age for the census usually resident population count, (RC, TALB, SA2, Health), 2013, 2018, and 2023 Censuses",I,2023,2023,9999,Total - New Zealand by regional council,B0904,Afghanistan,1,Under 15 years,903,,,
DATAFLOW,STATSNZ:CEN23_ECI_006(1.0),"Birthplace and age for the census usually resident population count, (RC, TALB, SA2, Health), 2013, 2018, and 2023 Censuses",I,2023,2023,9999,Total - New Zealand by regional council,B0209,Papua New Guinea,18,85-89 years,3,,,
DATAFLOW,STATSNZ:CEN23_ECI_006(1.0),"Birthplace and age for the census usually resident population count, (RC, TALB, SA2, Health), 2013, 2018, and 2023 Censuses",I,2023,2023,9999,Total - New Zealand by regional council,B08,North-East Asia,15,70-74 years,8304,,,
DATAFLOW,STATSNZ:CEN23_ECI_006(1.0),"Birthplace and age for the census usually resident population count, (RC, TALB, SA2, Health), 2013, 2018, and 2023 Censuses",I,2023,2023,9999,Total - New Zealand by regional council,B0602,Iran,08,35-39 years,921,,,
DATAFLOW,STATSNZ:CEN23_ECI_006(1.0),"Birthplace and age for the census usually resident population count, (RC, TALB, SA2, Health), 2013, 2018, and 2023 Censuses",I,2023,2023,9999,Total - New Zealand by regional council,B0802,"Korea, Republic of",06,25-29 years,2793,,,
DATAFLOW,STATSNZ:CEN23_ECI_006(1.0),"Birthplace and age for the census usually resident population count, (RC, TALB, SA2, Health), 2013, 2018, and 2023 Censuses",I,2023,2023,9999,Total - New Zealand by regional council,C,Not elsewhere included,15,70-74 years,1506,,,
DATAFLOW,STATSNZ:CEN23_ECI_006(1.0),"Birthplace and age for the census usually resident population count, (RC, TALB, SA2, Health), 2013, 2018, and 2023 Censuses",I,2023,2023,9999,Total - New Zealand by regional council,B0204,Cook Islands,15,70-74 years,903,,,
DATAFLOW,STATSNZ:CEN23_ECI_006(1.0),"Birthplace and age for the census usually resident population count, (RC, TALB, SA2, Health), 2013, 2018, and 2023 Censuses",I,2023,2023,9999,Total - New Zealand by regional council,B01,Australia,19,90 years and over,417,,,
DATAFLOW,STATSNZ:CEN23_ECI_006(1.0),"Birthplace and age for the census usually resident population count, (RC, TALB, SA2, Health), 2013, 2018, and 2023 Censuses",I,2023,2023,9999,Total - New Zealand by regional council,B0209,Papua New Guinea,11,50-54 years,183,,,
DATAFLOW,STATSNZ:CEN23_ECI_006(1.0),"Birthplace and age for the census usually resident population count, (RC, TALB, SA2, Health), 2013, 2018, and 2023 Censuses",I,2023,2023,9999,Total - New Zealand by regional council,B08,North-East Asia,09,40-44 years,27714,,,
DATAFLOW,STATSNZ:CEN23_ECI_006(1.0),"Birthplace and age for the census usually resident population count, (RC, TALB, SA2, Health), 2013, 2018, and 2023 Censuses",I,2023,2023,9999,Total - New Zealand by regional council,B0405,United Kingdom (not further defined),99,Total - age,8691,,,
DATAFLOW,STATSNZ:CEN23_ECI_006(1.0),"Birthplace and age for the census usually resident population count, (RC, TALB, SA2, Health), 2013, 2018, and 2023 Censuses",I,2023,2023,9999,Total - New Zealand by regional council,B0207,Kiribati,01,0-4 years,15,,,
DATAFLOW,STATSNZ:CEN23_ECI_006(1.0),"Birthplace and age for the census usually resident population count, (RC, TALB, SA2, Health), 2013, 2018, and 2023 Censuses",I,2023,2023,9999,Total - New Zealand by regional council,B0709,Other,15,70-74 years,72,,,
DATAFLOW,STATSNZ:CEN23_ECI_006(1.0),"Birthplace and age for the census usually resident population count, (RC, TALB, SA2, Health), 2013, 2018, and 2023 Censuses",I,2023,2023,9999,Total - New Zealand by regional council,B0803,Japan,04,15-19 years,1338,,,
DATAFLOW,STATSNZ:CEN23_ECI_006(1.0),"Birthplace and age for the census usually resident population count, (RC, TALB, SA2, Health), 2013, 2018, and 2023 Censuses",I,2023,2023,9999,Total - New Zealand by regional council,B0906,Bangladesh,04,15-19 years,78,,,
DATAFLOW,STATSNZ:CEN23_ECI_006(1.0),"Birthplace and age for the census usually resident population count, (RC, TALB, SA2, Health), 2013, 2018, and 2023 Censuses",I,2023,2023,9999,Total - New Zealand by regional council,B10,The Americas,3,30-64 years,47415,,,
DATAFLOW,STATSNZ:CEN23_ECI_006(1.0),"Birthplace and age for the census usually resident population count, (RC, TALB, SA2, Health), 2013, 2018, and 2023 Censuses",I,2023,2023,9999,Total - New Zealand by regional council,B0703,Thailand,4,65 years and over,567,,,
DATAFLOW,STATSNZ:CEN23_ECI_006(1.0),"Birthplace and age for the census usually resident population count, (RC, TALB, SA2, Health), 2013, 2018, and 2023 Censuses",I,2023,2023,9999,Total - New Zealand by regional council,B0707,Singapore,14,65-69 years,510,,,
DATAFLOW,STATSNZ:CEN23_ECI_006(1.0),"Birthplace and age for the census usually resident population count, (RC, TALB, SA2, Health), 2013, 2018, and 2023 Censuses",I,2023,2023,9999,Total - New Zealand by regional council,B0801,"China, People's Republic of",2,15-29 years,23451,,,
DATAFLOW,STATSNZ:CEN23_ECI_006(1.0),"Birthplace and age for the census usually resident population count, (RC, TALB, SA2, Health), 2013, 2018, and 2023 Censuses",I,2023,2023,9999,Total - New Zealand by regional council,B0502,Italy,14,65-69 years,93,,,
DATAFLOW,STATSNZ:CEN23_ECI_006(1.0),"Birthplace and age for the census usually resident population count, (RC, TALB, SA2, Health), 2013, 2018, and 2023 Censuses",I,2023,2023,9999,Total - New Zealand by regional council,B0403,Germany,02,5-9 years,273,,,
DATAFLOW,STATSNZ:CEN23_ECI_006(1.0),"Birthplace and age for the census usually resident population count, (RC, TALB, SA2, Health), 2013, 2018, and 2023 Censuses",I,2023,2023,9999,Total - New Zealand by regional council,B0708,Myanmar,14,65-69 years,78,,,
DATAFLOW,STATSNZ:CEN23_ECI_006(1.0),"Birthplace and age for the census usually resident population count, (RC, TALB, SA2, Health), 2013, 2018, and 2023 Censuses",I,2023,2023,9999,Total - New Zealand by regional council,B0607,Israel,02,5-9 years,90,,,
DATAFLOW,STATSNZ:CEN23_ECI_006(1.0),"Birthplace and age for the census usually resident population count, (RC, TALB, SA2, Health), 2013, 2018, and 2023 Censuses",I,2023,2023,9999,Total - New Zealand by regional council,B0804,Hong Kong (Special Administrative Region),01,0-4 years,144,,,
DATAFLOW,STATSNZ:CEN23_ECI_006(1.0),"Birthplace and age for the census usually resident population count, (RC, TALB, SA2, Health), 2013, 2018, and 2023 Censuses",I,2023,2023,9999,Total - New Zealand by regional council,B0708,Myanmar,13,60-64 years,123,,,
DATAFLOW,STATSNZ:CEN23_ECI_006(1.0),"Birthplace and age for the census usually resident population count, (RC, TALB, SA2, Health), 2013, 2018, and 2023 Censuses",I,2023,2023,9999,Total - New Zealand by regional council,B0404,Netherlands,1,Under 15 years,447,,,
DATAFLOW,STATSNZ:CEN23_ECI_006(1.0),"Birthplace and age for the census usually resident population count, (RC, TALB, SA2, Health), 2013, 2018, and 2023 Censuses",I,2023,2023,9999,Total - New Zealand by regional council,B0412,Denmark,02,5-9 years,33,,,
DATAFLOW,STATSNZ:CEN23_ECI_006(1.0),"Birthplace and age for the census usually resident population count, (RC, TALB, SA2, Health), 2013, 2018, and 2023 Censuses",I,2023,2023,9999,Total - New Zealand by regional council,B1004,Chile,3,30-64 years,3933,,,
DATAFLOW,STATSNZ:CEN23_ECI_006(1.0),"Birthplace and age for the census usually resident population count, (RC, TALB, SA2, Health), 2013, 2018, and 2023 Censuses",I,2023,2023,9999,Total - New Zealand by regional council,999999,Total - birthplace,02,5-9 years,311736,,,
DATAFLOW,STATSNZ:CEN23_ECI_006(1.0),"Birthplace and age for the census usually resident population count, (RC, TALB, SA2, Health), 2013, 2018, and 2023 Censuses",I,2023,2023,9999,Total - New Zealand by regional council,B0405,United Kingdom (not further defined),19,90 years and over,93,,,
DATAFLOW,STATSNZ:CEN23_ECI_006(1.0),"Birthplace and age for the census usually resident population count, (RC, TALB, SA2, Health), 2013, 2018, and 2023 Censuses",I,2023,2023,9999,Total - New Zealand by regional council,B0404,Netherlands,Median,Median - age,63.7,,,
DATAFLOW,STATSNZ:CEN23_ECI_006(1.0),"Birthplace and age for the census usually resident population count, (RC, TALB, SA2, Health), 2013, 2018, and 2023 Censuses",I,2023,2023,9999,Total - New Zealand by regional council,B0511,Greece,09,40-44 years,51,,,
DATAFLOW,STATSNZ:CEN23_ECI_006(1.0),"Birthplace and age for the census usually resident population count, (RC, TALB, SA2, Health), 2013, 2018, and 2023 Censuses",I,2023,2023,9999,Total - New Zealand by regional council,B0702,Malaysia,08,35-39 years,2115,,,
DATAFLOW,STATSNZ:CEN23_ECI_006(1.0),"Birthplace and age for the census usually resident population count, (RC, TALB, SA2, Health), 2013, 2018, and 2023 Censuses",I,2023,2023,9999,Total - New Zealand by regional council,B0205,Niue,13,60-64 years,570,,,
DATAFLOW,STATSNZ:CEN23_ECI_006(1.0),"Birthplace and age for the census usually resident population count, (RC, TALB, SA2, Health), 2013, 2018, and 2023 Censuses",I,2023,2023,9999,Total - New Zealand by regional council,B0205,Niue,14,65-69 years,534,,,
DATAFLOW,STATSNZ:CEN23_ECI_006(1.0),"Birthplace and age for the census usually resident population count, (RC, TALB, SA2, Health), 2013, 2018, and 2023 Censuses",I,2023,2023,9999,Total - New Zealand by regional council,B0208,Tuvalu,14,65-69 years,99,,,
DATAFLOW,STATSNZ:CEN23_ECI_006(1.0),"Birthplace and age for the census usually resident population count, (RC, TALB, SA2, Health), 2013, 2018, and 2023 Censuses",I,2023,2023,9999,Total - New Zealand by regional council,B0208,Tuvalu,1,Under 15 years,171,,,
DATAFLOW,STATSNZ:CEN23_ECI_006(1.0),"Birthplace and age for the census usually resident population count, (RC, TALB, SA2, Health), 2013, 2018, and 2023 Censuses",I,2023,2023,9999,Total - New Zealand by regional council,B0904,Afghanistan,03,10-14 years,423,,,
DATAFLOW,STATSNZ:CEN23_ECI_006(1.0),"Birthplace and age for the census usually resident population count, (RC, TALB, SA2, Health), 2013, 2018, and 2023 Censuses",I,2023,2023,9999,Total - New Zealand by regional council,B1106,Somalia,16,75-79 years,18,,,
DATAFLOW,STATSNZ:CEN23_ECI_006(1.0),"Birthplace and age for the census usually resident population count, (RC, TALB, SA2, Health), 2013, 2018, and 2023 Censuses",I,2023,2023,9999,Total - New Zealand by regional council,B09,Southern and Central Asia,1,Under 15 years,13365,,,
DATAFLOW,STATSNZ:CEN23_ECI_006(1.0),"Birthplace and age for the census usually resident population count, (RC, TALB, SA2, Health), 2013, 2018, and 2023 Censuses",I,2023,2023,9999,Total - New Zealand by regional council,B0211,Solomon Islands,2,15-29 years,174,,,
DATAFLOW,STATSNZ:CEN23_ECI_006(1.0),"Birthplace and age for the census usually resident population count, (RC, TALB, SA2, Health), 2013, 2018, and 2023 Censuses",I,2023,2023,9999,Total - New Zealand by regional council,B0906,Bangladesh,3,30-64 years,2280,,,
DATAFLOW,STATSNZ:CEN23_ECI_006(1.0),"Birthplace and age for the census usually resident population count, (RC, TALB, SA2, Health), 2013, 2018, and 2023 Censuses",I,2023,2023,9999,Total - New Zealand by regional council,B0503,Czech Republic,1,Under 15 years,84,,,
DATAFLOW,STATSNZ:CEN23_ECI_006(1.0),"Birthplace and age for the census usually resident population count, (RC, TALB, SA2, Health), 2013, 2018, and 2023 Censuses",I,2023,2023,9999,Total - New Zealand by regional council,B04,North-West Europe,02,5-9 years,4566,,,
DATAFLOW,STATSNZ:CEN23_ECI_006(1.0),"Birthplace and age for the census usually resident population count, (RC, TALB, SA2, Health), 2013, 2018, and 2023 Censuses",I,2023,2023,9999,Total - New Zealand by regional council,B0407,France,1,Under 15 years,519,,,
DATAFLOW,STATSNZ:CEN23_ECI_006(1.0),"Birthplace and age for the census usually resident population count, (RC, TALB, SA2, Health), 2013, 2018, and 2023 Censuses",I,2023,2023,9999,Total - New Zealand by regional council,B0507,Croatia,15,70-74 years,144,,,
DATAFLOW,STATSNZ:CEN23_ECI_006(1.0),"Birthplace and age for the census usually resident population count, (RC, TALB, SA2, Health), 2013, 2018, and 2023 Censuses",I,2023,2023,9999,Total - New Zealand by regional council,B0903,Pakistan,99,Total - age,6690,,,
DATAFLOW,STATSNZ:CEN23_ECI_006(1.0),"Birthplace and age for the census usually resident population count, (RC, TALB, SA2, Health), 2013, 2018, and 2023 Censuses",I,2023,2023,9999,Total - New Zealand by regional council,B0206,Vanuatu,05,20-24 years,150,,,
DATAFLOW,STATSNZ:CEN23_ECI_006(1.0),"Birthplace and age for the census usually resident population count, (RC, TALB, SA2, Health), 2013, 2018, and 2023 Censuses",I,2023,2023,9999,Total - New Zealand by regional council,B1103,Kenya,13,60-64 years,252,,,
DATAFLOW,STATSNZ:CEN23_ECI_006(1.0),"Birthplace and age for the census usually resident population count, (RC, TALB, SA2, Health), 2013, 2018, and 2023 Censuses",I,2023,2023,9999,Total - New Zealand by regional council,A,New Zealand,1,Under 15 years,819228,,,
DATAFLOW,STATSNZ:CEN23_ECI_006(1.0),"Birthplace and age for the census usually resident population count, (RC, TALB, SA2, Health), 2013, 2018, and 2023 Censuses",I,2023,2023,9999,Total - New Zealand by regional council,B0403,Germany,01,0-4 years,138,,,
DATAFLOW,STATSNZ:CEN23_ECI_006(1.0),"Birthplace and age for the census usually resident population count, (RC, TALB, SA2, Health), 2013, 2018, and 2023 Censuses",I,2023,2023,9999,Total - New Zealand by regional council,B01,Australia,07,30-34 years,7386,,,
DATAFLOW,STATSNZ:CEN23_ECI_006(1.0),"Birthplace and age for the census usually resident population count, (RC, TALB, SA2, Health), 2013, 2018, and 2023 Censuses",I,2023,2023,9999,Total - New Zealand by regional council,B1007,Mexico,16,75-79 years,9,,,
DATAFLOW,STATSNZ:CEN23_ECI_006(1.0),"Birthplace and age for the census usually resident population count, (RC, TALB, SA2, Health), 2013, 2018, and 2023 Censuses",I,2023,2023,9999,Total - New Zealand by regional council,B1107,Other Sub-Saharan Africa,06,25-29 years,489,,,
DATAFLOW,STATSNZ:CEN23_ECI_006(1.0),"Birthplace and age for the census usually resident population count, (RC, TALB, SA2, Health), 2013, 2018, and 2023 Censuses",I,2023,2023,9999,Total - New Zealand by regional council,B1001,United States of America,99,Total - age,31779,,,
DATAFLOW,STATSNZ:CEN23_ECI_006(1.0),"Birthplace and age for the census usually resident population count, (RC, TALB, SA2, Health), 2013, 2018, and 2023 Censuses",I,2023,2023,9999,Total - New Zealand by regional council,B1007,Mexico,04,15-19 years,72,,,
DATAFLOW,STATSNZ:CEN23_ECI_006(1.0),"Birthplace and age for the census usually resident population count, (RC, TALB, SA2, Health), 2013, 2018, and 2023 Censuses",I,2023,2023,9999,Total - New Zealand by regional council,B0402,Scotland,08,35-39 years,1107,,,
DATAFLOW,STATSNZ:CEN23_ECI_006(1.0),"Birthplace and age for the census usually resident population count, (RC, TALB, SA2, Health), 2013, 2018, and 2023 Censuses",I,2023,2023,9999,Total - New Zealand by regional council,B08,North-East Asia,12,55-59 years,13182,,,
DATAFLOW,STATSNZ:CEN23_ECI_006(1.0),"Birthplace and age for the census usually resident population count, (RC, TALB, SA2, Health), 2013, 2018, and 2023 Censuses",I,2023,2023,9999,Total - New Zealand by regional council,B1007,Mexico,13,60-64 years,33,,,
DATAFLOW,STATSNZ:CEN23_ECI_006(1.0),"Birthplace and age for the census usually resident population count, (RC, TALB, SA2, Health), 2013, 2018, and 2023 Censuses",I,2023,2023,9999,Total - New Zealand by regional council,B0202,Samoa,1,Under 15 years,3591,,,
DATAFLOW,STATSNZ:CEN23_ECI_006(1.0),"Birthplace and age for the census usually resident population count, (RC, TALB, SA2, Health), 2013, 2018, and 2023 Censuses",I,2023,2023,9999,Total - New Zealand by regional council,B02,Pacific Islands,14,65-69 years,10782,,,
DATAFLOW,STATSNZ:CEN23_ECI_006(1.0),"Birthplace and age for the census usually resident population count, (RC, TALB, SA2, Health), 2013, 2018, and 2023 Censuses",I,2023,2023,9999,Total - New Zealand by regional council,B0609,Other Oceania and Antarctica,06,25-29 years,552,,,
DATAFLOW,STATSNZ:CEN23_ECI_006(1.0),"Birthplace and age for the census usually resident population count, (RC, TALB, SA2, Health), 2013, 2018, and 2023 Censuses",I,2023,2023,9999,Total - New Zealand by regional council,B0501,Russia,09,40-44 years,885,,,
DATAFLOW,STATSNZ:CEN23_ECI_006(1.0),"Birthplace and age for the census usually resident population count, (RC, TALB, SA2, Health), 2013, 2018, and 2023 Censuses",I,2023,2023,9999,Total - New Zealand by regional council,B11,Sub-Saharan Africa,18,85-89 years,648,,,
DATAFLOW,STATSNZ:CEN23_ECI_006(1.0),"Birthplace and age for the census usually resident population count, (RC, TALB, SA2, Health), 2013, 2018, and 2023 Censuses",I,2023,2023,9999,Total - New Zealand by regional council,B0508,Spain,13,60-64 years,39,,,
DATAFLOW,STATSNZ:CEN23_ECI_006(1.0),"Birthplace and age for the census usually resident population count, (RC, TALB, SA2, Health), 2013, 2018, and 2023 Censuses",I,2023,2023,9999,Total - New Zealand by regional council,B0805,Taiwan,08,35-39 years,1341,,,
DATAFLOW,STATSNZ:CEN23_ECI_006(1.0),"Birthplace and age for the census usually resident population count, (RC, TALB, SA2, Health), 2013, 2018, and 2023 Censuses",I,2023,2023,9999,Total - New Zealand by regional council,B0903,Pakistan,14,65-69 years,105,,,
DATAFLOW,STATSNZ:CEN23_ECI_006(1.0),"Birthplace and age for the census usually resident population count, (RC, TALB, SA2, Health), 2013, 2018, and 2023 Censuses",I,2023,2023,9999,Total - New Zealand by regional council,B0802,"Korea, Republic of",1,Under 15 years,2196,,,
DATAFLOW,STATSNZ:CEN23_ECI_006(1.0),"Birthplace and age for the census usually resident population count, (RC, TALB, SA2, Health), 2013, 2018, and 2023 Censuses",I,2023,2023,9999,Total - New Zealand by regional council,B0512,Other,08,35-39 years,858,,,
DATAFLOW,STATSNZ:CEN23_ECI_006(1.0),"Birthplace and age for the census usually resident population count, (RC, TALB, SA2, Health), 2013, 2018, and 2023 Censuses",I,2023,2023,9999,Total - New Zealand by regional council,B0415,Channel Islands,Median,Median - age,54.3,,,
DATAFLOW,STATSNZ:CEN23_ECI_006(1.0),"Birthplace and age for the census usually resident population count, (RC, TALB, SA2, Health), 2013, 2018, and 2023 Censuses",I,2023,2023,9999,Total - New Zealand by regional council,B0904,Afghanistan,09,40-44 years,498,,,
DATAFLOW,STATSNZ:CEN23_ECI_006(1.0),"Birthplace and age for the census usually resident population count, (RC, TALB, SA2, Health), 2013, 2018, and 2023 Censuses",I,2023,2023,9999,Total - New Zealand by regional council,B03,Other Oceania and Antarctica,11,50-54 years,0,,,
DATAFLOW,STATSNZ:CEN23_ECI_006(1.0),"Birthplace and age for the census usually resident population count, (RC, TALB, SA2, Health), 2013, 2018, and 2023 Censuses",I,2023,2023,9999,Total - New Zealand by regional council,B03,Other Oceania and Antarctica,4,65 years and over,0,,,
DATAFLOW,STATSNZ:CEN23_ECI_006(1.0),"Birthplace and age for the census usually resident population count, (RC, TALB, SA2, Health), 2013, 2018, and 2023 Censuses",I,2023,2023,9999,Total - New Zealand by regional council,B0601,Iraq,18,85-89 years,72,,,
DATAFLOW,STATSNZ:CEN23_ECI_006(1.0),"Birthplace and age for the census usually resident population count, (RC, TALB, SA2, Health), 2013, 2018, and 2023 Censuses",I,2023,2023,9999,Total - New Zealand by regional council,A,New Zealand,02,5-9 years,267372,,,
DATAFLOW,STATSNZ:CEN23_ECI_006(1.0),"Birthplace and age for the census usually resident population count, (RC, TALB, SA2, Health), 2013, 2018, and 2023 Censuses",I,2023,2023,9999,Total - New Zealand by regional council,B0206,Vanuatu,1,Under 15 years,36,,,
DATAFLOW,STATSNZ:CEN23_ECI_006(1.0),"Birthplace and age for the census usually resident population count, (RC, TALB, SA2, Health), 2013, 2018, and 2023 Censuses",I,2023,2023,9999,Total - New Zealand by regional council,B0407,France,01,0-4 years,66,,,
DATAFLOW,STATSNZ:CEN23_ECI_006(1.0),"Birthplace and age for the census usually resident population count, (RC, TALB, SA2, Health), 2013, 2018, and 2023 Censuses",I,2023,2023,9999,Total - New Zealand by regional council,B0704,Viet Nam,09,40-44 years,1269,,,
DATAFLOW,STATSNZ:CEN23_ECI_006(1.0),"Birthplace and age for the census usually resident population count, (RC, TALB, SA2, Health), 2013, 2018, and 2023 Censuses",I,2023,2023,9999,Total - New Zealand by regional council,B04,North-West Europe,11,50-54 years,27675,,,
DATAFLOW,STATSNZ:CEN23_ECI_006(1.0),"Birthplace and age for the census usually resident population count, (RC, TALB, SA2, Health), 2013, 2018, and 2023 Censuses",I,2023,2023,9999,Total - New Zealand by regional council,999999,Total - birthplace,15,70-74 years,213438,,,
DATAFLOW,STATSNZ:CEN23_ECI_006(1.0),"Birthplace and age for the census usually resident population count, (RC, TALB, SA2, Health), 2013, 2018, and 2023 Censuses",I,2023,2023,9999,Total - New Zealand by regional council,B0607,Israel,09,40-44 years,123,,,
DATAFLOW,STATSNZ:CEN23_ECI_006(1.0),"Birthplace and age for the census usually resident population count, (RC, TALB, SA2, Health), 2013, 2018, and 2023 Censuses",I,2023,2023,9999,Total - New Zealand by regional council,B0512,Other,16,75-79 years,198,,,
DATAFLOW,STATSNZ:CEN23_ECI_006(1.0),"Birthplace and age for the census usually resident population count, (RC, TALB, SA2, Health), 2013, 2018, and 2023 Censuses",I,2023,2023,9999,Total - New Zealand by regional council,B1004,Chile,10,45-49 years,399,,,
DATAFLOW,STATSNZ:CEN23_ECI_006(1.0),"Birthplace and age for the census usually resident population count, (RC, TALB, SA2, Health), 2013, 2018, and 2023 Censuses",I,2023,2023,9999,Total - New Zealand by regional council,B07,South-East Asia,04,15-19 years,9660,,,
DATAFLOW,STATSNZ:CEN23_ECI_006(1.0),"Birthplace and age for the census usually resident population count, (RC, TALB, SA2, Health), 2013, 2018, and 2023 Censuses",I,2023,2023,9999,Total - New Zealand by regional council,B0201,Fiji,07,30-34 years,6666,,,
DATAFLOW,STATSNZ:CEN23_ECI_006(1.0),"Birthplace and age for the census usually resident population count, (RC, TALB, SA2, Health), 2013, 2018, and 2023 Censuses",I,2023,2023,9999,Total - New Zealand by regional council,B1007,Mexico,14,65-69 years,21,,,
DATAFLOW,STATSNZ:CEN23_ECI_006(1.0),"Birthplace and age for the census usually resident population count, (RC, TALB, SA2, Health), 2013, 2018, and 2023 Censuses",I,2023,2023,9999,Total - New Zealand by regional council,B0509,Hungary,06,25-29 years,57,,,
DATAFLOW,STATSNZ:CEN23_ECI_006(1.0),"Birthplace and age for the census usually resident population count, (RC, TALB, SA2, Health), 2013, 2018, and 2023 Censuses",I,2023,2023,9999,Total - New Zealand by regional council,B0602,Iran,04,15-19 years,189,,,
DATAFLOW,STATSNZ:CEN23_ECI_006(1.0),"Birthplace and age for the census usually resident population count, (RC, TALB, SA2, Health), 2013, 2018, and 2023 Censuses",I,2023,2023,9999,Total - New Zealand by regional council,B0605,United Arab Emirates,11,50-54 years,6,,,
DATAFLOW,STATSNZ:CEN23_ECI_006(1.0),"Birthplace and age for the census usually resident population count, (RC, TALB, SA2, Health), 2013, 2018, and 2023 Censuses",I,2023,2023,9999,Total - New Zealand by regional council,B0501,Russia,17,80-84 years,108,,,
DATAFLOW,STATSNZ:CEN23_ECI_006(1.0),"Birthplace and age for the census usually resident population count, (RC, TALB, SA2, Health), 2013, 2018, and 2023 Censuses",I,2023,2023,9999,Total - New Zealand by regional council,B1003,Brazil,13,60-64 years,126,,,
DATAFLOW,STATSNZ:CEN23_ECI_006(1.0),"Birthplace and age for the census usually resident population count, (RC, TALB, SA2, Health), 2013, 2018, and 2023 Censuses",I,2023,2023,9999,Total - New Zealand by regional council,B0408,Wales,19,90 years and over,117,,,
DATAFLOW,STATSNZ:CEN23_ECI_006(1.0),"Birthplace and age for the census usually resident population count, (RC, TALB, SA2, Health), 2013, 2018, and 2023 Censuses",I,2023,2023,9999,Total - New Zealand by regional council,B1001,United States of America,17,80-84 years,399,,,
DATAFLOW,STATSNZ:CEN23_ECI_006(1.0),"Birthplace and age for the census usually resident population count, (RC, TALB, SA2, Health), 2013, 2018, and 2023 Censuses",I,2023,2023,9999,Total - New Zealand by regional council,B0402,Scotland,05,20-24 years,654,,,
DATAFLOW,STATSNZ:CEN23_ECI_006(1.0),"Birthplace and age for the census usually resident population count, (RC, TALB, SA2, Health), 2013, 2018, and 2023 Censuses",I,2023,2023,9999,Total - New Zealand by regional council,B1104,Zambia,18,85-89 years,9,,,
DATAFLOW,STATSNZ:CEN23_ECI_006(1.0),"Birthplace and age for the census usually resident population count, (RC, TALB, SA2, Health), 2013, 2018, and 2023 Censuses",I,2023,2023,9999,Total - New Zealand by regional council,B1008,Other Americas,06,25-29 years,486,,,
DATAFLOW,STATSNZ:CEN23_ECI_006(1.0),"Birthplace and age for the census usually resident population count, (RC, TALB, SA2, Health), 2013, 2018, and 2023 Censuses",I,2023,2023,9999,Total - New Zealand by regional council,B1006,Colombia,18,85-89 years,3,,,
DATAFLOW,STATSNZ:CEN23_ECI_006(1.0),"Birthplace and age for the census usually resident population count, (RC, TALB, SA2, Health), 2013, 2018, and 2023 Censuses",I,2023,2023,9999,Total - New Zealand by regional council,B09,Southern and Central Asia,19,90 years and over,372,,,
DATAFLOW,STATSNZ:CEN23_ECI_006(1.0),"Birthplace and age for the census usually resident population count, (RC, TALB, SA2, Health), 2013, 2018, and 2023 Censuses",I,2023,2023,9999,Total - New Zealand by regional council,B0402,Scotland,12,55-59 years,2241,,,
DATAFLOW,STATSNZ:CEN23_ECI_006(1.0),"Birthplace and age for the census usually resident population count, (RC, TALB, SA2, Health), 2013, 2018, and 2023 Censuses",I,2023,2023,9999,Total - New Zealand by regional council,B0907,Other,14,65-69 years,96,,,
DATAFLOW,STATSNZ:CEN23_ECI_006(1.0),"Birthplace and age for the census usually resident population count, (RC, TALB, SA2, Health), 2013, 2018, and 2023 Censuses",I,2023,2023,9999,Total - New Zealand by regional council,B1003,Brazil,07,30-34 years,2166,,,
DATAFLOW,STATSNZ:CEN23_ECI_006(1.0),"Birthplace and age for the census usually resident population count, (RC, TALB, SA2, Health), 2013, 2018, and 2023 Censuses",I,2023,2023,9999,Total - New Zealand by regional council,B0509,Hungary,15,70-74 years,54,,,
DATAFLOW,STATSNZ:CEN23_ECI_006(1.0),"Birthplace and age for the census usually resident population count, (RC, TALB, SA2, Health), 2013, 2018, and 2023 Censuses",I,2023,2023,9999,Total - New Zealand by regional council,B0701,Philippines,99,Total - age,99264,,,
DATAFLOW,STATSNZ:CEN23_ECI_006(1.0),"Birthplace and age for the census usually resident population count, (RC, TALB, SA2, Health), 2013, 2018, and 2023 Censuses",I,2023,2023,9999,Total - New Zealand by regional council,B0211,Solomon Islands,08,35-39 years,69,,,
DATAFLOW,STATSNZ:CEN23_ECI_006(1.0),"Birthplace and age for the census usually resident population count, (RC, TALB, SA2, Health), 2013, 2018, and 2023 Censuses",I,2023,2023,9999,Total - New Zealand by regional council,B0416,Other,1,Under 15 years,177,,,
DATAFLOW,STATSNZ:CEN23_ECI_006(1.0),"Birthplace and age for the census usually resident population count, (RC, TALB, SA2, Health), 2013, 2018, and 2023 Censuses",I,2023,2023,9999,Total - New Zealand by regional council,B0412,Denmark,09,40-44 years,75,,,
DATAFLOW,STATSNZ:CEN23_ECI_006(1.0),"Birthplace and age for the census usually resident population count, (RC, TALB, SA2, Health), 2013, 2018, and 2023 Censuses",I,2023,2023,9999,Total - New Zealand by regional council,B0511,Greece,06,25-29 years,21,,,
DATAFLOW,STATSNZ:CEN23_ECI_006(1.0),"Birthplace and age for the census usually resident population count, (RC, TALB, SA2, Health), 2013, 2018, and 2023 Censuses",I,2023,2023,9999,Total - New Zealand by regional council,B0413,Austria,01,0-4 years,15,,,
DATAFLOW,STATSNZ:CEN23_ECI_006(1.0),"Birthplace and age for the census usually resident population count, (RC, TALB, SA2, Health), 2013, 2018, and 2023 Censuses",I,2023,2023,9999,Total - New Zealand by regional council,B0706,Indonesia,12,55-59 years,444,,,
DATAFLOW,STATSNZ:CEN23_ECI_006(1.0),"Birthplace and age for the census usually resident population count, (RC, TALB, SA2, Health), 2013, 2018, and 2023 Censuses",I,2023,2023,9999,Total - New Zealand by regional council,B0204,Cook Islands,07,30-34 years,699,,,
DATAFLOW,STATSNZ:CEN23_ECI_006(1.0),"Birthplace and age for the census usually resident population count, (RC, TALB, SA2, Health), 2013, 2018, and 2023 Censuses",I,2023,2023,9999,Total - New Zealand by regional council,B0508,Spain,15,70-74 years,15,,,
DATAFLOW,STATSNZ:CEN23_ECI_006(1.0),"Birthplace and age for the census usually resident population count, (RC, TALB, SA2, Health), 2013, 2018, and 2023 Censuses",I,2023,2023,9999,Total - New Zealand by regional council,B06,North Africa and the Middle East,01,0-4 years,474,,,
DATAFLOW,STATSNZ:CEN23_ECI_006(1.0),"Birthplace and age for the census usually resident population count, (RC, TALB, SA2, Health), 2013, 2018, and 2023 Censuses",I,2023,2023,9999,Total - New Zealand by regional council,B0502,Italy,10,45-49 years,252,,,
DATAFLOW,STATSNZ:CEN23_ECI_006(1.0),"Birthplace and age for the census usually resident population count, (RC, TALB, SA2, Health), 2013, 2018, and 2023 Censuses",I,2023,2023,9999,Total - New Zealand by regional council,B0415,Channel Islands,1,Under 15 years,48,,,
DATAFLOW,STATSNZ:CEN23_ECI_006(1.0),"Birthplace and age for the census usually resident population count, (RC, TALB, SA2, Health), 2013, 2018, and 2023 Censuses",I,2023,2023,9999,Total - New Zealand by regional council,B1006,Colombia,07,30-34 years,753,,,
DATAFLOW,STATSNZ:CEN23_ECI_006(1.0),"Birthplace and age for the census usually resident population count, (RC, TALB, SA2, Health), 2013, 2018, and 2023 Censuses",I,2023,2023,9999,Total - New Zealand by regional council,B0207,Kiribati,13,60-64 years,120,,,
DATAFLOW,STATSNZ:CEN23_ECI_006(1.0),"Birthplace and age for the census usually resident population count, (RC, TALB, SA2, Health), 2013, 2018, and 2023 Censuses",I,2023,2023,9999,Total - New Zealand by regional council,B0415,Channel Islands,15,70-74 years,81,,,
DATAFLOW,STATSNZ:CEN23_ECI_006(1.0),"Birthplace and age for the census usually resident population count, (RC, TALB, SA2, Health), 2013, 2018, and 2023 Censuses",I,2023,2023,9999,Total - New Zealand by regional council,B0609,Other Oceania and Antarctica,02,5-9 years,489,,,
DATAFLOW,STATSNZ:CEN23_ECI_006(1.0),"Birthplace and age for the census usually resident population count, (RC, TALB, SA2, Health), 2013, 2018, and 2023 Censuses",I,2023,2023,9999,Total - New Zealand by regional council,B0902,Sri Lanka,4,65 years and over,1938,,,
DATAFLOW,STATSNZ:CEN23_ECI_006(1.0),"Birthplace and age for the census usually resident population count, (RC, TALB, SA2, Health), 2013, 2018, and 2023 Censuses",I,2023,2023,9999,Total - New Zealand by regional council,B0505,Romania,12,55-59 years,195,,,
DATAFLOW,STATSNZ:CEN23_ECI_006(1.0),"Birthplace and age for the census usually resident population count, (RC, TALB, SA2, Health), 2013, 2018, and 2023 Censuses",I,2023,2023,9999,Total - New Zealand by regional council,B0708,Myanmar,17,80-84 years,30,,,
DATAFLOW,STATSNZ:CEN23_ECI_006(1.0),"Birthplace and age for the census usually resident population count, (RC, TALB, SA2, Health), 2013, 2018, and 2023 Censuses",I,2023,2023,9999,Total - New Zealand by regional council,B0608,Turkey,08,35-39 years,192,,,
DATAFLOW,STATSNZ:CEN23_ECI_006(1.0),"Birthplace and age for the census usually resident population count, (RC, TALB, SA2, Health), 2013, 2018, and 2023 Censuses",I,2023,2023,9999,Total - New Zealand by regional council,B0903,Pakistan,16,75-79 years,72,,,
DATAFLOW,STATSNZ:CEN23_ECI_006(1.0),"Birthplace and age for the census usually resident population count, (RC, TALB, SA2, Health), 2013, 2018, and 2023 Censuses",I,2023,2023,9999,Total - New Zealand by regional council,B0202,Samoa,08,35-39 years,4605,,,
DATAFLOW,STATSNZ:CEN23_ECI_006(1.0),"Birthplace and age for the census usually resident population count, (RC, TALB, SA2, Health), 2013, 2018, and 2023 Censuses",I,2023,2023,9999,Total - New Zealand by regional council,B07,South-East Asia,2,15-29 years,34845,,,
DATAFLOW,STATSNZ:CEN23_ECI_006(1.0),"Birthplace and age for the census usually resident population count, (RC, TALB, SA2, Health), 2013, 2018, and 2023 Censuses",I,2023,2023,9999,Total - New Zealand by regional council,B09,Southern and Central Asia,05,20-24 years,9225,,,
DATAFLOW,STATSNZ:CEN23_ECI_006(1.0),"Birthplace and age for the census usually resident population count, (RC, TALB, SA2, Health), 2013, 2018, and 2023 Censuses",I,2023,2023,9999,Total - New Zealand by regional council,B07,South-East Asia,16,75-79 years,1863,,,
DATAFLOW,STATSNZ:CEN23_ECI_006(1.0),"Birthplace and age for the census usually resident population count, (RC, TALB, SA2, Health), 2013, 2018, and 2023 Censuses",I,2023,2023,9999,Total - New Zealand by regional council,B0205,Niue,15,70-74 years,378,,,
DATAFLOW,STATSNZ:CEN23_ECI_006(1.0),"Birthplace and age for the census usually resident population count, (RC, TALB, SA2, Health), 2013, 2018, and 2023 Censuses",I,2023,2023,9999,Total - New Zealand by regional council,B0501,Russia,08,35-39 years,1482,,,
DATAFLOW,STATSNZ:CEN23_ECI_006(1.0),"Birthplace and age for the census usually resident population count, (RC, TALB, SA2, Health), 2013, 2018, and 2023 Censuses",I,2023,2023,9999,Total - New Zealand by regional council,B10,The Americas,2,15-29 years,15465,,,
DATAFLOW,STATSNZ:CEN23_ECI_006(1.0),"Birthplace and age for the census usually resident population count, (RC, TALB, SA2, Health), 2013, 2018, and 2023 Censuses",I,2023,2023,9999,Total - New Zealand by regional council,B0506,Ukraine,1,Under 15 years,162,,,
DATAFLOW,STATSNZ:CEN23_ECI_006(1.0),"Birthplace and age for the census usually resident population count, (RC, TALB, SA2, Health), 2013, 2018, and 2023 Censuses",I,2023,2023,9999,Total - New Zealand by regional council,B1101,South Africa,14,65-69 years,3504,,,
DATAFLOW,STATSNZ:CEN23_ECI_006(1.0),"Birthplace and age for the census usually resident population count, (RC, TALB, SA2, Health), 2013, 2018, and 2023 Censuses",I,2023,2023,9999,Total - New Zealand by regional council,B0904,Afghanistan,06,25-29 years,813,,,
DATAFLOW,STATSNZ:CEN23_ECI_006(1.0),"Birthplace and age for the census usually resident population count, (RC, TALB, SA2, Health), 2013, 2018, and 2023 Censuses",I,2023,2023,9999,Total - New Zealand by regional council,B0207,Kiribati,02,5-9 years,87,,,
DATAFLOW,STATSNZ:CEN23_ECI_006(1.0),"Birthplace and age for the census usually resident population count, (RC, TALB, SA2, Health), 2013, 2018, and 2023 Censuses",I,2023,2023,9999,Total - New Zealand by regional council,B0804,Hong Kong (Special Administrative Region),06,25-29 years,759,,,
DATAFLOW,STATSNZ:CEN23_ECI_006(1.0),"Birthplace and age for the census usually resident population count, (RC, TALB, SA2, Health), 2013, 2018, and 2023 Censuses",I,2023,2023,9999,Total - New Zealand by regional council,B0602,Iran,2,15-29 years,651,,,
DATAFLOW,STATSNZ:CEN23_ECI_006(1.0),"Birthplace and age for the census usually resident population count, (RC, TALB, SA2, Health), 2013, 2018, and 2023 Censuses",I,2023,2023,9999,Total - New Zealand by regional council,B0202,Samoa,01,0-4 years,300,,,
DATAFLOW,STATSNZ:CEN23_ECI_006(1.0),"Birthplace and age for the census usually resident population count, (RC, TALB, SA2, Health), 2013, 2018, and 2023 Censuses",I,2023,2023,9999,Total - New Zealand by regional council,B1004,Chile,2,15-29 years,1047,,,
DATAFLOW,STATSNZ:CEN23_ECI_006(1.0),"Birthplace and age for the census usually resident population count, (RC, TALB, SA2, Health), 2013, 2018, and 2023 Censuses",I,2023,2023,9999,Total - New Zealand by regional council,B0210,Tokelau,3,30-64 years,774,,,
DATAFLOW,STATSNZ:CEN23_ECI_006(1.0),"Birthplace and age for the census usually resident population count, (RC, TALB, SA2, Health), 2013, 2018, and 2023 Censuses",I,2023,2023,9999,Total - New Zealand by regional council,B0209,Papua New Guinea,14,65-69 years,48,,,
DATAFLOW,STATSNZ:CEN23_ECI_006(1.0),"Birthplace and age for the census usually resident population count, (RC, TALB, SA2, Health), 2013, 2018, and 2023 Censuses",I,2023,2023,9999,Total - New Zealand by regional council,B0806,Other,01,0-4 years,6,,,
DATAFLOW,STATSNZ:CEN23_ECI_006(1.0),"Birthplace and age for the census usually resident population count, (RC, TALB, SA2, Health), 2013, 2018, and 2023 Censuses",I,2023,2023,9999,Total - New Zealand by regional council,B10,The Americas,02,5-9 years,2694,,,
DATAFLOW,STATSNZ:CEN23_ECI_006(1.0),"Birthplace and age for the census usually resident population count, (RC, TALB, SA2, Health), 2013, 2018, and 2023 Censuses",I,2023,2023,9999,Total - New Zealand by regional council,B0802,"Korea, Republic of",18,85-89 years,126,,,
DATAFLOW,STATSNZ:CEN23_ECI_006(1.0),"Birthplace and age for the census usually resident population count, (RC, TALB, SA2, Health), 2013, 2018, and 2023 Censuses",I,2023,2023,9999,Total - New Zealand by regional council,B06,North Africa and the Middle East,2,15-29 years,5418,,,
DATAFLOW,STATSNZ:CEN23_ECI_006(1.0),"Birthplace and age for the census usually resident population count, (RC, TALB, SA2, Health), 2013, 2018, and 2023 Censuses",I,2023,2023,9999,Total - New Zealand by regional council,B1103,Kenya,12,55-59 years,183,,,
DATAFLOW,STATSNZ:CEN23_ECI_006(1.0),"Birthplace and age for the census usually resident population count, (RC, TALB, SA2, Health), 2013, 2018, and 2023 Censuses",I,2023,2023,9999,Total - New Zealand by regional council,B1104,Zambia,14,65-69 years,204,,,
DATAFLOW,STATSNZ:CEN23_ECI_006(1.0),"Birthplace and age for the census usually resident population count, (RC, TALB, SA2, Health), 2013, 2018, and 2023 Censuses",I,2023,2023,9999,Total - New Zealand by regional council,B0904,Afghanistan,02,5-9 years,327,,,
DATAFLOW,STATSNZ:CEN23_ECI_006(1.0),"Birthplace and age for the census usually resident population count, (RC, TALB, SA2, Health), 2013, 2018, and 2023 Censuses",I,2023,2023,9999,Total - New Zealand by regional council,B0604,Egypt,05,20-24 years,84,,,
DATAFLOW,STATSNZ:CEN23_ECI_006(1.0),"Birthplace and age for the census usually resident population count, (RC, TALB, SA2, Health), 2013, 2018, and 2023 Censuses",I,2023,2023,9999,Total - New Zealand by regional council,B11,Sub-Saharan Africa,08,35-39 years,12450,,,
DATAFLOW,STATSNZ:CEN23_ECI_006(1.0),"Birthplace and age for the census usually resident population count, (RC, TALB, SA2, Health), 2013, 2018, and 2023 Censuses",I,2023,2023,9999,Total - New Zealand by regional council,B04,North-West Europe,19,90 years and over,5952,,,
DATAFLOW,STATSNZ:CEN23_ECI_006(1.0),"Birthplace and age for the census usually resident population count, (RC, TALB, SA2, Health), 2013, 2018, and 2023 Censuses",I,2023,2023,9999,Total - New Zealand by regional council,B0506,Ukraine,4,65 years and over,399,,,
DATAFLOW,STATSNZ:CEN23_ECI_006(1.0),"Birthplace and age for the census usually resident population count, (RC, TALB, SA2, Health), 2013, 2018, and 2023 Censuses",I,2023,2023,9999,Total - New Zealand by regional council,B0801,"China, People's Republic of",1,Under 15 years,7929,,,
DATAFLOW,STATSNZ:CEN23_ECI_006(1.0),"Birthplace and age for the census usually resident population count, (RC, TALB, SA2, Health), 2013, 2018, and 2023 Censuses",I,2023,2023,9999,Total - New Zealand by regional council,B06,North Africa and the Middle East,18,85-89 years,150,,,
DATAFLOW,STATSNZ:CEN23_ECI_006(1.0),"Birthplace and age for the census usually resident population count, (RC, TALB, SA2, Health), 2013, 2018, and 2023 Censuses",I,2023,2023,9999,Total - New Zealand by regional council,B0511,Greece,03,10-14 years,21,,,
DATAFLOW,STATSNZ:CEN23_ECI_006(1.0),"Birthplace and age for the census usually resident population count, (RC, TALB, SA2, Health), 2013, 2018, and 2023 Censuses",I,2023,2023,9999,Total - New Zealand by regional council,B0416,Other,15,70-74 years,96,,,
DATAFLOW,STATSNZ:CEN23_ECI_006(1.0),"Birthplace and age for the census usually resident population count, (RC, TALB, SA2, Health), 2013, 2018, and 2023 Censuses",I,2023,2023,9999,Total - New Zealand by regional council,B0805,Taiwan,02,5-9 years,186,,,
DATAFLOW,STATSNZ:CEN23_ECI_006(1.0),"Birthplace and age for the census usually resident population count, (RC, TALB, SA2, Health), 2013, 2018, and 2023 Censuses",I,2023,2023,9999,Total - New Zealand by regional council,B0904,Afghanistan,12,55-59 years,222,,,
DATAFLOW,STATSNZ:CEN23_ECI_006(1.0),"Birthplace and age for the census usually resident population count, (RC, TALB, SA2, Health), 2013, 2018, and 2023 Censuses",I,2023,2023,9999,Total - New Zealand by regional council,B0801,"China, People's Republic of",99,Total - age,145371,,,
DATAFLOW,STATSNZ:CEN23_ECI_006(1.0),"Birthplace and age for the census usually resident population count, (RC, TALB, SA2, Health), 2013, 2018, and 2023 Censuses",I,2023,2023,9999,Total - New Zealand by regional council,B0404,Netherlands,99,Total - age,17484,,,
DATAFLOW,STATSNZ:CEN23_ECI_006(1.0),"Birthplace and age for the census usually resident population count, (RC, TALB, SA2, Health), 2013, 2018, and 2023 Censuses",I,2023,2023,9999,Total - New Zealand by regional council,A,New Zealand,10,45-49 years,192891,,,
DATAFLOW,STATSNZ:CEN23_ECI_006(1.0),"Birthplace and age for the census usually resident population count, (RC, TALB, SA2, Health), 2013, 2018, and 2023 Censuses",I,2023,2023,9999,Total - New Zealand by regional council,B0408,Wales,4,65 years and over,2406,,,
DATAFLOW,STATSNZ:CEN23_ECI_006(1.0),"Birthplace and age for the census usually resident population count, (RC, TALB, SA2, Health), 2013, 2018, and 2023 Censuses",I,2023,2023,9999,Total - New Zealand by regional council,B0605,United Arab Emirates,18,85-89 years,0,,,
DATAFLOW,STATSNZ:CEN23_ECI_006(1.0),"Birthplace and age for the census usually resident population count, (RC, TALB, SA2, Health), 2013, 2018, and 2023 Censuses",I,2023,2023,9999,Total - New Zealand by regional council,B0207,Kiribati,14,65-69 years,60,,,
DATAFLOW,STATSNZ:CEN23_ECI_006(1.0),"Birthplace and age for the census usually resident population count, (RC, TALB, SA2, Health), 2013, 2018, and 2023 Censuses",I,2023,2023,9999,Total - New Zealand by regional council,B04,North-West Europe,15,70-74 years,22653,,,
DATAFLOW,STATSNZ:CEN23_ECI_006(1.0),"Birthplace and age for the census usually resident population count, (RC, TALB, SA2, Health), 2013, 2018, and 2023 Censuses",I,2023,2023,9999,Total - New Zealand by regional council,B0211,Solomon Islands,13,60-64 years,48,,,
DATAFLOW,STATSNZ:CEN23_ECI_006(1.0),"Birthplace and age for the census usually resident population count, (RC, TALB, SA2, Health), 2013, 2018, and 2023 Censuses",I,2023,2023,9999,Total - New Zealand by regional council,B0805,Taiwan,1,Under 15 years,498,,,
DATAFLOW,STATSNZ:CEN23_ECI_006(1.0),"Birthplace and age for the census usually resident population count, (RC, TALB, SA2, Health), 2013, 2018, and 2023 Censuses",I,2023,2023,9999,Total - New Zealand by regional council,B0411,Sweden,14,65-69 years,75,,,
DATAFLOW,STATSNZ:CEN23_ECI_006(1.0),"Birthplace and age for the census usually resident population count, (RC, TALB, SA2, Health), 2013, 2018, and 2023 Censuses",I,2023,2023,9999,Total - New Zealand by regional council,B0907,Other,07,30-34 years,321,,,
DATAFLOW,STATSNZ:CEN23_ECI_006(1.0),"Birthplace and age for the census usually resident population count, (RC, TALB, SA2, Health), 2013, 2018, and 2023 Censuses",I,2023,2023,9999,Total - New Zealand by regional council,B0404,Netherlands,15,70-74 years,1872,,,
DATAFLOW,STATSNZ:CEN23_ECI_006(1.0),"Birthplace and age for the census usually resident population count, (RC, TALB, SA2, Health), 2013, 2018, and 2023 Censuses",I,2023,2023,9999,Total - New Zealand by regional council,B0412,Denmark,16,75-79 years,114,,,
DATAFLOW,STATSNZ:CEN23_ECI_006(1.0),"Birthplace and age for the census usually resident population count, (RC, TALB, SA2, Health), 2013, 2018, and 2023 Censuses",I,2023,2023,9999,Total - New Zealand by regional council,B0510,Serbia,07,30-34 years,126,,,
DATAFLOW,STATSNZ:CEN23_ECI_006(1.0),"Birthplace and age for the census usually resident population count, (RC, TALB, SA2, Health), 2013, 2018, and 2023 Censuses",I,2023,2023,9999,Total - New Zealand by regional council,B0502,Italy,Median,Median - age,38.6,,,
DATAFLOW,STATSNZ:CEN23_ECI_006(1.0),"Birthplace and age for the census usually resident population count, (RC, TALB, SA2, Health), 2013, 2018, and 2023 Censuses",I,2023,2023,9999,Total - New Zealand by regional council,B07,South-East Asia,07,30-34 years,19740,,,
DATAFLOW,STATSNZ:CEN23_ECI_006(1.0),"Birthplace and age for the census usually resident population count, (RC, TALB, SA2, Health), 2013, 2018, and 2023 Censuses",I,2023,2023,9999,Total - New Zealand by regional council,B0806,Other,99,Total - age,474,,,
DATAFLOW,STATSNZ:CEN23_ECI_006(1.0),"Birthplace and age for the census usually resident population count, (RC, TALB, SA2, Health), 2013, 2018, and 2023 Censuses",I,2023,2023,9999,Total - New Zealand by regional council,B0504,Poland,19,90 years and over,96,,,
DATAFLOW,STATSNZ:CEN23_ECI_006(1.0),"Birthplace and age for the census usually resident population count, (RC, TALB, SA2, Health), 2013, 2018, and 2023 Censuses",I,2023,2023,9999,Total - New Zealand by regional council,B1102,Zimbabwe,03,10-14 years,108,,,
DATAFLOW,STATSNZ:CEN23_ECI_006(1.0),"Birthplace and age for the census usually resident population count, (RC, TALB, SA2, Health), 2013, 2018, and 2023 Censuses",I,2023,2023,9999,Total - New Zealand by regional council,B1102,Zimbabwe,12,55-59 years,900,,,
DATAFLOW,STATSNZ:CEN23_ECI_006(1.0),"Birthplace and age for the census usually resident population count, (RC, TALB, SA2, Health), 2013, 2018, and 2023 Censuses",I,2023,2023,9999,Total - New Zealand by regional council,B0505,Romania,03,10-14 years,24,,,
DATAFLOW,STATSNZ:CEN23_ECI_006(1.0),"Birthplace and age for the census usually resident population count, (RC, TALB, SA2, Health), 2013, 2018, and 2023 Censuses",I,2023,2023,9999,Total - New Zealand by regional council,B1103,Kenya,19,90 years and over,9,,,
DATAFLOW,STATSNZ:CEN23_ECI_006(1.0),"Birthplace and age for the census usually resident population count, (RC, TALB, SA2, Health), 2013, 2018, and 2023 Censuses",I,2023,2023,9999,Total - New Zealand by regional council,B0504,Poland,04,15-19 years,39,,,
DATAFLOW,STATSNZ:CEN23_ECI_006(1.0),"Birthplace and age for the census usually resident population count, (RC, TALB, SA2, Health), 2013, 2018, and 2023 Censuses",I,2023,2023,9999,Total - New Zealand by regional council,B1101,South Africa,13,60-64 years,4713,,,
DATAFLOW,STATSNZ:CEN23_ECI_006(1.0),"Birthplace and age for the census usually resident population count, (RC, TALB, SA2, Health), 2013, 2018, and 2023 Censuses",I,2023,2023,9999,Total - New Zealand by regional council,B0502,Italy,1,Under 15 years,171,,,
DATAFLOW,STATSNZ:CEN23_ECI_006(1.0),"Birthplace and age for the census usually resident population count, (RC, TALB, SA2, Health), 2013, 2018, and 2023 Censuses",I,2023,2023,9999,Total - New Zealand by regional council,B0401,England,99,Total - age,208428,,,
DATAFLOW,STATSNZ:CEN23_ECI_006(1.0),"Birthplace and age for the census usually resident population count, (RC, TALB, SA2, Health), 2013, 2018, and 2023 Censuses",I,2023,2023,9999,Total - New Zealand by regional council,B06,North Africa and the Middle East,07,30-34 years,2721,,,
DATAFLOW,STATSNZ:CEN23_ECI_006(1.0),"Birthplace and age for the census usually resident population count, (RC, TALB, SA2, Health), 2013, 2018, and 2023 Censuses",I,2023,2023,9999,Total - New Zealand by regional council,B0410,Switzerland,12,55-59 years,294,,,
DATAFLOW,STATSNZ:CEN23_ECI_006(1.0),"Birthplace and age for the census usually resident population count, (RC, TALB, SA2, Health), 2013, 2018, and 2023 Censuses",I,2023,2023,9999,Total - New Zealand by regional council,B0901,India,08,35-39 years,24213,,,
DATAFLOW,STATSNZ:CEN23_ECI_006(1.0),"Birthplace and age for the census usually resident population count, (RC, TALB, SA2, Health), 2013, 2018, and 2023 Censuses",I,2023,2023,9999,Total - New Zealand by regional council,B1004,Chile,02,5-9 years,180,,,
DATAFLOW,STATSNZ:CEN23_ECI_006(1.0),"Birthplace and age for the census usually resident population count, (RC, TALB, SA2, Health), 2013, 2018, and 2023 Censuses",I,2023,2023,9999,Total - New Zealand by regional council,B0608,Turkey,99,Total - age,1365,,,
DATAFLOW,STATSNZ:CEN23_ECI_006(1.0),"Birthplace and age for the census usually resident population count, (RC, TALB, SA2, Health), 2013, 2018, and 2023 Censuses",I,2023,2023,9999,Total - New Zealand by regional council,B1102,Zimbabwe,01,0-4 years,21,,,
DATAFLOW,STATSNZ:CEN23_ECI_006(1.0),"Birthplace and age for the census usually resident population count, (RC, TALB, SA2, Health), 2013, 2018, and 2023 Censuses",I,2023,2023,9999,Total - New Zealand by regional council,B1001,United States of America,03,10-14 years,1686,,,
DATAFLOW,STATSNZ:CEN23_ECI_006(1.0),"Birthplace and age for the census usually resident population count, (RC, TALB, SA2, Health), 2013, 2018, and 2023 Censuses",I,2023,2023,9999,Total - New Zealand by regional council,B0702,Malaysia,18,85-89 years,111,,,
DATAFLOW,STATSNZ:CEN23_ECI_006(1.0),"Birthplace and age for the census usually resident population count, (RC, TALB, SA2, Health), 2013, 2018, and 2023 Censuses",I,2023,2023,9999,Total - New Zealand by regional council,B0802,"Korea, Republic of",05,20-24 years,1773,,,
DATAFLOW,STATSNZ:CEN23_ECI_006(1.0),"Birthplace and age for the census usually resident population count, (RC, TALB, SA2, Health), 2013, 2018, and 2023 Censuses",I,2023,2023,9999,Total - New Zealand by regional council,B0605,United Arab Emirates,2,15-29 years,729,,,
DATAFLOW,STATSNZ:CEN23_ECI_006(1.0),"Birthplace and age for the census usually resident population count, (RC, TALB, SA2, Health), 2013, 2018, and 2023 Censuses",I,2023,2023,9999,Total - New Zealand by regional council,B0204,Cook Islands,18,85-89 years,183,,,
DATAFLOW,STATSNZ:CEN23_ECI_006(1.0),"Birthplace and age for the census usually resident population count, (RC, TALB, SA2, Health), 2013, 2018, and 2023 Censuses",I,2023,2023,9999,Total - New Zealand by regional council,B0703,Thailand,16,75-79 years,66,,,
DATAFLOW,STATSNZ:CEN23_ECI_006(1.0),"Birthplace and age for the census usually resident population count, (RC, TALB, SA2, Health), 2013, 2018, and 2023 Censuses",I,2023,2023,9999,Total - New Zealand by regional council,B0804,Hong Kong (Special Administrative Region),Median,Median - age,43.2,,,
DATAFLOW,STATSNZ:CEN23_ECI_006(1.0),"Birthplace and age for the census usually resident population count, (RC, TALB, SA2, Health), 2013, 2018, and 2023 Censuses",I,2023,2023,9999,Total - New Zealand by regional council,B0504,Poland,07,30-34 years,213,,,
DATAFLOW,STATSNZ:CEN23_ECI_006(1.0),"Birthplace and age for the census usually resident population count, (RC, TALB, SA2, Health), 2013, 2018, and 2023 Censuses",I,2023,2023,9999,Total - New Zealand by regional council,B09,Southern and Central Asia,4,65 years and over,12576,,,
DATAFLOW,STATSNZ:CEN23_ECI_006(1.0),"Birthplace and age for the census usually resident population count, (RC, TALB, SA2, Health), 2013, 2018, and 2023 Censuses",I,2023,2023,9999,Total - New Zealand by regional council,B0602,Iran,3,30-64 years,3993,,,
DATAFLOW,STATSNZ:CEN23_ECI_006(1.0),"Birthplace and age for the census usually resident population count, (RC, TALB, SA2, Health), 2013, 2018, and 2023 Censuses",I,2023,2023,9999,Total - New Zealand by regional council,B0903,Pakistan,11,50-54 years,333,,,
DATAFLOW,STATSNZ:CEN23_ECI_006(1.0),"Birthplace and age for the census usually resident population count, (RC, TALB, SA2, Health), 2013, 2018, and 2023 Censuses",I,2023,2023,9999,Total - New Zealand by regional council,B0210,Tokelau,11,50-54 years,99,,,
DATAFLOW,STATSNZ:CEN23_ECI_006(1.0),"Birthplace and age for the census usually resident population count, (RC, TALB, SA2, Health), 2013, 2018, and 2023 Censuses",I,2023,2023,9999,Total - New Zealand by regional council,C,Not elsewhere included,1,Under 15 years,7092,,,
DATAFLOW,STATSNZ:CEN23_ECI_006(1.0),"Birthplace and age for the census usually resident population count, (RC, TALB, SA2, Health), 2013, 2018, and 2023 Censuses",I,2023,2023,9999,Total - New Zealand by regional council,B0803,Japan,2,15-29 years,3039,,,
DATAFLOW,STATSNZ:CEN23_ECI_006(1.0),"Birthplace and age for the census usually resident population count, (RC, TALB, SA2, Health), 2013, 2018, and 2023 Censuses",I,2023,2023,9999,Total - New Zealand by regional council,B0805,Taiwan,17,80-84 years,84,,,
DATAFLOW,STATSNZ:CEN23_ECI_006(1.0),"Birthplace and age for the census usually resident population count, (RC, TALB, SA2, Health), 2013, 2018, and 2023 Censuses",I,2023,2023,9999,Total - New Zealand by regional council,B0409,Northern Ireland,03,10-14 years,45,,,
DATAFLOW,STATSNZ:CEN23_ECI_006(1.0),"Birthplace and age for the census usually resident population count, (RC, TALB, SA2, Health), 2013, 2018, and 2023 Censuses",I,2023,2023,9999,Total - New Zealand by regional council,B1005,Argentina,17,80-84 years,18,,,
DATAFLOW,STATSNZ:CEN23_ECI_006(1.0),"Birthplace and age for the census usually resident population count, (RC, TALB, SA2, Health), 2013, 2018, and 2023 Censuses",I,2023,2023,9999,Total - New Zealand by regional council,B0408,Wales,06,25-29 years,435,,,
DATAFLOW,STATSNZ:CEN23_ECI_006(1.0),"Birthplace and age for the census usually resident population count, (RC, TALB, SA2, Health), 2013, 2018, and 2023 Censuses",I,2023,2023,9999,Total - New Zealand by regional council,B0702,Malaysia,04,15-19 years,777,,,
DATAFLOW,STATSNZ:CEN23_ECI_006(1.0),"Birthplace and age for the census usually resident population count, (RC, TALB, SA2, Health), 2013, 2018, and 2023 Censuses",I,2023,2023,9999,Total - New Zealand by regional council,B07,South-East Asia,Median,Median - age,38.9,,,
DATAFLOW,STATSNZ:CEN23_ECI_006(1.0),"Birthplace and age for the census usually resident population count, (RC, TALB, SA2, Health), 2013, 2018, and 2023 Censuses",I,2023,2023,9999,Total - New Zealand by regional council,B0512,Other,03,10-14 years,168,,,
DATAFLOW,STATSNZ:CEN23_ECI_006(1.0),"Birthplace and age for the census usually resident population count, (RC, TALB, SA2, Health), 2013, 2018, and 2023 Censuses",I,2023,2023,9999,Total - New Zealand by regional council,A,New Zealand,13,60-64 years,212229,,,
DATAFLOW,STATSNZ:CEN23_ECI_006(1.0),"Birthplace and age for the census usually resident population count, (RC, TALB, SA2, Health), 2013, 2018, and 2023 Censuses",I,2023,2023,9999,Total - New Zealand by regional council,B0209,Papua New Guinea,99,Total - age,1509,,,
DATAFLOW,STATSNZ:CEN23_ECI_006(1.0),"Birthplace and age for the census usually resident population count, (RC, TALB, SA2, Health), 2013, 2018, and 2023 Censuses",I,2023,2023,9999,Total - New Zealand by regional council,B12,At sea,12,55-59 years,0,,,
DATAFLOW,STATSNZ:CEN23_ECI_006(1.0),"Birthplace and age for the census usually resident population count, (RC, TALB, SA2, Health), 2013, 2018, and 2023 Censuses",I,2023,2023,9999,Total - New Zealand by regional council,B04,North-West Europe,04,15-19 years,10554,,,
DATAFLOW,STATSNZ:CEN23_ECI_006(1.0),"Birthplace and age for the census usually resident population count, (RC, TALB, SA2, Health), 2013, 2018, and 2023 Censuses",I,2023,2023,9999,Total - New Zealand by regional council,B0704,Viet Nam,11,50-54 years,726,,,
DATAFLOW,STATSNZ:CEN23_ECI_006(1.0),"Birthplace and age for the census usually resident population count, (RC, TALB, SA2, Health), 2013, 2018, and 2023 Censuses",I,2023,2023,9999,Total - New Zealand by regional council,B0402,Scotland,99,Total - age,24621,,,
DATAFLOW,STATSNZ:CEN23_ECI_006(1.0),"Birthplace and age for the census usually resident population count, (RC, TALB, SA2, Health), 2013, 2018, and 2023 Censuses",I,2023,2023,9999,Total - New Zealand by regional council,B0210,Tokelau,2,15-29 years,165,,,
DATAFLOW,STATSNZ:CEN23_ECI_006(1.0),"Birthplace and age for the census usually resident population count, (RC, TALB, SA2, Health), 2013, 2018, and 2023 Censuses",I,2023,2023,9999,Total - New Zealand by regional council,B0803,Japan,12,55-59 years,861,,,
DATAFLOW,STATSNZ:CEN23_ECI_006(1.0),"Birthplace and age for the census usually resident population count, (RC, TALB, SA2, Health), 2013, 2018, and 2023 Censuses",I,2023,2023,9999,Total - New Zealand by regional council,B0707,Singapore,13,60-64 years,624,,,
DATAFLOW,STATSNZ:CEN23_ECI_006(1.0),"Birthplace and age for the census usually resident population count, (RC, TALB, SA2, Health), 2013, 2018, and 2023 Censuses",I,2023,2023,9999,Total - New Zealand by regional council,B1102,Zimbabwe,04,15-19 years,213,,,
DATAFLOW,STATSNZ:CEN23_ECI_006(1.0),"Birthplace and age for the census usually resident population count, (RC, TALB, SA2, Health), 2013, 2018, and 2023 Censuses",I,2023,2023,9999,Total - New Zealand by regional council,B0701,Philippines,08,35-39 years,16158,,,
DATAFLOW,STATSNZ:CEN23_ECI_006(1.0),"Birthplace and age for the census usually resident population count, (RC, TALB, SA2, Health), 2013, 2018, and 2023 Censuses",I,2023,2023,9999,Total - New Zealand by regional council,B0705,Cambodia,06,25-29 years,573,,,
DATAFLOW,STATSNZ:CEN23_ECI_006(1.0),"Birthplace and age for the census usually resident population count, (RC, TALB, SA2, Health), 2013, 2018, and 2023 Censuses",I,2023,2023,9999,Total - New Zealand by regional council,B0410,Switzerland,3,30-64 years,1677,,,
DATAFLOW,STATSNZ:CEN23_ECI_006(1.0),"Birthplace and age for the census usually resident population count, (RC, TALB, SA2, Health), 2013, 2018, and 2023 Censuses",I,2023,2023,9999,Total - New Zealand by regional council,B0609,Other Oceania and Antarctica,07,30-34 years,606,,,
DATAFLOW,STATSNZ:CEN23_ECI_006(1.0),"Birthplace and age for the census usually resident population count, (RC, TALB, SA2, Health), 2013, 2018, and 2023 Censuses",I,2023,2023,9999,Total - New Zealand by regional council,C,Not elsewhere included,07,30-34 years,3369,,,
DATAFLOW,STATSNZ:CEN23_ECI_006(1.0),"Birthplace and age for the census usually resident population count, (RC, TALB, SA2, Health), 2013, 2018, and 2023 Censuses",I,2023,2023,9999,Total - New Zealand by regional council,B0707,Singapore,04,15-19 years,453,,,
DATAFLOW,STATSNZ:CEN23_ECI_006(1.0),"Birthplace and age for the census usually resident population count, (RC, TALB, SA2, Health), 2013, 2018, and 2023 Censuses",I,2023,2023,9999,Total - New Zealand by regional council,B0501,Russia,14,65-69 years,318,,,
DATAFLOW,STATSNZ:CEN23_ECI_006(1.0),"Birthplace and age for the census usually resident population count, (RC, TALB, SA2, Health), 2013, 2018, and 2023 Censuses",I,2023,2023,9999,Total - New Zealand by regional council,B0802,"Korea, Republic of",4,65 years and over,3504,,,
DATAFLOW,STATSNZ:CEN23_ECI_006(1.0),"Birthplace and age for the census usually resident population count, (RC, TALB, SA2, Health), 2013, 2018, and 2023 Censuses",I,2023,2023,9999,Total - New Zealand by regional council,B0906,Bangladesh,15,70-74 years,30,,,
DATAFLOW,STATSNZ:CEN23_ECI_006(1.0),"Birthplace and age for the census usually resident population count, (RC, TALB, SA2, Health), 2013, 2018, and 2023 Censuses",I,2023,2023,9999,Total - New Zealand by regional council,B0207,Kiribati,05,20-24 years,279,,,
DATAFLOW,STATSNZ:CEN23_ECI_006(1.0),"Birthplace and age for the census usually resident population count, (RC, TALB, SA2, Health), 2013, 2018, and 2023 Censuses",I,2023,2023,9999,Total - New Zealand by regional council,B0210,Tokelau,13,60-64 years,198,,,
DATAFLOW,STATSNZ:CEN23_ECI_006(1.0),"Birthplace and age for the census usually resident population count, (RC, TALB, SA2, Health), 2013, 2018, and 2023 Censuses",I,2023,2023,9999,Total - New Zealand by regional council,B0411,Sweden,07,30-34 years,198,,,
DATAFLOW,STATSNZ:CEN23_ECI_006(1.0),"Birthplace and age for the census usually resident population count, (RC, TALB, SA2, Health), 2013, 2018, and 2023 Censuses",I,2023,2023,9999,Total - New Zealand by regional council,B0801,"China, People's Republic of",09,40-44 years,20145,,,
DATAFLOW,STATSNZ:CEN23_ECI_006(1.0),"Birthplace and age for the census usually resident population count, (RC, TALB, SA2, Health), 2013, 2018, and 2023 Censuses",I,2023,2023,9999,Total - New Zealand by regional council,B0208,Tuvalu,02,5-9 years,60,,,
DATAFLOW,STATSNZ:CEN23_ECI_006(1.0),"Birthplace and age for the census usually resident population count, (RC, TALB, SA2, Health), 2013, 2018, and 2023 Censuses",I,2023,2023,9999,Total - New Zealand by regional council,B0204,Cook Islands,17,80-84 years,399,,,
DATAFLOW,STATSNZ:CEN23_ECI_006(1.0),"Birthplace and age for the census usually resident population count, (RC, TALB, SA2, Health), 2013, 2018, and 2023 Censuses",I,2023,2023,9999,Total - New Zealand by regional council,B0601,Iraq,Median,Median - age,47.1,,,
DATAFLOW,STATSNZ:CEN23_ECI_006(1.0),"Birthplace and age for the census usually resident population count, (RC, TALB, SA2, Health), 2013, 2018, and 2023 Censuses",I,2023,2023,9999,Total - New Zealand by regional council,B0510,Serbia,18,85-89 years,15,,,
DATAFLOW,STATSNZ:CEN23_ECI_006(1.0),"Birthplace and age for the census usually resident population count, (RC, TALB, SA2, Health), 2013, 2018, and 2023 Censuses",I,2023,2023,9999,Total - New Zealand by regional council,B0601,Iraq,10,45-49 years,375,,,
DATAFLOW,STATSNZ:CEN23_ECI_006(1.0),"Birthplace and age for the census usually resident population count, (RC, TALB, SA2, Health), 2013, 2018, and 2023 Censuses",I,2023,2023,9999,Total - New Zealand by regional council,B0907,Other,01,0-4 years,15,,,
DATAFLOW,STATSNZ:CEN23_ECI_006(1.0),"Birthplace and age for the census usually resident population count, (RC, TALB, SA2, Health), 2013, 2018, and 2023 Censuses",I,2023,2023,9999,Total - New Zealand by regional council,B0211,Solomon Islands,12,55-59 years,36,,,
DATAFLOW,STATSNZ:CEN23_ECI_006(1.0),"Birthplace and age for the census usually resident population count, (RC, TALB, SA2, Health), 2013, 2018, and 2023 Censuses",I,2023,2023,9999,Total - New Zealand by regional council,B0702,Malaysia,10,45-49 years,1821,,,
DATAFLOW,STATSNZ:CEN23_ECI_006(1.0),"Birthplace and age for the census usually resident population count, (RC, TALB, SA2, Health), 2013, 2018, and 2023 Censuses",I,2023,2023,9999,Total - New Zealand by regional council,B0412,Denmark,06,25-29 years,75,,,
DATAFLOW,STATSNZ:CEN23_ECI_006(1.0),"Birthplace and age for the census usually resident population count, (RC, TALB, SA2, Health), 2013, 2018, and 2023 Censuses",I,2023,2023,9999,Total - New Zealand by regional council,B0410,Switzerland,03,10-14 years,132,,,
DATAFLOW,STATSNZ:CEN23_ECI_006(1.0),"Birthplace and age for the census usually resident population count, (RC, TALB, SA2, Health), 2013, 2018, and 2023 Censuses",I,2023,2023,9999,Total - New Zealand by regional council,B0407,France,19,90 years and over,21,,,
DATAFLOW,STATSNZ:CEN23_ECI_006(1.0),"Birthplace and age for the census usually resident population count, (RC, TALB, SA2, Health), 2013, 2018, and 2023 Censuses",I,2023,2023,9999,Total - New Zealand by regional council,B0211,Solomon Islands,05,20-24 years,69,,,
DATAFLOW,STATSNZ:CEN23_ECI_006(1.0),"Birthplace and age for the census usually resident population count, (RC, TALB, SA2, Health), 2013, 2018, and 2023 Censuses",I,2023,2023,9999,Total - New Zealand by regional council,B0806,Other,18,85-89 years,3,,,
DATAFLOW,STATSNZ:CEN23_ECI_006(1.0),"Birthplace and age for the census usually resident population count, (RC, TALB, SA2, Health), 2013, 2018, and 2023 Censuses",I,2023,2023,9999,Total - New Zealand by regional council,B0802,"Korea, Republic of",04,15-19 years,1344,,,
DATAFLOW,STATSNZ:CEN23_ECI_006(1.0),"Birthplace and age for the census usually resident population count, (RC, TALB, SA2, Health), 2013, 2018, and 2023 Censuses",I,2023,2023,9999,Total - New Zealand by regional council,B0404,Netherlands,14,65-69 years,1620,,,
DATAFLOW,STATSNZ:CEN23_ECI_006(1.0),"Birthplace and age for the census usually resident population count, (RC, TALB, SA2, Health), 2013, 2018, and 2023 Censuses",I,2023,2023,9999,Total - New Zealand by regional council,B1005,Argentina,04,15-19 years,117,,,
DATAFLOW,STATSNZ:CEN23_ECI_006(1.0),"Birthplace and age for the census usually resident population count, (RC, TALB, SA2, Health), 2013, 2018, and 2023 Censuses",I,2023,2023,9999,Total - New Zealand by regional council,B1103,Kenya,17,80-84 years,39,,,
DATAFLOW,STATSNZ:CEN23_ECI_006(1.0),"Birthplace and age for the census usually resident population count, (RC, TALB, SA2, Health), 2013, 2018, and 2023 Censuses",I,2023,2023,9999,Total - New Zealand by regional council,B0604,Egypt,3,30-64 years,1077,,,
DATAFLOW,STATSNZ:CEN23_ECI_006(1.0),"Birthplace and age for the census usually resident population count, (RC, TALB, SA2, Health), 2013, 2018, and 2023 Censuses",I,2023,2023,9999,Total - New Zealand by regional council,B0506,Ukraine,99,Total - age,2460,,,
DATAFLOW,STATSNZ:CEN23_ECI_006(1.0),"Birthplace and age for the census usually resident population count, (RC, TALB, SA2, Health), 2013, 2018, and 2023 Censuses",I,2023,2023,9999,Total - New Zealand by regional council,B07,South-East Asia,05,20-24 years,11574,,,
DATAFLOW,STATSNZ:CEN23_ECI_006(1.0),"Birthplace and age for the census usually resident population count, (RC, TALB, SA2, Health), 2013, 2018, and 2023 Censuses",I,2023,2023,9999,Total - New Zealand by regional council,B0801,"China, People's Republic of",10,45-49 years,10380,,,
DATAFLOW,STATSNZ:CEN23_ECI_006(1.0),"Birthplace and age for the census usually resident population count, (RC, TALB, SA2, Health), 2013, 2018, and 2023 Censuses",I,2023,2023,9999,Total - New Zealand by regional council,B0503,Czech Republic,10,45-49 years,249,,,
DATAFLOW,STATSNZ:CEN23_ECI_006(1.0),"Birthplace and age for the census usually resident population count, (RC, TALB, SA2, Health), 2013, 2018, and 2023 Censuses",I,2023,2023,9999,Total - New Zealand by regional council,B0413,Austria,14,65-69 years,81,,,
DATAFLOW,STATSNZ:CEN23_ECI_006(1.0),"Birthplace and age for the census usually resident population count, (RC, TALB, SA2, Health), 2013, 2018, and 2023 Censuses",I,2023,2023,9999,Total - New Zealand by regional council,B0511,Greece,15,70-74 years,93,,,
DATAFLOW,STATSNZ:CEN23_ECI_006(1.0),"Birthplace and age for the census usually resident population count, (RC, TALB, SA2, Health), 2013, 2018, and 2023 Censuses",I,2023,2023,9999,Total - New Zealand by regional council,B0907,Other,10,45-49 years,246,,,
DATAFLOW,STATSNZ:CEN23_ECI_006(1.0),"Birthplace and age for the census usually resident population count, (RC, TALB, SA2, Health), 2013, 2018, and 2023 Censuses",I,2023,2023,9999,Total - New Zealand by regional council,B0510,Serbia,06,25-29 years,66,,,
DATAFLOW,STATSNZ:CEN23_ECI_006(1.0),"Birthplace and age for the census usually resident population count, (RC, TALB, SA2, Health), 2013, 2018, and 2023 Censuses",I,2023,2023,9999,Total - New Zealand by regional council,B0412,Denmark,1,Under 15 years,105,,,
DATAFLOW,STATSNZ:CEN23_ECI_006(1.0),"Birthplace and age for the census usually resident population count, (RC, TALB, SA2, Health), 2013, 2018, and 2023 Censuses",I,2023,2023,9999,Total - New Zealand by regional council,B0211,Solomon Islands,19,90 years and over,0,,,
DATAFLOW,STATSNZ:CEN23_ECI_006(1.0),"Birthplace and age for the census usually resident population count, (RC, TALB, SA2, Health), 2013, 2018, and 2023 Censuses",I,2023,2023,9999,Total - New Zealand by regional council,B0416,Other,3,30-64 years,924,,,
DATAFLOW,STATSNZ:CEN23_ECI_006(1.0),"Birthplace and age for the census usually resident population count, (RC, TALB, SA2, Health), 2013, 2018, and 2023 Censuses",I,2023,2023,9999,Total - New Zealand by regional council,C,Not elsewhere included,99,Total - age,41196,,,
DATAFLOW,STATSNZ:CEN23_ECI_006(1.0),"Birthplace and age for the census usually resident population count, (RC, TALB, SA2, Health), 2013, 2018, and 2023 Censuses",I,2023,2023,9999,Total - New Zealand by regional council,B0205,Niue,08,35-39 years,168,,,
DATAFLOW,STATSNZ:CEN23_ECI_006(1.0),"Birthplace and age for the census usually resident population count, (RC, TALB, SA2, Health), 2013, 2018, and 2023 Censuses",I,2023,2023,9999,Total - New Zealand by regional council,B0906,Bangladesh,14,65-69 years,75,,,
DATAFLOW,STATSNZ:CEN23_ECI_006(1.0),"Birthplace and age for the census usually resident population count, (RC, TALB, SA2, Health), 2013, 2018, and 2023 Censuses",I,2023,2023,9999,Total - New Zealand by regional council,B0208,Tuvalu,15,70-74 years,75,,,
DATAFLOW,STATSNZ:CEN23_ECI_006(1.0),"Birthplace and age for the census usually resident population count, (RC, TALB, SA2, Health), 2013, 2018, and 2023 Censuses",I,2023,2023,9999,Total - New Zealand by regional council,B0209,Papua New Guinea,2,15-29 years,273,,,
DATAFLOW,STATSNZ:CEN23_ECI_006(1.0),"Birthplace and age for the census usually resident population count, (RC, TALB, SA2, Health), 2013, 2018, and 2023 Censuses",I,2023,2023,9999,Total - New Zealand by regional council,B0904,Afghanistan,13,60-64 years,168,,,
DATAFLOW,STATSNZ:CEN23_ECI_006(1.0),"Birthplace and age for the census usually resident population count, (RC, TALB, SA2, Health), 2013, 2018, and 2023 Censuses",I,2023,2023,9999,Total - New Zealand by regional council,B0404,Netherlands,03,10-14 years,201,,,
DATAFLOW,STATSNZ:CEN23_ECI_006(1.0),"Birthplace and age for the census usually resident population count, (RC, TALB, SA2, Health), 2013, 2018, and 2023 Censuses",I,2023,2023,9999,Total - New Zealand by regional council,B0901,India,11,50-54 years,5835,,,
DATAFLOW,STATSNZ:CEN23_ECI_006(1.0),"Birthplace and age for the census usually resident population count, (RC, TALB, SA2, Health), 2013, 2018, and 2023 Censuses",I,2023,2023,9999,Total - New Zealand by regional council,B10,The Americas,18,85-89 years,312,,,
DATAFLOW,STATSNZ:CEN23_ECI_006(1.0),"Birthplace and age for the census usually resident population count, (RC, TALB, SA2, Health), 2013, 2018, and 2023 Censuses",I,2023,2023,9999,Total - New Zealand by regional council,B0212,Other,03,10-14 years,78,,,
DATAFLOW,STATSNZ:CEN23_ECI_006(1.0),"Birthplace and age for the census usually resident population count, (RC, TALB, SA2, Health), 2013, 2018, and 2023 Censuses",I,2023,2023,9999,Total - New Zealand by regional council,B0408,Wales,10,45-49 years,579,,,
DATAFLOW,STATSNZ:CEN23_ECI_006(1.0),"Birthplace and age for the census usually resident population count, (RC, TALB, SA2, Health), 2013, 2018, and 2023 Censuses",I,2023,2023,9999,Total - New Zealand by regional council,B0511,Greece,10,45-49 years,63,,,
DATAFLOW,STATSNZ:CEN23_ECI_006(1.0),"Birthplace and age for the census usually resident population count, (RC, TALB, SA2, Health), 2013, 2018, and 2023 Censuses",I,2023,2023,9999,Total - New Zealand by regional council,B07,South-East Asia,03,10-14 years,7425,,,
DATAFLOW,STATSNZ:CEN23_ECI_006(1.0),"Birthplace and age for the census usually resident population count, (RC, TALB, SA2, Health), 2013, 2018, and 2023 Censuses",I,2023,2023,9999,Total - New Zealand by regional council,B0511,Greece,01,0-4 years,3,,,
DATAFLOW,STATSNZ:CEN23_ECI_006(1.0),"Birthplace and age for the census usually resident population count, (RC, TALB, SA2, Health), 2013, 2018, and 2023 Censuses",I,2023,2023,9999,Total - New Zealand by regional council,999999,Total - birthplace,4,65 years and over,828588,,,
DATAFLOW,STATSNZ:CEN23_ECI_006(1.0),"Birthplace and age for the census usually resident population count, (RC, TALB, SA2, Health), 2013, 2018, and 2023 Censuses",I,2023,2023,9999,Total - New Zealand by regional council,B0415,Channel Islands,99,Total - age,1029,,,
DATAFLOW,STATSNZ:CEN23_ECI_006(1.0),"Birthplace and age for the census usually resident population count, (RC, TALB, SA2, Health), 2013, 2018, and 2023 Censuses",I,2023,2023,9999,Total - New Zealand by regional council,B0603,Saudi Arabia,10,45-49 years,33,,,
DATAFLOW,STATSNZ:CEN23_ECI_006(1.0),"Birthplace and age for the census usually resident population count, (RC, TALB, SA2, Health), 2013, 2018, and 2023 Censuses",I,2023,2023,9999,Total - New Zealand by regional council,B0503,Czech Republic,4,65 years and over,156,,,
DATAFLOW,STATSNZ:CEN23_ECI_006(1.0),"Birthplace and age for the census usually resident population count, (RC, TALB, SA2, Health), 2013, 2018, and 2023 Censuses",I,2023,2023,9999,Total - New Zealand by regional council,B,Overseas,99,Total - age,1426983,,,
DATAFLOW,STATSNZ:CEN23_ECI_006(1.0),"Birthplace and age for the census usually resident population count, (RC, TALB, SA2, Health), 2013, 2018, and 2023 Censuses",I,2023,2023,9999,Total - New Zealand by regional council,B0416,Other,06,25-29 years,153,,,
DATAFLOW,STATSNZ:CEN23_ECI_006(1.0),"Birthplace and age for the census usually resident population count, (RC, TALB, SA2, Health), 2013, 2018, and 2023 Censuses",I,2023,2023,9999,Total - New Zealand by regional council,B0509,Hungary,2,15-29 years,159,,,
DATAFLOW,STATSNZ:CEN23_ECI_006(1.0),"Birthplace and age for the census usually resident population count, (RC, TALB, SA2, Health), 2013, 2018, and 2023 Censuses",I,2023,2023,9999,Total - New Zealand by regional council,B0203,Tonga,10,45-49 years,2838,,,
DATAFLOW,STATSNZ:CEN23_ECI_006(1.0),"Birthplace and age for the census usually resident population count, (RC, TALB, SA2, Health), 2013, 2018, and 2023 Censuses",I,2023,2023,9999,Total - New Zealand by regional council,B10,The Americas,16,75-79 years,1665,,,
DATAFLOW,STATSNZ:CEN23_ECI_006(1.0),"Birthplace and age for the census usually resident population count, (RC, TALB, SA2, Health), 2013, 2018, and 2023 Censuses",I,2023,2023,9999,Total - New Zealand by regional council,B1005,Argentina,14,65-69 years,48,,,
DATAFLOW,STATSNZ:CEN23_ECI_006(1.0),"Birthplace and age for the census usually resident population count, (RC, TALB, SA2, Health), 2013, 2018, and 2023 Censuses",I,2023,2023,9999,Total - New Zealand by regional council,B1008,Other Americas,19,90 years and over,24,,,
DATAFLOW,STATSNZ:CEN23_ECI_006(1.0),"Birthplace and age for the census usually resident population count, (RC, TALB, SA2, Health), 2013, 2018, and 2023 Censuses",I,2023,2023,9999,Total - New Zealand by regional council,B1102,Zimbabwe,17,80-84 years,126,,,
DATAFLOW,STATSNZ:CEN23_ECI_006(1.0),"Birthplace and age for the census usually resident population count, (RC, TALB, SA2, Health), 2013, 2018, and 2023 Censuses",I,2023,2023,9999,Total - New Zealand by regional council,B0203,Tonga,12,55-59 years,3027,,,
DATAFLOW,STATSNZ:CEN23_ECI_006(1.0),"Birthplace and age for the census usually resident population count, (RC, TALB, SA2, Health), 2013, 2018, and 2023 Censuses",I,2023,2023,9999,Total - New Zealand by regional council,B0211,Solomon Islands,18,85-89 years,0,,,
DATAFLOW,STATSNZ:CEN23_ECI_006(1.0),"Birthplace and age for the census usually resident population count, (RC, TALB, SA2, Health), 2013, 2018, and 2023 Censuses",I,2023,2023,9999,Total - New Zealand by regional council,B0505,Romania,13,60-64 years,126,,,
DATAFLOW,STATSNZ:CEN23_ECI_006(1.0),"Birthplace and age for the census usually resident population count, (RC, TALB, SA2, Health), 2013, 2018, and 2023 Censuses",I,2023,2023,9999,Total - New Zealand by regional council,B0509,Hungary,12,55-59 years,66,,,
DATAFLOW,STATSNZ:CEN23_ECI_006(1.0),"Birthplace and age for the census usually resident population count, (RC, TALB, SA2, Health), 2013, 2018, and 2023 Censuses",I,2023,2023,9999,Total - New Zealand by regional council,B0404,Netherlands,10,45-49 years,1038,,,
DATAFLOW,STATSNZ:CEN23_ECI_006(1.0),"Birthplace and age for the census usually resident population count, (RC, TALB, SA2, Health), 2013, 2018, and 2023 Censuses",I,2023,2023,9999,Total - New Zealand by regional council,B0607,Israel,03,10-14 years,99,,,
DATAFLOW,STATSNZ:CEN23_ECI_006(1.0),"Birthplace and age for the census usually resident population count, (RC, TALB, SA2, Health), 2013, 2018, and 2023 Censuses",I,2023,2023,9999,Total - New Zealand by regional council,B1008,Other Americas,16,75-79 years,144,,,
DATAFLOW,STATSNZ:CEN23_ECI_006(1.0),"Birthplace and age for the census usually resident population count, (RC, TALB, SA2, Health), 2013, 2018, and 2023 Censuses",I,2023,2023,9999,Total - New Zealand by regional council,B03,Other Oceania and Antarctica,99,Total - age,3,,,
DATAFLOW,STATSNZ:CEN23_ECI_006(1.0),"Birthplace and age for the census usually resident population count, (RC, TALB, SA2, Health), 2013, 2018, and 2023 Censuses",I,2023,2023,9999,Total - New Zealand by regional council,B0607,Israel,4,65 years and over,99,,,
DATAFLOW,STATSNZ:CEN23_ECI_006(1.0),"Birthplace and age for the census usually resident population count, (RC, TALB, SA2, Health), 2013, 2018, and 2023 Censuses",I,2023,2023,9999,Total - New Zealand by regional council,B0410,Switzerland,2,15-29 years,450,,,
DATAFLOW,STATSNZ:CEN23_ECI_006(1.0),"Birthplace and age for the census usually resident population count, (RC, TALB, SA2, Health), 2013, 2018, and 2023 Censuses",I,2023,2023,9999,Total - New Zealand by regional council,B11,Sub-Saharan Africa,02,5-9 years,5355,,,
DATAFLOW,STATSNZ:CEN23_ECI_006(1.0),"Birthplace and age for the census usually resident population count, (RC, TALB, SA2, Health), 2013, 2018, and 2023 Censuses",I,2023,2023,9999,Total - New Zealand by regional council,B1102,Zimbabwe,10,45-49 years,972,,,
DATAFLOW,STATSNZ:CEN23_ECI_006(1.0),"Birthplace and age for the census usually resident population count, (RC, TALB, SA2, Health), 2013, 2018, and 2023 Censuses",I,2023,2023,9999,Total - New Zealand by regional council,B0209,Papua New Guinea,15,70-74 years,21,,,
DATAFLOW,STATSNZ:CEN23_ECI_006(1.0),"Birthplace and age for the census usually resident population count, (RC, TALB, SA2, Health), 2013, 2018, and 2023 Censuses",I,2023,2023,9999,Total - New Zealand by regional council,B0503,Czech Republic,07,30-34 years,537,,,
DATAFLOW,STATSNZ:CEN23_ECI_006(1.0),"Birthplace and age for the census usually resident population count, (RC, TALB, SA2, Health), 2013, 2018, and 2023 Censuses",I,2023,2023,9999,Total - New Zealand by regional council,999999,Total - birthplace,08,35-39 years,345537,,,
DATAFLOW,STATSNZ:CEN23_ECI_006(1.0),"Birthplace and age for the census usually resident population count, (RC, TALB, SA2, Health), 2013, 2018, and 2023 Censuses",I,2023,2023,9999,Total - New Zealand by regional council,B0414,Belgium,10,45-49 years,102,,,
DATAFLOW,STATSNZ:CEN23_ECI_006(1.0),"Birthplace and age for the census usually resident population count, (RC, TALB, SA2, Health), 2013, 2018, and 2023 Censuses",I,2023,2023,9999,Total - New Zealand by regional council,B,Overseas,09,40-44 years,136491,,,
DATAFLOW,STATSNZ:CEN23_ECI_006(1.0),"Birthplace and age for the census usually resident population count, (RC, TALB, SA2, Health), 2013, 2018, and 2023 Censuses",I,2023,2023,9999,Total - New Zealand by regional council,B0412,Denmark,12,55-59 years,123,,,
DATAFLOW,STATSNZ:CEN23_ECI_006(1.0),"Birthplace and age for the census usually resident population count, (RC, TALB, SA2, Health), 2013, 2018, and 2023 Censuses",I,2023,2023,9999,Total - New Zealand by regional council,B0511,Greece,12,55-59 years,60,,,
DATAFLOW,STATSNZ:CEN23_ECI_006(1.0),"Birthplace and age for the census usually resident population count, (RC, TALB, SA2, Health), 2013, 2018, and 2023 Censuses",I,2023,2023,9999,Total - New Zealand by regional council,B0201,Fiji,13,60-64 years,4536,,,
DATAFLOW,STATSNZ:CEN23_ECI_006(1.0),"Birthplace and age for the census usually resident population count, (RC, TALB, SA2, Health), 2013, 2018, and 2023 Censuses",I,2023,2023,9999,Total - New Zealand by regional council,B0203,Tonga,18,85-89 years,222,,,
DATAFLOW,STATSNZ:CEN23_ECI_006(1.0),"Birthplace and age for the census usually resident population count, (RC, TALB, SA2, Health), 2013, 2018, and 2023 Censuses",I,2023,2023,9999,Total - New Zealand by regional council,B0412,Denmark,4,65 years and over,468,,,
DATAFLOW,STATSNZ:CEN23_ECI_006(1.0),"Birthplace and age for the census usually resident population count, (RC, TALB, SA2, Health), 2013, 2018, and 2023 Censuses",I,2023,2023,9999,Total - New Zealand by regional council,B0901,India,12,55-59 years,4851,,,
DATAFLOW,STATSNZ:CEN23_ECI_006(1.0),"Birthplace and age for the census usually resident population count, (RC, TALB, SA2, Health), 2013, 2018, and 2023 Censuses",I,2023,2023,9999,Total - New Zealand by regional council,B0204,Cook Islands,13,60-64 years,1455,,,
DATAFLOW,STATSNZ:CEN23_ECI_006(1.0),"Birthplace and age for the census usually resident population count, (RC, TALB, SA2, Health), 2013, 2018, and 2023 Censuses",I,2023,2023,9999,Total - New Zealand by regional council,B0903,Pakistan,06,25-29 years,471,,,
DATAFLOW,STATSNZ:CEN23_ECI_006(1.0),"Birthplace and age for the census usually resident population count, (RC, TALB, SA2, Health), 2013, 2018, and 2023 Censuses",I,2023,2023,9999,Total - New Zealand by regional council,B0416,Other,04,15-19 years,78,,,
DATAFLOW,STATSNZ:CEN23_ECI_006(1.0),"Birthplace and age for the census usually resident population count, (RC, TALB, SA2, Health), 2013, 2018, and 2023 Censuses",I,2023,2023,9999,Total - New Zealand by regional council,B0705,Cambodia,07,30-34 years,840,,,
DATAFLOW,STATSNZ:CEN23_ECI_006(1.0),"Birthplace and age for the census usually resident population count, (RC, TALB, SA2, Health), 2013, 2018, and 2023 Censuses",I,2023,2023,9999,Total - New Zealand by regional council,B0414,Belgium,1,Under 15 years,114,,,
DATAFLOW,STATSNZ:CEN23_ECI_006(1.0),"Birthplace and age for the census usually resident population count, (RC, TALB, SA2, Health), 2013, 2018, and 2023 Censuses",I,2023,2023,9999,Total - New Zealand by regional council,B0503,Czech Republic,19,90 years and over,12,,,
DATAFLOW,STATSNZ:CEN23_ECI_006(1.0),"Birthplace and age for the census usually resident population count, (RC, TALB, SA2, Health), 2013, 2018, and 2023 Censuses",I,2023,2023,9999,Total - New Zealand by regional council,B0702,Malaysia,19,90 years and over,39,,,
DATAFLOW,STATSNZ:CEN23_ECI_006(1.0),"Birthplace and age for the census usually resident population count, (RC, TALB, SA2, Health), 2013, 2018, and 2023 Censuses",I,2023,2023,9999,Total - New Zealand by regional council,B05,Southern and Eastern Europe,13,60-64 years,1872,,,
DATAFLOW,STATSNZ:CEN23_ECI_006(1.0),"Birthplace and age for the census usually resident population count, (RC, TALB, SA2, Health), 2013, 2018, and 2023 Censuses",I,2023,2023,9999,Total - New Zealand by regional council,B0212,Other,06,25-29 years,306,,,
DATAFLOW,STATSNZ:CEN23_ECI_006(1.0),"Birthplace and age for the census usually resident population count, (RC, TALB, SA2, Health), 2013, 2018, and 2023 Censuses",I,2023,2023,9999,Total - New Zealand by regional council,B0415,Channel Islands,08,35-39 years,45,,,
DATAFLOW,STATSNZ:CEN23_ECI_006(1.0),"Birthplace and age for the census usually resident population count, (RC, TALB, SA2, Health), 2013, 2018, and 2023 Censuses",I,2023,2023,9999,Total - New Zealand by regional council,B0806,Other,17,80-84 years,15,,,
DATAFLOW,STATSNZ:CEN23_ECI_006(1.0),"Birthplace and age for the census usually resident population count, (RC, TALB, SA2, Health), 2013, 2018, and 2023 Censuses",I,2023,2023,9999,Total - New Zealand by regional council,B0412,Denmark,99,Total - age,1428,,,
DATAFLOW,STATSNZ:CEN23_ECI_006(1.0),"Birthplace and age for the census usually resident population count, (RC, TALB, SA2, Health), 2013, 2018, and 2023 Censuses",I,2023,2023,9999,Total - New Zealand by regional council,B03,Other Oceania and Antarctica,15,70-74 years,0,,,
DATAFLOW,STATSNZ:CEN23_ECI_006(1.0),"Birthplace and age for the census usually resident population count, (RC, TALB, SA2, Health), 2013, 2018, and 2023 Censuses",I,2023,2023,9999,Total - New Zealand by regional council,B0902,Sri Lanka,03,10-14 years,777,,,
DATAFLOW,STATSNZ:CEN23_ECI_006(1.0),"Birthplace and age for the census usually resident population count, (RC, TALB, SA2, Health), 2013, 2018, and 2023 Censuses",I,2023,2023,9999,Total - New Zealand by regional council,B0411,Sweden,06,25-29 years,129,,,
DATAFLOW,STATSNZ:CEN23_ECI_006(1.0),"Birthplace and age for the census usually resident population count, (RC, TALB, SA2, Health), 2013, 2018, and 2023 Censuses",I,2023,2023,9999,Total - New Zealand by regional council,B0507,Croatia,4,65 years and over,786,,,
DATAFLOW,STATSNZ:CEN23_ECI_006(1.0),"Birthplace and age for the census usually resident population count, (RC, TALB, SA2, Health), 2013, 2018, and 2023 Censuses",I,2023,2023,9999,Total - New Zealand by regional council,B0408,Wales,2,15-29 years,900,,,
DATAFLOW,STATSNZ:CEN23_ECI_006(1.0),"Birthplace and age for the census usually resident population count, (RC, TALB, SA2, Health), 2013, 2018, and 2023 Censuses",I,2023,2023,9999,Total - New Zealand by regional council,B0701,Philippines,11,50-54 years,7725,,,
DATAFLOW,STATSNZ:CEN23_ECI_006(1.0),"Birthplace and age for the census usually resident population count, (RC, TALB, SA2, Health), 2013, 2018, and 2023 Censuses",I,2023,2023,9999,Total - New Zealand by regional council,B01,Australia,16,75-79 years,2367,,,
DATAFLOW,STATSNZ:CEN23_ECI_006(1.0),"Birthplace and age for the census usually resident population count, (RC, TALB, SA2, Health), 2013, 2018, and 2023 Censuses",I,2023,2023,9999,Total - New Zealand by regional council,B0806,Other,06,25-29 years,30,,,
DATAFLOW,STATSNZ:CEN23_ECI_006(1.0),"Birthplace and age for the census usually resident population count, (RC, TALB, SA2, Health), 2013, 2018, and 2023 Censuses",I,2023,2023,9999,Total - New Zealand by regional council,B0501,Russia,06,25-29 years,705,,,
DATAFLOW,STATSNZ:CEN23_ECI_006(1.0),"Birthplace and age for the census usually resident population count, (RC, TALB, SA2, Health), 2013, 2018, and 2023 Censuses",I,2023,2023,9999,Total - New Zealand by regional council,B0704,Viet Nam,18,85-89 years,48,,,
DATAFLOW,STATSNZ:CEN23_ECI_006(1.0),"Birthplace and age for the census usually resident population count, (RC, TALB, SA2, Health), 2013, 2018, and 2023 Censuses",I,2023,2023,9999,Total - New Zealand by regional council,B0905,Nepal,03,10-14 years,195,,,
DATAFLOW,STATSNZ:CEN23_ECI_006(1.0),"Birthplace and age for the census usually resident population count, (RC, TALB, SA2, Health), 2013, 2018, and 2023 Censuses",I,2023,2023,9999,Total - New Zealand by regional council,B1007,Mexico,02,5-9 years,48,,,
DATAFLOW,STATSNZ:CEN23_ECI_006(1.0),"Birthplace and age for the census usually resident population count, (RC, TALB, SA2, Health), 2013, 2018, and 2023 Censuses",I,2023,2023,9999,Total - New Zealand by regional council,B10,The Americas,04,15-19 years,3783,,,
DATAFLOW,STATSNZ:CEN23_ECI_006(1.0),"Birthplace and age for the census usually resident population count, (RC, TALB, SA2, Health), 2013, 2018, and 2023 Censuses",I,2023,2023,9999,Total - New Zealand by regional council,B0606,Syria,13,60-64 years,60,,,
DATAFLOW,STATSNZ:CEN23_ECI_006(1.0),"Birthplace and age for the census usually resident population count, (RC, TALB, SA2, Health), 2013, 2018, and 2023 Censuses",I,2023,2023,9999,Total - New Zealand by regional council,B0202,Samoa,04,15-19 years,3375,,,
DATAFLOW,STATSNZ:CEN23_ECI_006(1.0),"Birthplace and age for the census usually resident population count, (RC, TALB, SA2, Health), 2013, 2018, and 2023 Censuses",I,2023,2023,9999,Total - New Zealand by regional council,B0708,Myanmar,01,0-4 years,18,,,
DATAFLOW,STATSNZ:CEN23_ECI_006(1.0),"Birthplace and age for the census usually resident population count, (RC, TALB, SA2, Health), 2013, 2018, and 2023 Censuses",I,2023,2023,9999,Total - New Zealand by regional council,B0903,Pakistan,04,15-19 years,441,,,
DATAFLOW,STATSNZ:CEN23_ECI_006(1.0),"Birthplace and age for the census usually resident population count, (RC, TALB, SA2, Health), 2013, 2018, and 2023 Censuses",I,2023,2023,9999,Total - New Zealand by regional council,B0705,Cambodia,01,0-4 years,24,,,
DATAFLOW,STATSNZ:CEN23_ECI_006(1.0),"Birthplace and age for the census usually resident population count, (RC, TALB, SA2, Health), 2013, 2018, and 2023 Censuses",I,2023,2023,9999,Total - New Zealand by regional council,B0410,Switzerland,11,50-54 years,243,,,
DATAFLOW,STATSNZ:CEN23_ECI_006(1.0),"Birthplace and age for the census usually resident population count, (RC, TALB, SA2, Health), 2013, 2018, and 2023 Censuses",I,2023,2023,9999,Total - New Zealand by regional council,B1008,Other Americas,03,10-14 years,204,,,
DATAFLOW,STATSNZ:CEN23_ECI_006(1.0),"Birthplace and age for the census usually resident population count, (RC, TALB, SA2, Health), 2013, 2018, and 2023 Censuses",I,2023,2023,9999,Total - New Zealand by regional council,B0501,Russia,04,15-19 years,333,,,
DATAFLOW,STATSNZ:CEN23_ECI_006(1.0),"Birthplace and age for the census usually resident population count, (RC, TALB, SA2, Health), 2013, 2018, and 2023 Censuses",I,2023,2023,9999,Total - New Zealand by regional council,B0509,Hungary,16,75-79 years,54,,,
DATAFLOW,STATSNZ:CEN23_ECI_006(1.0),"Birthplace and age for the census usually resident population count, (RC, TALB, SA2, Health), 2013, 2018, and 2023 Censuses",I,2023,2023,9999,Total - New Zealand by regional council,B07,South-East Asia,12,55-59 years,9414,,,
DATAFLOW,STATSNZ:CEN23_ECI_006(1.0),"Birthplace and age for the census usually resident population count, (RC, TALB, SA2, Health), 2013, 2018, and 2023 Censuses",I,2023,2023,9999,Total - New Zealand by regional council,B02,Pacific Islands,07,30-34 years,15471,,,
DATAFLOW,STATSNZ:CEN23_ECI_006(1.0),"Birthplace and age for the census usually resident population count, (RC, TALB, SA2, Health), 2013, 2018, and 2023 Censuses",I,2023,2023,9999,Total - New Zealand by regional council,B0510,Serbia,2,15-29 years,165,,,
DATAFLOW,STATSNZ:CEN23_ECI_006(1.0),"Birthplace and age for the census usually resident population count, (RC, TALB, SA2, Health), 2013, 2018, and 2023 Censuses",I,2023,2023,9999,Total - New Zealand by regional council,B1005,Argentina,99,Total - age,5370,,,
DATAFLOW,STATSNZ:CEN23_ECI_006(1.0),"Birthplace and age for the census usually resident population count, (RC, TALB, SA2, Health), 2013, 2018, and 2023 Censuses",I,2023,2023,9999,Total - New Zealand by regional council,B1102,Zimbabwe,11,50-54 years,1029,,,
DATAFLOW,STATSNZ:CEN23_ECI_006(1.0),"Birthplace and age for the census usually resident population count, (RC, TALB, SA2, Health), 2013, 2018, and 2023 Censuses",I,2023,2023,9999,Total - New Zealand by regional council,B0506,Ukraine,3,30-64 years,1635,,,
DATAFLOW,STATSNZ:CEN23_ECI_006(1.0),"Birthplace and age for the census usually resident population count, (RC, TALB, SA2, Health), 2013, 2018, and 2023 Censuses",I,2023,2023,9999,Total - New Zealand by regional council,B0902,Sri Lanka,99,Total - age,19470,,,
DATAFLOW,STATSNZ:CEN23_ECI_006(1.0),"Birthplace and age for the census usually resident population count, (RC, TALB, SA2, Health), 2013, 2018, and 2023 Censuses",I,2023,2023,9999,Total - New Zealand by regional council,B0505,Romania,04,15-19 years,39,,,
DATAFLOW,STATSNZ:CEN23_ECI_006(1.0),"Birthplace and age for the census usually resident population count, (RC, TALB, SA2, Health), 2013, 2018, and 2023 Censuses",I,2023,2023,9999,Total - New Zealand by regional council,B0805,Taiwan,10,45-49 years,873,,,
DATAFLOW,STATSNZ:CEN23_ECI_006(1.0),"Birthplace and age for the census usually resident population count, (RC, TALB, SA2, Health), 2013, 2018, and 2023 Censuses",I,2023,2023,9999,Total - New Zealand by regional council,B0803,Japan,07,30-34 years,1023,,,
DATAFLOW,STATSNZ:CEN23_ECI_006(1.0),"Birthplace and age for the census usually resident population count, (RC, TALB, SA2, Health), 2013, 2018, and 2023 Censuses",I,2023,2023,9999,Total - New Zealand by regional council,B04,North-West Europe,2,15-29 years,41316,,,
DATAFLOW,STATSNZ:CEN23_ECI_006(1.0),"Birthplace and age for the census usually resident population count, (RC, TALB, SA2, Health), 2013, 2018, and 2023 Censuses",I,2023,2023,9999,Total - New Zealand by regional council,B0409,Northern Ireland,Median,Median - age,58.6,,,
DATAFLOW,STATSNZ:CEN23_ECI_006(1.0),"Birthplace and age for the census usually resident population count, (RC, TALB, SA2, Health), 2013, 2018, and 2023 Censuses",I,2023,2023,9999,Total - New Zealand by regional council,B1008,Other Americas,2,15-29 years,1050,,,
DATAFLOW,STATSNZ:CEN23_ECI_006(1.0),"Birthplace and age for the census usually resident population count, (RC, TALB, SA2, Health), 2013, 2018, and 2023 Censuses",I,2023,2023,9999,Total - New Zealand by regional council,B11,Sub-Saharan Africa,09,40-44 years,11943,,,
DATAFLOW,STATSNZ:CEN23_ECI_006(1.0),"Birthplace and age for the census usually resident population count, (RC, TALB, SA2, Health), 2013, 2018, and 2023 Censuses",I,2023,2023,9999,Total - New Zealand by regional council,B0806,Other,10,45-49 years,24,,,
DATAFLOW,STATSNZ:CEN23_ECI_006(1.0),"Birthplace and age for the census usually resident population count, (RC, TALB, SA2, Health), 2013, 2018, and 2023 Censuses",I,2023,2023,9999,Total - New Zealand by regional council,B1107,Other Sub-Saharan Africa,19,90 years and over,18,,,
DATAFLOW,STATSNZ:CEN23_ECI_006(1.0),"Birthplace and age for the census usually resident population count, (RC, TALB, SA2, Health), 2013, 2018, and 2023 Censuses",I,2023,2023,9999,Total - New Zealand by regional council,B1105,Ethiopia,08,35-39 years,201,,,
DATAFLOW,STATSNZ:CEN23_ECI_006(1.0),"Birthplace and age for the census usually resident population count, (RC, TALB, SA2, Health), 2013, 2018, and 2023 Censuses",I,2023,2023,9999,Total - New Zealand by regional council,B1101,South Africa,12,55-59 years,5883,,,
DATAFLOW,STATSNZ:CEN23_ECI_006(1.0),"Birthplace and age for the census usually resident population count, (RC, TALB, SA2, Health), 2013, 2018, and 2023 Censuses",I,2023,2023,9999,Total - New Zealand by regional council,B1002,Canada,07,30-34 years,1305,,,
DATAFLOW,STATSNZ:CEN23_ECI_006(1.0),"Birthplace and age for the census usually resident population count, (RC, TALB, SA2, Health), 2013, 2018, and 2023 Censuses",I,2023,2023,9999,Total - New Zealand by regional council,B1007,Mexico,3,30-64 years,1317,,,
DATAFLOW,STATSNZ:CEN23_ECI_006(1.0),"Birthplace and age for the census usually resident population count, (RC, TALB, SA2, Health), 2013, 2018, and 2023 Censuses",I,2023,2023,9999,Total - New Zealand by regional council,B10,The Americas,15,70-74 years,2451,,,
DATAFLOW,STATSNZ:CEN23_ECI_006(1.0),"Birthplace and age for the census usually resident population count, (RC, TALB, SA2, Health), 2013, 2018, and 2023 Censuses",I,2023,2023,9999,Total - New Zealand by regional council,B10,The Americas,06,25-29 years,7122,,,
DATAFLOW,STATSNZ:CEN23_ECI_006(1.0),"Birthplace and age for the census usually resident population count, (RC, TALB, SA2, Health), 2013, 2018, and 2023 Censuses",I,2023,2023,9999,Total - New Zealand by regional council,B0803,Japan,15,70-74 years,228,,,
DATAFLOW,STATSNZ:CEN23_ECI_006(1.0),"Birthplace and age for the census usually resident population count, (RC, TALB, SA2, Health), 2013, 2018, and 2023 Censuses",I,2023,2023,9999,Total - New Zealand by regional council,B0609,Other Oceania and Antarctica,14,65-69 years,156,,,
DATAFLOW,STATSNZ:CEN23_ECI_006(1.0),"Birthplace and age for the census usually resident population count, (RC, TALB, SA2, Health), 2013, 2018, and 2023 Censuses",I,2023,2023,9999,Total - New Zealand by regional council,B0208,Tuvalu,09,40-44 years,222,,,
DATAFLOW,STATSNZ:CEN23_ECI_006(1.0),"Birthplace and age for the census usually resident population count, (RC, TALB, SA2, Health), 2013, 2018, and 2023 Censuses",I,2023,2023,9999,Total - New Zealand by regional council,B0703,Thailand,03,10-14 years,489,,,
DATAFLOW,STATSNZ:CEN23_ECI_006(1.0),"Birthplace and age for the census usually resident population count, (RC, TALB, SA2, Health), 2013, 2018, and 2023 Censuses",I,2023,2023,9999,Total - New Zealand by regional council,B0403,Germany,06,25-29 years,1122,,,
DATAFLOW,STATSNZ:CEN23_ECI_006(1.0),"Birthplace and age for the census usually resident population count, (RC, TALB, SA2, Health), 2013, 2018, and 2023 Censuses",I,2023,2023,9999,Total - New Zealand by regional council,B0409,Northern Ireland,08,35-39 years,297,,,
DATAFLOW,STATSNZ:CEN23_ECI_006(1.0),"Birthplace and age for the census usually resident population count, (RC, TALB, SA2, Health), 2013, 2018, and 2023 Censuses",I,2023,2023,9999,Total - New Zealand by regional council,B0506,Ukraine,06,25-29 years,126,,,
DATAFLOW,STATSNZ:CEN23_ECI_006(1.0),"Birthplace and age for the census usually resident population count, (RC, TALB, SA2, Health), 2013, 2018, and 2023 Censuses",I,2023,2023,9999,Total - New Zealand by regional council,B06,North Africa and the Middle East,10,45-49 years,1899,,,
DATAFLOW,STATSNZ:CEN23_ECI_006(1.0),"Birthplace and age for the census usually resident population count, (RC, TALB, SA2, Health), 2013, 2018, and 2023 Censuses",I,2023,2023,9999,Total - New Zealand by regional council,B0201,Fiji,03,10-14 years,1839,,,
DATAFLOW,STATSNZ:CEN23_ECI_006(1.0),"Birthplace and age for the census usually resident population count, (RC, TALB, SA2, Health), 2013, 2018, and 2023 Censuses",I,2023,2023,9999,Total - New Zealand by regional council,B0805,Taiwan,01,0-4 years,69,,,
DATAFLOW,STATSNZ:CEN23_ECI_006(1.0),"Birthplace and age for the census usually resident population count, (RC, TALB, SA2, Health), 2013, 2018, and 2023 Censuses",I,2023,2023,9999,Total - New Zealand by regional council,B1001,United States of America,11,50-54 years,2079,,,
DATAFLOW,STATSNZ:CEN23_ECI_006(1.0),"Birthplace and age for the census usually resident population count, (RC, TALB, SA2, Health), 2013, 2018, and 2023 Censuses",I,2023,2023,9999,Total - New Zealand by regional council,B0401,England,17,80-84 years,11280,,,
DATAFLOW,STATSNZ:CEN23_ECI_006(1.0),"Birthplace and age for the census usually resident population count, (RC, TALB, SA2, Health), 2013, 2018, and 2023 Censuses",I,2023,2023,9999,Total - New Zealand by regional council,B0906,Bangladesh,12,55-59 years,159,,,
DATAFLOW,STATSNZ:CEN23_ECI_006(1.0),"Birthplace and age for the census usually resident population count, (RC, TALB, SA2, Health), 2013, 2018, and 2023 Censuses",I,2023,2023,9999,Total - New Zealand by regional council,B0401,England,06,25-29 years,10635,,,
DATAFLOW,STATSNZ:CEN23_ECI_006(1.0),"Birthplace and age for the census usually resident population count, (RC, TALB, SA2, Health), 2013, 2018, and 2023 Censuses",I,2023,2023,9999,Total - New Zealand by regional council,B0705,Cambodia,Median,Median - age,44,,,
DATAFLOW,STATSNZ:CEN23_ECI_006(1.0),"Birthplace and age for the census usually resident population count, (RC, TALB, SA2, Health), 2013, 2018, and 2023 Censuses",I,2023,2023,9999,Total - New Zealand by regional council,A,New Zealand,05,20-24 years,229968,,,
DATAFLOW,STATSNZ:CEN23_ECI_006(1.0),"Birthplace and age for the census usually resident population count, (RC, TALB, SA2, Health), 2013, 2018, and 2023 Censuses",I,2023,2023,9999,Total - New Zealand by regional council,B0205,Niue,07,30-34 years,114,,,
DATAFLOW,STATSNZ:CEN23_ECI_006(1.0),"Birthplace and age for the census usually resident population count, (RC, TALB, SA2, Health), 2013, 2018, and 2023 Censuses",I,2023,2023,9999,Total - New Zealand by regional council,B0706,Indonesia,18,85-89 years,78,,,
DATAFLOW,STATSNZ:CEN23_ECI_006(1.0),"Birthplace and age for the census usually resident population count, (RC, TALB, SA2, Health), 2013, 2018, and 2023 Censuses",I,2023,2023,9999,Total - New Zealand by regional council,B1001,United States of America,Median,Median - age,38.9,,,
DATAFLOW,STATSNZ:CEN23_ECI_006(1.0),"Birthplace and age for the census usually resident population count, (RC, TALB, SA2, Health), 2013, 2018, and 2023 Censuses",I,2023,2023,9999,Total - New Zealand by regional council,B0201,Fiji,11,50-54 years,5259,,,
DATAFLOW,STATSNZ:CEN23_ECI_006(1.0),"Birthplace and age for the census usually resident population count, (RC, TALB, SA2, Health), 2013, 2018, and 2023 Censuses",I,2023,2023,9999,Total - New Zealand by regional council,B0205,Niue,12,55-59 years,546,,,
DATAFLOW,STATSNZ:CEN23_ECI_006(1.0),"Birthplace and age for the census usually resident population count, (RC, TALB, SA2, Health), 2013, 2018, and 2023 Censuses",I,2023,2023,9999,Total - New Zealand by regional council,B0606,Syria,06,25-29 years,129,,,
DATAFLOW,STATSNZ:CEN23_ECI_006(1.0),"Birthplace and age for the census usually resident population count, (RC, TALB, SA2, Health), 2013, 2018, and 2023 Censuses",I,2023,2023,9999,Total - New Zealand by regional council,B04,North-West Europe,14,65-69 years,21285,,,
DATAFLOW,STATSNZ:CEN23_ECI_006(1.0),"Birthplace and age for the census usually resident population count, (RC, TALB, SA2, Health), 2013, 2018, and 2023 Censuses",I,2023,2023,9999,Total - New Zealand by regional council,B0601,Iraq,14,65-69 years,426,,,
DATAFLOW,STATSNZ:CEN23_ECI_006(1.0),"Birthplace and age for the census usually resident population count, (RC, TALB, SA2, Health), 2013, 2018, and 2023 Censuses",I,2023,2023,9999,Total - New Zealand by regional council,B0407,France,05,20-24 years,621,,,
DATAFLOW,STATSNZ:CEN23_ECI_006(1.0),"Birthplace and age for the census usually resident population count, (RC, TALB, SA2, Health), 2013, 2018, and 2023 Censuses",I,2023,2023,9999,Total - New Zealand by regional council,B1004,Chile,03,10-14 years,189,,,
DATAFLOW,STATSNZ:CEN23_ECI_006(1.0),"Birthplace and age for the census usually resident population count, (RC, TALB, SA2, Health), 2013, 2018, and 2023 Censuses",I,2023,2023,9999,Total - New Zealand by regional council,B0506,Ukraine,Median,Median - age,43.1,,,
DATAFLOW,STATSNZ:CEN23_ECI_006(1.0),"Birthplace and age for the census usually resident population count, (RC, TALB, SA2, Health), 2013, 2018, and 2023 Censuses",I,2023,2023,9999,Total - New Zealand by regional council,B01,Australia,2,15-29 years,18399,,,
DATAFLOW,STATSNZ:CEN23_ECI_006(1.0),"Birthplace and age for the census usually resident population count, (RC, TALB, SA2, Health), 2013, 2018, and 2023 Censuses",I,2023,2023,9999,Total - New Zealand by regional council,B0202,Samoa,99,Total - age,61494,,,
DATAFLOW,STATSNZ:CEN23_ECI_006(1.0),"Birthplace and age for the census usually resident population count, (RC, TALB, SA2, Health), 2013, 2018, and 2023 Censuses",I,2023,2023,9999,Total - New Zealand by regional council,B0804,Hong Kong (Special Administrative Region),19,90 years and over,27,,,
DATAFLOW,STATSNZ:CEN23_ECI_006(1.0),"Birthplace and age for the census usually resident population count, (RC, TALB, SA2, Health), 2013, 2018, and 2023 Censuses",I,2023,2023,9999,Total - New Zealand by regional council,B0805,Taiwan,19,90 years and over,9,,,
DATAFLOW,STATSNZ:CEN23_ECI_006(1.0),"Birthplace and age for the census usually resident population count, (RC, TALB, SA2, Health), 2013, 2018, and 2023 Censuses",I,2023,2023,9999,Total - New Zealand by regional council,B0201,Fiji,08,35-39 years,8676,,,
DATAFLOW,STATSNZ:CEN23_ECI_006(1.0),"Birthplace and age for the census usually resident population count, (RC, TALB, SA2, Health), 2013, 2018, and 2023 Censuses",I,2023,2023,9999,Total - New Zealand by regional council,B0602,Iran,02,5-9 years,90,,,
DATAFLOW,STATSNZ:CEN23_ECI_006(1.0),"Birthplace and age for the census usually resident population count, (RC, TALB, SA2, Health), 2013, 2018, and 2023 Censuses",I,2023,2023,9999,Total - New Zealand by regional council,B0207,Kiribati,18,85-89 years,6,,,
DATAFLOW,STATSNZ:CEN23_ECI_006(1.0),"Birthplace and age for the census usually resident population count, (RC, TALB, SA2, Health), 2013, 2018, and 2023 Censuses",I,2023,2023,9999,Total - New Zealand by regional council,B0901,India,04,15-19 years,2601,,,
DATAFLOW,STATSNZ:CEN23_ECI_006(1.0),"Birthplace and age for the census usually resident population count, (RC, TALB, SA2, Health), 2013, 2018, and 2023 Censuses",I,2023,2023,9999,Total - New Zealand by regional council,B0407,France,2,15-29 years,1953,,,
DATAFLOW,STATSNZ:CEN23_ECI_006(1.0),"Birthplace and age for the census usually resident population count, (RC, TALB, SA2, Health), 2013, 2018, and 2023 Censuses",I,2023,2023,9999,Total - New Zealand by regional council,B0502,Italy,01,0-4 years,15,,,
DATAFLOW,STATSNZ:CEN23_ECI_006(1.0),"Birthplace and age for the census usually resident population count, (RC, TALB, SA2, Health), 2013, 2018, and 2023 Censuses",I,2023,2023,9999,Total - New Zealand by regional council,B0803,Japan,4,65 years and over,771,,,
DATAFLOW,STATSNZ:CEN23_ECI_006(1.0),"Birthplace and age for the census usually resident population count, (RC, TALB, SA2, Health), 2013, 2018, and 2023 Censuses",I,2023,2023,9999,Total - New Zealand by regional council,B0602,Iran,16,75-79 years,90,,,
DATAFLOW,STATSNZ:CEN23_ECI_006(1.0),"Birthplace and age for the census usually resident population count, (RC, TALB, SA2, Health), 2013, 2018, and 2023 Censuses",I,2023,2023,9999,Total - New Zealand by regional council,B1005,Argentina,13,60-64 years,54,,,
DATAFLOW,STATSNZ:CEN23_ECI_006(1.0),"Birthplace and age for the census usually resident population count, (RC, TALB, SA2, Health), 2013, 2018, and 2023 Censuses",I,2023,2023,9999,Total - New Zealand by regional council,B0604,Egypt,19,90 years and over,9,,,
DATAFLOW,STATSNZ:CEN23_ECI_006(1.0),"Birthplace and age for the census usually resident population count, (RC, TALB, SA2, Health), 2013, 2018, and 2023 Censuses",I,2023,2023,9999,Total - New Zealand by regional council,999999,Total - birthplace,07,30-34 years,374079,,,
DATAFLOW,STATSNZ:CEN23_ECI_006(1.0),"Birthplace and age for the census usually resident population count, (RC, TALB, SA2, Health), 2013, 2018, and 2023 Censuses",I,2023,2023,9999,Total - New Zealand by regional council,B,Overseas,11,50-54 years,104952,,,
DATAFLOW,STATSNZ:CEN23_ECI_006(1.0),"Birthplace and age for the census usually resident population count, (RC, TALB, SA2, Health), 2013, 2018, and 2023 Censuses",I,2023,2023,9999,Total - New Zealand by regional council,B1107,Other Sub-Saharan Africa,08,35-39 years,660,,,
DATAFLOW,STATSNZ:CEN23_ECI_006(1.0),"Birthplace and age for the census usually resident population count, (RC, TALB, SA2, Health), 2013, 2018, and 2023 Censuses",I,2023,2023,9999,Total - New Zealand by regional council,B0704,Viet Nam,4,65 years and over,1071,,,
DATAFLOW,STATSNZ:CEN23_ECI_006(1.0),"Birthplace and age for the census usually resident population count, (RC, TALB, SA2, Health), 2013, 2018, and 2023 Censuses",I,2023,2023,9999,Total - New Zealand by regional council,B0502,Italy,07,30-34 years,522,,,
DATAFLOW,STATSNZ:CEN23_ECI_006(1.0),"Birthplace and age for the census usually resident population count, (RC, TALB, SA2, Health), 2013, 2018, and 2023 Censuses",I,2023,2023,9999,Total - New Zealand by regional council,B1105,Ethiopia,99,Total - age,1656,,,
DATAFLOW,STATSNZ:CEN23_ECI_006(1.0),"Birthplace and age for the census usually resident population count, (RC, TALB, SA2, Health), 2013, 2018, and 2023 Censuses",I,2023,2023,9999,Total - New Zealand by regional council,B0906,Bangladesh,1,Under 15 years,255,,,
DATAFLOW,STATSNZ:CEN23_ECI_006(1.0),"Birthplace and age for the census usually resident population count, (RC, TALB, SA2, Health), 2013, 2018, and 2023 Censuses",I,2023,2023,9999,Total - New Zealand by regional council,B0202,Samoa,13,60-64 years,4578,,,
DATAFLOW,STATSNZ:CEN23_ECI_006(1.0),"Birthplace and age for the census usually resident population count, (RC, TALB, SA2, Health), 2013, 2018, and 2023 Censuses",I,2023,2023,9999,Total - New Zealand by regional council,B0409,Northern Ireland,13,60-64 years,360,,,
DATAFLOW,STATSNZ:CEN23_ECI_006(1.0),"Birthplace and age for the census usually resident population count, (RC, TALB, SA2, Health), 2013, 2018, and 2023 Censuses",I,2023,2023,9999,Total - New Zealand by regional council,B0511,Greece,04,15-19 years,36,,,
DATAFLOW,STATSNZ:CEN23_ECI_006(1.0),"Birthplace and age for the census usually resident population count, (RC, TALB, SA2, Health), 2013, 2018, and 2023 Censuses",I,2023,2023,9999,Total - New Zealand by regional council,B0802,"Korea, Republic of",11,50-54 years,2628,,,
DATAFLOW,STATSNZ:CEN23_ECI_006(1.0),"Birthplace and age for the census usually resident population count, (RC, TALB, SA2, Health), 2013, 2018, and 2023 Censuses",I,2023,2023,9999,Total - New Zealand by regional council,777777,Total stated - birthplace,06,25-29 years,331671,,,
DATAFLOW,STATSNZ:CEN23_ECI_006(1.0),"Birthplace and age for the census usually resident population count, (RC, TALB, SA2, Health), 2013, 2018, and 2023 Censuses",I,2023,2023,9999,Total - New Zealand by regional council,B0608,Turkey,18,85-89 years,9,,,
DATAFLOW,STATSNZ:CEN23_ECI_006(1.0),"Birthplace and age for the census usually resident population count, (RC, TALB, SA2, Health), 2013, 2018, and 2023 Censuses",I,2023,2023,9999,Total - New Zealand by regional council,B0706,Indonesia,Median,Median - age,40.7,,,
DATAFLOW,STATSNZ:CEN23_ECI_006(1.0),"Birthplace and age for the census usually resident population count, (RC, TALB, SA2, Health), 2013, 2018, and 2023 Censuses",I,2023,2023,9999,Total - New Zealand by regional council,B1107,Other Sub-Saharan Africa,Median,Median - age,42.9,,,
DATAFLOW,STATSNZ:CEN23_ECI_006(1.0),"Birthplace and age for the census usually resident population count, (RC, TALB, SA2, Health), 2013, 2018, and 2023 Censuses",I,2023,2023,9999,Total - New Zealand by regional council,B0609,Other Oceania and Antarctica,4,65 years and over,402,,,
DATAFLOW,STATSNZ:CEN23_ECI_006(1.0),"Birthplace and age for the census usually resident population count, (RC, TALB, SA2, Health), 2013, 2018, and 2023 Censuses",I,2023,2023,9999,Total - New Zealand by regional council,B1004,Chile,14,65-69 years,81,,,
DATAFLOW,STATSNZ:CEN23_ECI_006(1.0),"Birthplace and age for the census usually resident population count, (RC, TALB, SA2, Health), 2013, 2018, and 2023 Censuses",I,2023,2023,9999,Total - New Zealand by regional council,B1002,Canada,4,65 years and over,2070,,,
DATAFLOW,STATSNZ:CEN23_ECI_006(1.0),"Birthplace and age for the census usually resident population count, (RC, TALB, SA2, Health), 2013, 2018, and 2023 Censuses",I,2023,2023,9999,Total - New Zealand by regional council,B0708,Myanmar,12,55-59 years,183,,,
DATAFLOW,STATSNZ:CEN23_ECI_006(1.0),"Birthplace and age for the census usually resident population count, (RC, TALB, SA2, Health), 2013, 2018, and 2023 Censuses",I,2023,2023,9999,Total - New Zealand by regional council,B1002,Canada,18,85-89 years,75,,,
DATAFLOW,STATSNZ:CEN23_ECI_006(1.0),"Birthplace and age for the census usually resident population count, (RC, TALB, SA2, Health), 2013, 2018, and 2023 Censuses",I,2023,2023,9999,Total - New Zealand by regional council,B0407,France,4,65 years and over,402,,,
DATAFLOW,STATSNZ:CEN23_ECI_006(1.0),"Birthplace and age for the census usually resident population count, (RC, TALB, SA2, Health), 2013, 2018, and 2023 Censuses",I,2023,2023,9999,Total - New Zealand by regional council,B0211,Solomon Islands,03,10-14 years,27,,,
DATAFLOW,STATSNZ:CEN23_ECI_006(1.0),"Birthplace and age for the census usually resident population count, (RC, TALB, SA2, Health), 2013, 2018, and 2023 Censuses",I,2023,2023,9999,Total - New Zealand by regional council,B0706,Indonesia,15,70-74 years,315,,,
DATAFLOW,STATSNZ:CEN23_ECI_006(1.0),"Birthplace and age for the census usually resident population count, (RC, TALB, SA2, Health), 2013, 2018, and 2023 Censuses",I,2023,2023,9999,Total - New Zealand by regional council,B1003,Brazil,17,80-84 years,6,,,
DATAFLOW,STATSNZ:CEN23_ECI_006(1.0),"Birthplace and age for the census usually resident population count, (RC, TALB, SA2, Health), 2013, 2018, and 2023 Censuses",I,2023,2023,9999,Total - New Zealand by regional council,B1003,Brazil,14,65-69 years,66,,,
DATAFLOW,STATSNZ:CEN23_ECI_006(1.0),"Birthplace and age for the census usually resident population count, (RC, TALB, SA2, Health), 2013, 2018, and 2023 Censuses",I,2023,2023,9999,Total - New Zealand by regional council,777777,Total stated - birthplace,03,10-14 years,333909,,,
DATAFLOW,STATSNZ:CEN23_ECI_006(1.0),"Birthplace and age for the census usually resident population count, (RC, TALB, SA2, Health), 2013, 2018, and 2023 Censuses",I,2023,2023,9999,Total - New Zealand by regional council,B0209,Papua New Guinea,16,75-79 years,9,,,
DATAFLOW,STATSNZ:CEN23_ECI_006(1.0),"Birthplace and age for the census usually resident population count, (RC, TALB, SA2, Health), 2013, 2018, and 2023 Censuses",I,2023,2023,9999,Total - New Zealand by regional council,B0412,Denmark,3,30-64 years,645,,,
DATAFLOW,STATSNZ:CEN23_ECI_006(1.0),"Birthplace and age for the census usually resident population count, (RC, TALB, SA2, Health), 2013, 2018, and 2023 Censuses",I,2023,2023,9999,Total - New Zealand by regional council,B0801,"China, People's Republic of",19,90 years and over,627,,,
DATAFLOW,STATSNZ:CEN23_ECI_006(1.0),"Birthplace and age for the census usually resident population count, (RC, TALB, SA2, Health), 2013, 2018, and 2023 Censuses",I,2023,2023,9999,Total - New Zealand by regional council,B0905,Nepal,19,90 years and over,0,,,
DATAFLOW,STATSNZ:CEN23_ECI_006(1.0),"Birthplace and age for the census usually resident population count, (RC, TALB, SA2, Health), 2013, 2018, and 2023 Censuses",I,2023,2023,9999,Total - New Zealand by regional council,B0510,Serbia,05,20-24 years,42,,,
DATAFLOW,STATSNZ:CEN23_ECI_006(1.0),"Birthplace and age for the census usually resident population count, (RC, TALB, SA2, Health), 2013, 2018, and 2023 Censuses",I,2023,2023,9999,Total - New Zealand by regional council,999999,Total - birthplace,05,20-24 years,311952,,,
DATAFLOW,STATSNZ:CEN23_ECI_006(1.0),"Birthplace and age for the census usually resident population count, (RC, TALB, SA2, Health), 2013, 2018, and 2023 Censuses",I,2023,2023,9999,Total - New Zealand by regional council,B0403,Germany,Median,Median - age,45.2,,,
DATAFLOW,STATSNZ:CEN23_ECI_006(1.0),"Birthplace and age for the census usually resident population count, (RC, TALB, SA2, Health), 2013, 2018, and 2023 Censuses",I,2023,2023,9999,Total - New Zealand by regional council,B0604,Egypt,1,Under 15 years,243,,,
DATAFLOW,STATSNZ:CEN23_ECI_006(1.0),"Birthplace and age for the census usually resident population count, (RC, TALB, SA2, Health), 2013, 2018, and 2023 Censuses",I,2023,2023,9999,Total - New Zealand by regional council,B0709,Other,02,5-9 years,30,,,
DATAFLOW,STATSNZ:CEN23_ECI_006(1.0),"Birthplace and age for the census usually resident population count, (RC, TALB, SA2, Health), 2013, 2018, and 2023 Censuses",I,2023,2023,9999,Total - New Zealand by regional council,B0806,Other,19,90 years and over,0,,,
DATAFLOW,STATSNZ:CEN23_ECI_006(1.0),"Birthplace and age for the census usually resident population count, (RC, TALB, SA2, Health), 2013, 2018, and 2023 Censuses",I,2023,2023,9999,Total - New Zealand by regional council,B0806,Other,16,75-79 years,24,,,
DATAFLOW,STATSNZ:CEN23_ECI_006(1.0),"Birthplace and age for the census usually resident population count, (RC, TALB, SA2, Health), 2013, 2018, and 2023 Censuses",I,2023,2023,9999,Total - New Zealand by regional council,B0803,Japan,10,45-49 years,1611,,,
DATAFLOW,STATSNZ:CEN23_ECI_006(1.0),"Birthplace and age for the census usually resident population count, (RC, TALB, SA2, Health), 2013, 2018, and 2023 Censuses",I,2023,2023,9999,Total - New Zealand by regional council,B0505,Romania,07,30-34 years,258,,,
DATAFLOW,STATSNZ:CEN23_ECI_006(1.0),"Birthplace and age for the census usually resident population count, (RC, TALB, SA2, Health), 2013, 2018, and 2023 Censuses",I,2023,2023,9999,Total - New Zealand by regional council,B1101,South Africa,99,Total - age,95577,,,
DATAFLOW,STATSNZ:CEN23_ECI_006(1.0),"Birthplace and age for the census usually resident population count, (RC, TALB, SA2, Health), 2013, 2018, and 2023 Censuses",I,2023,2023,9999,Total - New Zealand by regional council,B0201,Fiji,01,0-4 years,273,,,
DATAFLOW,STATSNZ:CEN23_ECI_006(1.0),"Birthplace and age for the census usually resident population count, (RC, TALB, SA2, Health), 2013, 2018, and 2023 Censuses",I,2023,2023,9999,Total - New Zealand by regional council,B0501,Russia,3,30-64 years,5580,,,
DATAFLOW,STATSNZ:CEN23_ECI_006(1.0),"Birthplace and age for the census usually resident population count, (RC, TALB, SA2, Health), 2013, 2018, and 2023 Censuses",I,2023,2023,9999,Total - New Zealand by regional council,B11,Sub-Saharan Africa,4,65 years and over,12144,,,
DATAFLOW,STATSNZ:CEN23_ECI_006(1.0),"Birthplace and age for the census usually resident population count, (RC, TALB, SA2, Health), 2013, 2018, and 2023 Censuses",I,2023,2023,9999,Total - New Zealand by regional council,B0801,"China, People's Republic of",08,35-39 years,20379,,,
DATAFLOW,STATSNZ:CEN23_ECI_006(1.0),"Birthplace and age for the census usually resident population count, (RC, TALB, SA2, Health), 2013, 2018, and 2023 Censuses",I,2023,2023,9999,Total - New Zealand by regional council,B0501,Russia,12,55-59 years,432,,,
DATAFLOW,STATSNZ:CEN23_ECI_006(1.0),"Birthplace and age for the census usually resident population count, (RC, TALB, SA2, Health), 2013, 2018, and 2023 Censuses",I,2023,2023,9999,Total - New Zealand by regional council,B1001,United States of America,08,35-39 years,2949,,,
DATAFLOW,STATSNZ:CEN23_ECI_006(1.0),"Birthplace and age for the census usually resident population count, (RC, TALB, SA2, Health), 2013, 2018, and 2023 Censuses",I,2023,2023,9999,Total - New Zealand by regional council,999999,Total - birthplace,1,Under 15 years,936300,,,
DATAFLOW,STATSNZ:CEN23_ECI_006(1.0),"Birthplace and age for the census usually resident population count, (RC, TALB, SA2, Health), 2013, 2018, and 2023 Censuses",I,2023,2023,9999,Total - New Zealand by regional council,B1004,Chile,13,60-64 years,132,,,
DATAFLOW,STATSNZ:CEN23_ECI_006(1.0),"Birthplace and age for the census usually resident population count, (RC, TALB, SA2, Health), 2013, 2018, and 2023 Censuses",I,2023,2023,9999,Total - New Zealand by regional council,B1007,Mexico,12,55-59 years,51,,,
DATAFLOW,STATSNZ:CEN23_ECI_006(1.0),"Birthplace and age for the census usually resident population count, (RC, TALB, SA2, Health), 2013, 2018, and 2023 Censuses",I,2023,2023,9999,Total - New Zealand by regional council,B0902,Sri Lanka,12,55-59 years,879,,,
DATAFLOW,STATSNZ:CEN23_ECI_006(1.0),"Birthplace and age for the census usually resident population count, (RC, TALB, SA2, Health), 2013, 2018, and 2023 Censuses",I,2023,2023,9999,Total - New Zealand by regional council,B0404,Netherlands,18,85-89 years,1056,,,
DATAFLOW,STATSNZ:CEN23_ECI_006(1.0),"Birthplace and age for the census usually resident population count, (RC, TALB, SA2, Health), 2013, 2018, and 2023 Censuses",I,2023,2023,9999,Total - New Zealand by regional council,B0401,England,15,70-74 years,15369,,,
DATAFLOW,STATSNZ:CEN23_ECI_006(1.0),"Birthplace and age for the census usually resident population count, (RC, TALB, SA2, Health), 2013, 2018, and 2023 Censuses",I,2023,2023,9999,Total - New Zealand by regional council,B0406,Ireland,06,25-29 years,840,,,
DATAFLOW,STATSNZ:CEN23_ECI_006(1.0),"Birthplace and age for the census usually resident population count, (RC, TALB, SA2, Health), 2013, 2018, and 2023 Censuses",I,2023,2023,9999,Total - New Zealand by regional council,B0203,Tonga,16,75-79 years,723,,,
DATAFLOW,STATSNZ:CEN23_ECI_006(1.0),"Birthplace and age for the census usually resident population count, (RC, TALB, SA2, Health), 2013, 2018, and 2023 Censuses",I,2023,2023,9999,Total - New Zealand by regional council,B,Overseas,08,35-39 years,155760,,,
DATAFLOW,STATSNZ:CEN23_ECI_006(1.0),"Birthplace and age for the census usually resident population count, (RC, TALB, SA2, Health), 2013, 2018, and 2023 Censuses",I,2023,2023,9999,Total - New Zealand by regional council,B0413,Austria,11,50-54 years,96,,,
DATAFLOW,STATSNZ:CEN23_ECI_006(1.0),"Birthplace and age for the census usually resident population count, (RC, TALB, SA2, Health), 2013, 2018, and 2023 Censuses",I,2023,2023,9999,Total - New Zealand by regional council,B1007,Mexico,09,40-44 years,219,,,
DATAFLOW,STATSNZ:CEN23_ECI_006(1.0),"Birthplace and age for the census usually resident population count, (RC, TALB, SA2, Health), 2013, 2018, and 2023 Censuses",I,2023,2023,9999,Total - New Zealand by regional council,B0509,Hungary,09,40-44 years,210,,,
DATAFLOW,STATSNZ:CEN23_ECI_006(1.0),"Birthplace and age for the census usually resident population count, (RC, TALB, SA2, Health), 2013, 2018, and 2023 Censuses",I,2023,2023,9999,Total - New Zealand by regional council,B03,Other Oceania and Antarctica,05,20-24 years,3,,,
DATAFLOW,STATSNZ:CEN23_ECI_006(1.0),"Birthplace and age for the census usually resident population count, (RC, TALB, SA2, Health), 2013, 2018, and 2023 Censuses",I,2023,2023,9999,Total - New Zealand by regional council,B0511,Greece,14,65-69 years,63,,,
DATAFLOW,STATSNZ:CEN23_ECI_006(1.0),"Birthplace and age for the census usually resident population count, (RC, TALB, SA2, Health), 2013, 2018, and 2023 Censuses",I,2023,2023,9999,Total - New Zealand by regional council,B0212,Other,2,15-29 years,783,,,
DATAFLOW,STATSNZ:CEN23_ECI_006(1.0),"Birthplace and age for the census usually resident population count, (RC, TALB, SA2, Health), 2013, 2018, and 2023 Censuses",I,2023,2023,9999,Total - New Zealand by regional council,B0508,Spain,17,80-84 years,9,,,
DATAFLOW,STATSNZ:CEN23_ECI_006(1.0),"Birthplace and age for the census usually resident population count, (RC, TALB, SA2, Health), 2013, 2018, and 2023 Censuses",I,2023,2023,9999,Total - New Zealand by regional council,B1104,Zambia,12,55-59 years,246,,,
DATAFLOW,STATSNZ:CEN23_ECI_006(1.0),"Birthplace and age for the census usually resident population count, (RC, TALB, SA2, Health), 2013, 2018, and 2023 Censuses",I,2023,2023,9999,Total - New Zealand by regional council,B0607,Israel,12,55-59 years,81,,,
DATAFLOW,STATSNZ:CEN23_ECI_006(1.0),"Birthplace and age for the census usually resident population count, (RC, TALB, SA2, Health), 2013, 2018, and 2023 Censuses",I,2023,2023,9999,Total - New Zealand by regional council,B0401,England,13,60-64 years,18150,,,
DATAFLOW,STATSNZ:CEN23_ECI_006(1.0),"Birthplace and age for the census usually resident population count, (RC, TALB, SA2, Health), 2013, 2018, and 2023 Censuses",I,2023,2023,9999,Total - New Zealand by regional council,B0801,"China, People's Republic of",06,25-29 years,10833,,,
DATAFLOW,STATSNZ:CEN23_ECI_006(1.0),"Birthplace and age for the census usually resident population count, (RC, TALB, SA2, Health), 2013, 2018, and 2023 Censuses",I,2023,2023,9999,Total - New Zealand by regional council,B08,North-East Asia,02,5-9 years,4854,,,
DATAFLOW,STATSNZ:CEN23_ECI_006(1.0),"Birthplace and age for the census usually resident population count, (RC, TALB, SA2, Health), 2013, 2018, and 2023 Censuses",I,2023,2023,9999,Total - New Zealand by regional council,999999,Total - birthplace,12,55-59 years,304074,,,
DATAFLOW,STATSNZ:CEN23_ECI_006(1.0),"Birthplace and age for the census usually resident population count, (RC, TALB, SA2, Health), 2013, 2018, and 2023 Censuses",I,2023,2023,9999,Total - New Zealand by regional council,B1104,Zambia,03,10-14 years,12,,,
DATAFLOW,STATSNZ:CEN23_ECI_006(1.0),"Birthplace and age for the census usually resident population count, (RC, TALB, SA2, Health), 2013, 2018, and 2023 Censuses",I,2023,2023,9999,Total - New Zealand by regional council,B0905,Nepal,4,65 years and over,96,,,
DATAFLOW,STATSNZ:CEN23_ECI_006(1.0),"Birthplace and age for the census usually resident population count, (RC, TALB, SA2, Health), 2013, 2018, and 2023 Censuses",I,2023,2023,9999,Total - New Zealand by regional council,999999,Total - birthplace,09,40-44 years,315765,,,
DATAFLOW,STATSNZ:CEN23_ECI_006(1.0),"Birthplace and age for the census usually resident population count, (RC, TALB, SA2, Health), 2013, 2018, and 2023 Censuses",I,2023,2023,9999,Total - New Zealand by regional council,777777,Total stated - birthplace,99,Total - age,4952727,,,
DATAFLOW,STATSNZ:CEN23_ECI_006(1.0),"Birthplace and age for the census usually resident population count, (RC, TALB, SA2, Health), 2013, 2018, and 2023 Censuses",I,2023,2023,9999,Total - New Zealand by regional council,B1101,South Africa,10,45-49 years,9174,,,
DATAFLOW,STATSNZ:CEN23_ECI_006(1.0),"Birthplace and age for the census usually resident population count, (RC, TALB, SA2, Health), 2013, 2018, and 2023 Censuses",I,2023,2023,9999,Total - New Zealand by regional council,B1106,Somalia,Median,Median - age,37.4,,,
DATAFLOW,STATSNZ:CEN23_ECI_006(1.0),"Birthplace and age for the census usually resident population count, (RC, TALB, SA2, Health), 2013, 2018, and 2023 Censuses",I,2023,2023,9999,Total - New Zealand by regional council,B0406,Ireland,13,60-64 years,447,,,
DATAFLOW,STATSNZ:CEN23_ECI_006(1.0),"Birthplace and age for the census usually resident population count, (RC, TALB, SA2, Health), 2013, 2018, and 2023 Censuses",I,2023,2023,9999,Total - New Zealand by regional council,B0906,Bangladesh,11,50-54 years,153,,,
DATAFLOW,STATSNZ:CEN23_ECI_006(1.0),"Birthplace and age for the census usually resident population count, (RC, TALB, SA2, Health), 2013, 2018, and 2023 Censuses",I,2023,2023,9999,Total - New Zealand by regional council,B0901,India,16,75-79 years,1764,,,
DATAFLOW,STATSNZ:CEN23_ECI_006(1.0),"Birthplace and age for the census usually resident population count, (RC, TALB, SA2, Health), 2013, 2018, and 2023 Censuses",I,2023,2023,9999,Total - New Zealand by regional council,A,New Zealand,03,10-14 years,278877,,,
DATAFLOW,STATSNZ:CEN23_ECI_006(1.0),"Birthplace and age for the census usually resident population count, (RC, TALB, SA2, Health), 2013, 2018, and 2023 Censuses",I,2023,2023,9999,Total - New Zealand by regional council,B1008,Other Americas,10,45-49 years,444,,,
DATAFLOW,STATSNZ:CEN23_ECI_006(1.0),"Birthplace and age for the census usually resident population count, (RC, TALB, SA2, Health), 2013, 2018, and 2023 Censuses",I,2023,2023,9999,Total - New Zealand by regional council,B0804,Hong Kong (Special Administrative Region),14,65-69 years,1122,,,
DATAFLOW,STATSNZ:CEN23_ECI_006(1.0),"Birthplace and age for the census usually resident population count, (RC, TALB, SA2, Health), 2013, 2018, and 2023 Censuses",I,2023,2023,9999,Total - New Zealand by regional council,B1105,Ethiopia,Median,Median - age,36.6,,,
DATAFLOW,STATSNZ:CEN23_ECI_006(1.0),"Birthplace and age for the census usually resident population count, (RC, TALB, SA2, Health), 2013, 2018, and 2023 Censuses",I,2023,2023,9999,Total - New Zealand by regional council,B0202,Samoa,17,80-84 years,1071,,,
DATAFLOW,STATSNZ:CEN23_ECI_006(1.0),"Birthplace and age for the census usually resident population count, (RC, TALB, SA2, Health), 2013, 2018, and 2023 Censuses",I,2023,2023,9999,Total - New Zealand by regional council,B0905,Nepal,1,Under 15 years,357,,,
DATAFLOW,STATSNZ:CEN23_ECI_006(1.0),"Birthplace and age for the census usually resident population count, (RC, TALB, SA2, Health), 2013, 2018, and 2023 Censuses",I,2023,2023,9999,Total - New Zealand by regional council,B0506,Ukraine,11,50-54 years,186,,,
DATAFLOW,STATSNZ:CEN23_ECI_006(1.0),"Birthplace and age for the census usually resident population count, (RC, TALB, SA2, Health), 2013, 2018, and 2023 Censuses",I,2023,2023,9999,Total - New Zealand by regional council,B0208,Tuvalu,4,65 years and over,240,,,
DATAFLOW,STATSNZ:CEN23_ECI_006(1.0),"Birthplace and age for the census usually resident population count, (RC, TALB, SA2, Health), 2013, 2018, and 2023 Censuses",I,2023,2023,9999,Total - New Zealand by regional council,B0201,Fiji,05,20-24 years,3417,,,
DATAFLOW,STATSNZ:CEN23_ECI_006(1.0),"Birthplace and age for the census usually resident population count, (RC, TALB, SA2, Health), 2013, 2018, and 2023 Censuses",I,2023,2023,9999,Total - New Zealand by regional council,B0903,Pakistan,02,5-9 years,429,,,
DATAFLOW,STATSNZ:CEN23_ECI_006(1.0),"Birthplace and age for the census usually resident population count, (RC, TALB, SA2, Health), 2013, 2018, and 2023 Censuses",I,2023,2023,9999,Total - New Zealand by regional council,B1001,United States of America,10,45-49 years,2106,,,
DATAFLOW,STATSNZ:CEN23_ECI_006(1.0),"Birthplace and age for the census usually resident population count, (RC, TALB, SA2, Health), 2013, 2018, and 2023 Censuses",I,2023,2023,9999,Total - New Zealand by regional council,B0206,Vanuatu,19,90 years and over,0,,,
DATAFLOW,STATSNZ:CEN23_ECI_006(1.0),"Birthplace and age for the census usually resident population count, (RC, TALB, SA2, Health), 2013, 2018, and 2023 Censuses",I,2023,2023,9999,Total - New Zealand by regional council,B11,Sub-Saharan Africa,03,10-14 years,6420,,,
DATAFLOW,STATSNZ:CEN23_ECI_006(1.0),"Birthplace and age for the census usually resident population count, (RC, TALB, SA2, Health), 2013, 2018, and 2023 Censuses",I,2023,2023,9999,Total - New Zealand by regional council,B03,Other Oceania and Antarctica,02,5-9 years,0,,,
DATAFLOW,STATSNZ:CEN23_ECI_006(1.0),"Birthplace and age for the census usually resident population count, (RC, TALB, SA2, Health), 2013, 2018, and 2023 Censuses",I,2023,2023,9999,Total - New Zealand by regional council,B0201,Fiji,Median,Median - age,42.5,,,
DATAFLOW,STATSNZ:CEN23_ECI_006(1.0),"Birthplace and age for the census usually resident population count, (RC, TALB, SA2, Health), 2013, 2018, and 2023 Censuses",I,2023,2023,9999,Total - New Zealand by regional council,B0708,Myanmar,03,10-14 years,96,,,
DATAFLOW,STATSNZ:CEN23_ECI_006(1.0),"Birthplace and age for the census usually resident population count, (RC, TALB, SA2, Health), 2013, 2018, and 2023 Censuses",I,2023,2023,9999,Total - New Zealand by regional council,B0607,Israel,14,65-69 years,45,,,
DATAFLOW,STATSNZ:CEN23_ECI_006(1.0),"Birthplace and age for the census usually resident population count, (RC, TALB, SA2, Health), 2013, 2018, and 2023 Censuses",I,2023,2023,9999,Total - New Zealand by regional council,B0509,Hungary,08,35-39 years,138,,,
DATAFLOW,STATSNZ:CEN23_ECI_006(1.0),"Birthplace and age for the census usually resident population count, (RC, TALB, SA2, Health), 2013, 2018, and 2023 Censuses",I,2023,2023,9999,Total - New Zealand by regional council,B0907,Other,02,5-9 years,75,,,
DATAFLOW,STATSNZ:CEN23_ECI_006(1.0),"Birthplace and age for the census usually resident population count, (RC, TALB, SA2, Health), 2013, 2018, and 2023 Censuses",I,2023,2023,9999,Total - New Zealand by regional council,A,New Zealand,Median,Median - age,35.7,,,
DATAFLOW,STATSNZ:CEN23_ECI_006(1.0),"Birthplace and age for the census usually resident population count, (RC, TALB, SA2, Health), 2013, 2018, and 2023 Censuses",I,2023,2023,9999,Total - New Zealand by regional council,B0801,"China, People's Republic of",16,75-79 years,3114,,,
DATAFLOW,STATSNZ:CEN23_ECI_006(1.0),"Birthplace and age for the census usually resident population count, (RC, TALB, SA2, Health), 2013, 2018, and 2023 Censuses",I,2023,2023,9999,Total - New Zealand by regional council,B0205,Niue,2,15-29 years,177,,,
DATAFLOW,STATSNZ:CEN23_ECI_006(1.0),"Birthplace and age for the census usually resident population count, (RC, TALB, SA2, Health), 2013, 2018, and 2023 Censuses",I,2023,2023,9999,Total - New Zealand by regional council,B0409,Northern Ireland,4,65 years and over,1803,,,
DATAFLOW,STATSNZ:CEN23_ECI_006(1.0),"Birthplace and age for the census usually resident population count, (RC, TALB, SA2, Health), 2013, 2018, and 2023 Censuses",I,2023,2023,9999,Total - New Zealand by regional council,B0414,Belgium,11,50-54 years,93,,,
DATAFLOW,STATSNZ:CEN23_ECI_006(1.0),"Birthplace and age for the census usually resident population count, (RC, TALB, SA2, Health), 2013, 2018, and 2023 Censuses",I,2023,2023,9999,Total - New Zealand by regional council,B12,At sea,09,40-44 years,0,,,
DATAFLOW,STATSNZ:CEN23_ECI_006(1.0),"Birthplace and age for the census usually resident population count, (RC, TALB, SA2, Health), 2013, 2018, and 2023 Censuses",I,2023,2023,9999,Total - New Zealand by regional council,B1008,Other Americas,4,65 years and over,765,,,
DATAFLOW,STATSNZ:CEN23_ECI_006(1.0),"Birthplace and age for the census usually resident population count, (RC, TALB, SA2, Health), 2013, 2018, and 2023 Censuses",I,2023,2023,9999,Total - New Zealand by regional council,B0604,Egypt,02,5-9 years,75,,,
DATAFLOW,STATSNZ:CEN23_ECI_006(1.0),"Birthplace and age for the census usually resident population count, (RC, TALB, SA2, Health), 2013, 2018, and 2023 Censuses",I,2023,2023,9999,Total - New Zealand by regional council,B0506,Ukraine,07,30-34 years,282,,,
DATAFLOW,STATSNZ:CEN23_ECI_006(1.0),"Birthplace and age for the census usually resident population count, (RC, TALB, SA2, Health), 2013, 2018, and 2023 Censuses",I,2023,2023,9999,Total - New Zealand by regional council,B02,Pacific Islands,03,10-14 years,5430,,,
DATAFLOW,STATSNZ:CEN23_ECI_006(1.0),"Birthplace and age for the census usually resident population count, (RC, TALB, SA2, Health), 2013, 2018, and 2023 Censuses",I,2023,2023,9999,Total - New Zealand by regional council,B02,Pacific Islands,12,55-59 years,15759,,,
DATAFLOW,STATSNZ:CEN23_ECI_006(1.0),"Birthplace and age for the census usually resident population count, (RC, TALB, SA2, Health), 2013, 2018, and 2023 Censuses",I,2023,2023,9999,Total - New Zealand by regional council,B0705,Cambodia,13,60-64 years,570,,,
DATAFLOW,STATSNZ:CEN23_ECI_006(1.0),"Birthplace and age for the census usually resident population count, (RC, TALB, SA2, Health), 2013, 2018, and 2023 Censuses",I,2023,2023,9999,Total - New Zealand by regional council,B1107,Other Sub-Saharan Africa,3,30-64 years,4080,,,
DATAFLOW,STATSNZ:CEN23_ECI_006(1.0),"Birthplace and age for the census usually resident population count, (RC, TALB, SA2, Health), 2013, 2018, and 2023 Censuses",I,2023,2023,9999,Total - New Zealand by regional council,B0904,Afghanistan,11,50-54 years,279,,,
DATAFLOW,STATSNZ:CEN23_ECI_006(1.0),"Birthplace and age for the census usually resident population count, (RC, TALB, SA2, Health), 2013, 2018, and 2023 Censuses",I,2023,2023,9999,Total - New Zealand by regional council,B1001,United States of America,06,25-29 years,2565,,,
DATAFLOW,STATSNZ:CEN23_ECI_006(1.0),"Birthplace and age for the census usually resident population count, (RC, TALB, SA2, Health), 2013, 2018, and 2023 Censuses",I,2023,2023,9999,Total - New Zealand by regional council,B0607,Israel,15,70-74 years,24,,,
DATAFLOW,STATSNZ:CEN23_ECI_006(1.0),"Birthplace and age for the census usually resident population count, (RC, TALB, SA2, Health), 2013, 2018, and 2023 Censuses",I,2023,2023,9999,Total - New Zealand by regional council,B10,The Americas,11,50-54 years,4704,,,
DATAFLOW,STATSNZ:CEN23_ECI_006(1.0),"Birthplace and age for the census usually resident population count, (RC, TALB, SA2, Health), 2013, 2018, and 2023 Censuses",I,2023,2023,9999,Total - New Zealand by regional council,B0211,Solomon Islands,4,65 years and over,51,,,
DATAFLOW,STATSNZ:CEN23_ECI_006(1.0),"Birthplace and age for the census usually resident population count, (RC, TALB, SA2, Health), 2013, 2018, and 2023 Censuses",I,2023,2023,9999,Total - New Zealand by regional council,B0408,Wales,04,15-19 years,204,,,
DATAFLOW,STATSNZ:CEN23_ECI_006(1.0),"Birthplace and age for the census usually resident population count, (RC, TALB, SA2, Health), 2013, 2018, and 2023 Censuses",I,2023,2023,9999,Total - New Zealand by regional council,B0203,Tonga,19,90 years and over,108,,,
DATAFLOW,STATSNZ:CEN23_ECI_006(1.0),"Birthplace and age for the census usually resident population count, (RC, TALB, SA2, Health), 2013, 2018, and 2023 Censuses",I,2023,2023,9999,Total - New Zealand by regional council,B0802,"Korea, Republic of",12,55-59 years,2475,,,
DATAFLOW,STATSNZ:CEN23_ECI_006(1.0),"Birthplace and age for the census usually resident population count, (RC, TALB, SA2, Health), 2013, 2018, and 2023 Censuses",I,2023,2023,9999,Total - New Zealand by regional council,B1102,Zimbabwe,18,85-89 years,48,,,
DATAFLOW,STATSNZ:CEN23_ECI_006(1.0),"Birthplace and age for the census usually resident population count, (RC, TALB, SA2, Health), 2013, 2018, and 2023 Censuses",I,2023,2023,9999,Total - New Zealand by regional council,B0703,Thailand,14,65-69 years,321,,,
DATAFLOW,STATSNZ:CEN23_ECI_006(1.0),"Birthplace and age for the census usually resident population count, (RC, TALB, SA2, Health), 2013, 2018, and 2023 Censuses",I,2023,2023,9999,Total - New Zealand by regional council,B0706,Indonesia,10,45-49 years,732,,,
DATAFLOW,STATSNZ:CEN23_ECI_006(1.0),"Birthplace and age for the census usually resident population count, (RC, TALB, SA2, Health), 2013, 2018, and 2023 Censuses",I,2023,2023,9999,Total - New Zealand by regional council,B0603,Saudi Arabia,02,5-9 years,192,,,
DATAFLOW,STATSNZ:CEN23_ECI_006(1.0),"Birthplace and age for the census usually resident population count, (RC, TALB, SA2, Health), 2013, 2018, and 2023 Censuses",I,2023,2023,9999,Total - New Zealand by regional council,B0408,Wales,Median,Median - age,54.2,,,
DATAFLOW,STATSNZ:CEN23_ECI_006(1.0),"Birthplace and age for the census usually resident population count, (RC, TALB, SA2, Health), 2013, 2018, and 2023 Censuses",I,2023,2023,9999,Total - New Zealand by regional council,B0509,Hungary,19,90 years and over,24,,,
DATAFLOW,STATSNZ:CEN23_ECI_006(1.0),"Birthplace and age for the census usually resident population count, (RC, TALB, SA2, Health), 2013, 2018, and 2023 Censuses",I,2023,2023,9999,Total - New Zealand by regional council,B06,North Africa and the Middle East,1,Under 15 years,4146,,,
DATAFLOW,STATSNZ:CEN23_ECI_006(1.0),"Birthplace and age for the census usually resident population count, (RC, TALB, SA2, Health), 2013, 2018, and 2023 Censuses",I,2023,2023,9999,Total - New Zealand by regional council,B0702,Malaysia,17,80-84 years,252,,,
DATAFLOW,STATSNZ:CEN23_ECI_006(1.0),"Birthplace and age for the census usually resident population count, (RC, TALB, SA2, Health), 2013, 2018, and 2023 Censuses",I,2023,2023,9999,Total - New Zealand by regional council,B0407,France,07,30-34 years,1467,,,
DATAFLOW,STATSNZ:CEN23_ECI_006(1.0),"Birthplace and age for the census usually resident population count, (RC, TALB, SA2, Health), 2013, 2018, and 2023 Censuses",I,2023,2023,9999,Total - New Zealand by regional council,B0804,Hong Kong (Special Administrative Region),04,15-19 years,681,,,
DATAFLOW,STATSNZ:CEN23_ECI_006(1.0),"Birthplace and age for the census usually resident population count, (RC, TALB, SA2, Health), 2013, 2018, and 2023 Censuses",I,2023,2023,9999,Total - New Zealand by regional council,B1002,Canada,03,10-14 years,417,,,
DATAFLOW,STATSNZ:CEN23_ECI_006(1.0),"Birthplace and age for the census usually resident population count, (RC, TALB, SA2, Health), 2013, 2018, and 2023 Censuses",I,2023,2023,9999,Total - New Zealand by regional council,B0411,Sweden,15,70-74 years,54,,,
DATAFLOW,STATSNZ:CEN23_ECI_006(1.0),"Birthplace and age for the census usually resident population count, (RC, TALB, SA2, Health), 2013, 2018, and 2023 Censuses",I,2023,2023,9999,Total - New Zealand by regional council,B1004,Chile,09,40-44 years,717,,,
DATAFLOW,STATSNZ:CEN23_ECI_006(1.0),"Birthplace and age for the census usually resident population count, (RC, TALB, SA2, Health), 2013, 2018, and 2023 Censuses",I,2023,2023,9999,Total - New Zealand by regional council,B1103,Kenya,04,15-19 years,63,,,
DATAFLOW,STATSNZ:CEN23_ECI_006(1.0),"Birthplace and age for the census usually resident population count, (RC, TALB, SA2, Health), 2013, 2018, and 2023 Censuses",I,2023,2023,9999,Total - New Zealand by regional council,B0503,Czech Republic,2,15-29 years,426,,,
DATAFLOW,STATSNZ:CEN23_ECI_006(1.0),"Birthplace and age for the census usually resident population count, (RC, TALB, SA2, Health), 2013, 2018, and 2023 Censuses",I,2023,2023,9999,Total - New Zealand by regional council,B0410,Switzerland,05,20-24 years,150,,,
DATAFLOW,STATSNZ:CEN23_ECI_006(1.0),"Birthplace and age for the census usually resident population count, (RC, TALB, SA2, Health), 2013, 2018, and 2023 Censuses",I,2023,2023,9999,Total - New Zealand by regional council,B0805,Taiwan,12,55-59 years,558,,,
DATAFLOW,STATSNZ:CEN23_ECI_006(1.0),"Birthplace and age for the census usually resident population count, (RC, TALB, SA2, Health), 2013, 2018, and 2023 Censuses",I,2023,2023,9999,Total - New Zealand by regional council,B04,North-West Europe,10,45-49 years,20079,,,
DATAFLOW,STATSNZ:CEN23_ECI_006(1.0),"Birthplace and age for the census usually resident population count, (RC, TALB, SA2, Health), 2013, 2018, and 2023 Censuses",I,2023,2023,9999,Total - New Zealand by regional council,B0408,Wales,03,10-14 years,141,,,
DATAFLOW,STATSNZ:CEN23_ECI_006(1.0),"Birthplace and age for the census usually resident population count, (RC, TALB, SA2, Health), 2013, 2018, and 2023 Censuses",I,2023,2023,9999,Total - New Zealand by regional council,B0702,Malaysia,02,5-9 years,477,,,
DATAFLOW,STATSNZ:CEN23_ECI_006(1.0),"Birthplace and age for the census usually resident population count, (RC, TALB, SA2, Health), 2013, 2018, and 2023 Censuses",I,2023,2023,9999,Total - New Zealand by regional council,B0707,Singapore,07,30-34 years,552,,,
DATAFLOW,STATSNZ:CEN23_ECI_006(1.0),"Birthplace and age for the census usually resident population count, (RC, TALB, SA2, Health), 2013, 2018, and 2023 Censuses",I,2023,2023,9999,Total - New Zealand by regional council,B0414,Belgium,99,Total - age,1320,,,
DATAFLOW,STATSNZ:CEN23_ECI_006(1.0),"Birthplace and age for the census usually resident population count, (RC, TALB, SA2, Health), 2013, 2018, and 2023 Censuses",I,2023,2023,9999,Total - New Zealand by regional council,B0906,Bangladesh,03,10-14 years,108,,,
DATAFLOW,STATSNZ:CEN23_ECI_006(1.0),"Birthplace and age for the census usually resident population count, (RC, TALB, SA2, Health), 2013, 2018, and 2023 Censuses",I,2023,2023,9999,Total - New Zealand by regional council,B0206,Vanuatu,11,50-54 years,66,,,
DATAFLOW,STATSNZ:CEN23_ECI_006(1.0),"Birthplace and age for the census usually resident population count, (RC, TALB, SA2, Health), 2013, 2018, and 2023 Censuses",I,2023,2023,9999,Total - New Zealand by regional council,B0507,Croatia,16,75-79 years,141,,,
DATAFLOW,STATSNZ:CEN23_ECI_006(1.0),"Birthplace and age for the census usually resident population count, (RC, TALB, SA2, Health), 2013, 2018, and 2023 Censuses",I,2023,2023,9999,Total - New Zealand by regional council,B0402,Scotland,16,75-79 years,2298,,,
DATAFLOW,STATSNZ:CEN23_ECI_006(1.0),"Birthplace and age for the census usually resident population count, (RC, TALB, SA2, Health), 2013, 2018, and 2023 Censuses",I,2023,2023,9999,Total - New Zealand by regional council,B1002,Canada,04,15-19 years,429,,,
DATAFLOW,STATSNZ:CEN23_ECI_006(1.0),"Birthplace and age for the census usually resident population count, (RC, TALB, SA2, Health), 2013, 2018, and 2023 Censuses",I,2023,2023,9999,Total - New Zealand by regional council,B0501,Russia,03,10-14 years,324,,,
DATAFLOW,STATSNZ:CEN23_ECI_006(1.0),"Birthplace and age for the census usually resident population count, (RC, TALB, SA2, Health), 2013, 2018, and 2023 Censuses",I,2023,2023,9999,Total - New Zealand by regional council,B07,South-East Asia,17,80-84 years,1002,,,
DATAFLOW,STATSNZ:CEN23_ECI_006(1.0),"Birthplace and age for the census usually resident population count, (RC, TALB, SA2, Health), 2013, 2018, and 2023 Censuses",I,2023,2023,9999,Total - New Zealand by regional council,B0416,Other,4,65 years and over,360,,,
DATAFLOW,STATSNZ:CEN23_ECI_006(1.0),"Birthplace and age for the census usually resident population count, (RC, TALB, SA2, Health), 2013, 2018, and 2023 Censuses",I,2023,2023,9999,Total - New Zealand by regional council,B0603,Saudi Arabia,19,90 years and over,0,,,
DATAFLOW,STATSNZ:CEN23_ECI_006(1.0),"Birthplace and age for the census usually resident population count, (RC, TALB, SA2, Health), 2013, 2018, and 2023 Censuses",I,2023,2023,9999,Total - New Zealand by regional council,B1106,Somalia,11,50-54 years,87,,,
DATAFLOW,STATSNZ:CEN23_ECI_006(1.0),"Birthplace and age for the census usually resident population count, (RC, TALB, SA2, Health), 2013, 2018, and 2023 Censuses",I,2023,2023,9999,Total - New Zealand by regional council,B0509,Hungary,05,20-24 years,45,,,
DATAFLOW,STATSNZ:CEN23_ECI_006(1.0),"Birthplace and age for the census usually resident population count, (RC, TALB, SA2, Health), 2013, 2018, and 2023 Censuses",I,2023,2023,9999,Total - New Zealand by regional council,B04,North-West Europe,18,85-89 years,10407,,,
DATAFLOW,STATSNZ:CEN23_ECI_006(1.0),"Birthplace and age for the census usually resident population count, (RC, TALB, SA2, Health), 2013, 2018, and 2023 Censuses",I,2023,2023,9999,Total - New Zealand by regional council,B11,Sub-Saharan Africa,07,30-34 years,10836,,,
DATAFLOW,STATSNZ:CEN23_ECI_006(1.0),"Birthplace and age for the census usually resident population count, (RC, TALB, SA2, Health), 2013, 2018, and 2023 Censuses",I,2023,2023,9999,Total - New Zealand by regional council,B0210,Tokelau,07,30-34 years,105,,,
DATAFLOW,STATSNZ:CEN23_ECI_006(1.0),"Birthplace and age for the census usually resident population count, (RC, TALB, SA2, Health), 2013, 2018, and 2023 Censuses",I,2023,2023,9999,Total - New Zealand by regional council,B0702,Malaysia,14,65-69 years,1560,,,
DATAFLOW,STATSNZ:CEN23_ECI_006(1.0),"Birthplace and age for the census usually resident population count, (RC, TALB, SA2, Health), 2013, 2018, and 2023 Censuses",I,2023,2023,9999,Total - New Zealand by regional council,B0706,Indonesia,99,Total - age,7569,,,
DATAFLOW,STATSNZ:CEN23_ECI_006(1.0),"Birthplace and age for the census usually resident population count, (RC, TALB, SA2, Health), 2013, 2018, and 2023 Censuses",I,2023,2023,9999,Total - New Zealand by regional council,B0504,Poland,99,Total - age,2496,,,
DATAFLOW,STATSNZ:CEN23_ECI_006(1.0),"Birthplace and age for the census usually resident population count, (RC, TALB, SA2, Health), 2013, 2018, and 2023 Censuses",I,2023,2023,9999,Total - New Zealand by regional council,B08,North-East Asia,10,45-49 years,16446,,,
DATAFLOW,STATSNZ:CEN23_ECI_006(1.0),"Birthplace and age for the census usually resident population count, (RC, TALB, SA2, Health), 2013, 2018, and 2023 Censuses",I,2023,2023,9999,Total - New Zealand by regional council,B0502,Italy,15,70-74 years,108,,,
DATAFLOW,STATSNZ:CEN23_ECI_006(1.0),"Birthplace and age for the census usually resident population count, (RC, TALB, SA2, Health), 2013, 2018, and 2023 Censuses",I,2023,2023,9999,Total - New Zealand by regional council,B0504,Poland,03,10-14 years,54,,,
DATAFLOW,STATSNZ:CEN23_ECI_006(1.0),"Birthplace and age for the census usually resident population count, (RC, TALB, SA2, Health), 2013, 2018, and 2023 Censuses",I,2023,2023,9999,Total - New Zealand by regional council,B0205,Niue,19,90 years and over,30,,,
DATAFLOW,STATSNZ:CEN23_ECI_006(1.0),"Birthplace and age for the census usually resident population count, (RC, TALB, SA2, Health), 2013, 2018, and 2023 Censuses",I,2023,2023,9999,Total - New Zealand by regional council,B0411,Sweden,10,45-49 years,198,,,
DATAFLOW,STATSNZ:CEN23_ECI_006(1.0),"Birthplace and age for the census usually resident population count, (RC, TALB, SA2, Health), 2013, 2018, and 2023 Censuses",I,2023,2023,9999,Total - New Zealand by regional council,B0210,Tokelau,12,55-59 years,135,,,
DATAFLOW,STATSNZ:CEN23_ECI_006(1.0),"Birthplace and age for the census usually resident population count, (RC, TALB, SA2, Health), 2013, 2018, and 2023 Censuses",I,2023,2023,9999,Total - New Zealand by regional council,B0508,Spain,07,30-34 years,180,,,
DATAFLOW,STATSNZ:CEN23_ECI_006(1.0),"Birthplace and age for the census usually resident population count, (RC, TALB, SA2, Health), 2013, 2018, and 2023 Censuses",I,2023,2023,9999,Total - New Zealand by regional council,B0801,"China, People's Republic of",07,30-34 years,16296,,,
DATAFLOW,STATSNZ:CEN23_ECI_006(1.0),"Birthplace and age for the census usually resident population count, (RC, TALB, SA2, Health), 2013, 2018, and 2023 Censuses",I,2023,2023,9999,Total - New Zealand by regional council,B0509,Hungary,1,Under 15 years,99,,,
DATAFLOW,STATSNZ:CEN23_ECI_006(1.0),"Birthplace and age for the census usually resident population count, (RC, TALB, SA2, Health), 2013, 2018, and 2023 Censuses",I,2023,2023,9999,Total - New Zealand by regional council,B0702,Malaysia,15,70-74 years,1056,,,
DATAFLOW,STATSNZ:CEN23_ECI_006(1.0),"Birthplace and age for the census usually resident population count, (RC, TALB, SA2, Health), 2013, 2018, and 2023 Censuses",I,2023,2023,9999,Total - New Zealand by regional council,B1006,Colombia,99,Total - age,3960,,,
DATAFLOW,STATSNZ:CEN23_ECI_006(1.0),"Birthplace and age for the census usually resident population count, (RC, TALB, SA2, Health), 2013, 2018, and 2023 Censuses",I,2023,2023,9999,Total - New Zealand by regional council,B0703,Thailand,18,85-89 years,9,,,
DATAFLOW,STATSNZ:CEN23_ECI_006(1.0),"Birthplace and age for the census usually resident population count, (RC, TALB, SA2, Health), 2013, 2018, and 2023 Censuses",I,2023,2023,9999,Total - New Zealand by regional council,B0411,Sweden,4,65 years and over,228,,,
DATAFLOW,STATSNZ:CEN23_ECI_006(1.0),"Birthplace and age for the census usually resident population count, (RC, TALB, SA2, Health), 2013, 2018, and 2023 Censuses",I,2023,2023,9999,Total - New Zealand by regional council,B0505,Romania,11,50-54 years,333,,,
DATAFLOW,STATSNZ:CEN23_ECI_006(1.0),"Birthplace and age for the census usually resident population count, (RC, TALB, SA2, Health), 2013, 2018, and 2023 Censuses",I,2023,2023,9999,Total - New Zealand by regional council,B0905,Nepal,3,30-64 years,3174,,,
DATAFLOW,STATSNZ:CEN23_ECI_006(1.0),"Birthplace and age for the census usually resident population count, (RC, TALB, SA2, Health), 2013, 2018, and 2023 Censuses",I,2023,2023,9999,Total - New Zealand by regional council,B0401,England,05,20-24 years,8742,,,
DATAFLOW,STATSNZ:CEN23_ECI_006(1.0),"Birthplace and age for the census usually resident population count, (RC, TALB, SA2, Health), 2013, 2018, and 2023 Censuses",I,2023,2023,9999,Total - New Zealand by regional council,B12,At sea,3,30-64 years,3,,,
DATAFLOW,STATSNZ:CEN23_ECI_006(1.0),"Birthplace and age for the census usually resident population count, (RC, TALB, SA2, Health), 2013, 2018, and 2023 Censuses",I,2023,2023,9999,Total - New Zealand by regional council,B0602,Iran,18,85-89 years,21,,,
DATAFLOW,STATSNZ:CEN23_ECI_006(1.0),"Birthplace and age for the census usually resident population count, (RC, TALB, SA2, Health), 2013, 2018, and 2023 Censuses",I,2023,2023,9999,Total - New Zealand by regional council,B09,Southern and Central Asia,01,0-4 years,2025,,,
DATAFLOW,STATSNZ:CEN23_ECI_006(1.0),"Birthplace and age for the census usually resident population count, (RC, TALB, SA2, Health), 2013, 2018, and 2023 Censuses",I,2023,2023,9999,Total - New Zealand by regional council,B0411,Sweden,1,Under 15 years,204,,,
DATAFLOW,STATSNZ:CEN23_ECI_006(1.0),"Birthplace and age for the census usually resident population count, (RC, TALB, SA2, Health), 2013, 2018, and 2023 Censuses",I,2023,2023,9999,Total - New Zealand by regional council,B0410,Switzerland,06,25-29 years,162,,,
DATAFLOW,STATSNZ:CEN23_ECI_006(1.0),"Birthplace and age for the census usually resident population count, (RC, TALB, SA2, Health), 2013, 2018, and 2023 Censuses",I,2023,2023,9999,Total - New Zealand by regional council,C,Not elsewhere included,09,40-44 years,2079,,,
DATAFLOW,STATSNZ:CEN23_ECI_006(1.0),"Birthplace and age for the census usually resident population count, (RC, TALB, SA2, Health), 2013, 2018, and 2023 Censuses",I,2023,2023,9999,Total - New Zealand by regional council,B0509,Hungary,01,0-4 years,12,,,
DATAFLOW,STATSNZ:CEN23_ECI_006(1.0),"Birthplace and age for the census usually resident population count, (RC, TALB, SA2, Health), 2013, 2018, and 2023 Censuses",I,2023,2023,9999,Total - New Zealand by regional council,B06,North Africa and the Middle East,Median,Median - age,37.1,,,
DATAFLOW,STATSNZ:CEN23_ECI_006(1.0),"Birthplace and age for the census usually resident population count, (RC, TALB, SA2, Health), 2013, 2018, and 2023 Censuses",I,2023,2023,9999,Total - New Zealand by regional council,B0805,Taiwan,11,50-54 years,516,,,
DATAFLOW,STATSNZ:CEN23_ECI_006(1.0),"Birthplace and age for the census usually resident population count, (RC, TALB, SA2, Health), 2013, 2018, and 2023 Censuses",I,2023,2023,9999,Total - New Zealand by regional council,B0410,Switzerland,Median,Median - age,52.1,,,
DATAFLOW,STATSNZ:CEN23_ECI_006(1.0),"Birthplace and age for the census usually resident population count, (RC, TALB, SA2, Health), 2013, 2018, and 2023 Censuses",I,2023,2023,9999,Total - New Zealand by regional council,B1105,Ethiopia,02,5-9 years,57,,,
DATAFLOW,STATSNZ:CEN23_ECI_006(1.0),"Birthplace and age for the census usually resident population count, (RC, TALB, SA2, Health), 2013, 2018, and 2023 Censuses",I,2023,2023,9999,Total - New Zealand by regional council,B0905,Nepal,06,25-29 years,1557,,,
DATAFLOW,STATSNZ:CEN23_ECI_006(1.0),"Birthplace and age for the census usually resident population count, (RC, TALB, SA2, Health), 2013, 2018, and 2023 Censuses",I,2023,2023,9999,Total - New Zealand by regional council,B0704,Viet Nam,2,15-29 years,2844,,,
DATAFLOW,STATSNZ:CEN23_ECI_006(1.0),"Birthplace and age for the census usually resident population count, (RC, TALB, SA2, Health), 2013, 2018, and 2023 Censuses",I,2023,2023,9999,Total - New Zealand by regional council,B08,North-East Asia,1,Under 15 years,13119,,,
DATAFLOW,STATSNZ:CEN23_ECI_006(1.0),"Birthplace and age for the census usually resident population count, (RC, TALB, SA2, Health), 2013, 2018, and 2023 Censuses",I,2023,2023,9999,Total - New Zealand by regional council,B0404,Netherlands,01,0-4 years,84,,,
DATAFLOW,STATSNZ:CEN23_ECI_006(1.0),"Birthplace and age for the census usually resident population count, (RC, TALB, SA2, Health), 2013, 2018, and 2023 Censuses",I,2023,2023,9999,Total - New Zealand by regional council,B0413,Austria,4,65 years and over,456,,,
DATAFLOW,STATSNZ:CEN23_ECI_006(1.0),"Birthplace and age for the census usually resident population count, (RC, TALB, SA2, Health), 2013, 2018, and 2023 Censuses",I,2023,2023,9999,Total - New Zealand by regional council,B0507,Croatia,03,10-14 years,15,,,
DATAFLOW,STATSNZ:CEN23_ECI_006(1.0),"Birthplace and age for the census usually resident population count, (RC, TALB, SA2, Health), 2013, 2018, and 2023 Censuses",I,2023,2023,9999,Total - New Zealand by regional council,B0701,Philippines,18,85-89 years,93,,,
DATAFLOW,STATSNZ:CEN23_ECI_006(1.0),"Birthplace and age for the census usually resident population count, (RC, TALB, SA2, Health), 2013, 2018, and 2023 Censuses",I,2023,2023,9999,Total - New Zealand by regional council,B10,The Americas,10,45-49 years,5829,,,
DATAFLOW,STATSNZ:CEN23_ECI_006(1.0),"Birthplace and age for the census usually resident population count, (RC, TALB, SA2, Health), 2013, 2018, and 2023 Censuses",I,2023,2023,9999,Total - New Zealand by regional council,B0206,Vanuatu,09,40-44 years,135,,,
DATAFLOW,STATSNZ:CEN23_ECI_006(1.0),"Birthplace and age for the census usually resident population count, (RC, TALB, SA2, Health), 2013, 2018, and 2023 Censuses",I,2023,2023,9999,Total - New Zealand by regional council,B0405,United Kingdom (not further defined),18,85-89 years,138,,,
DATAFLOW,STATSNZ:CEN23_ECI_006(1.0),"Birthplace and age for the census usually resident population count, (RC, TALB, SA2, Health), 2013, 2018, and 2023 Censuses",I,2023,2023,9999,Total - New Zealand by regional council,B0504,Poland,1,Under 15 years,96,,,
DATAFLOW,STATSNZ:CEN23_ECI_006(1.0),"Birthplace and age for the census usually resident population count, (RC, TALB, SA2, Health), 2013, 2018, and 2023 Censuses",I,2023,2023,9999,Total - New Zealand by regional council,B0609,Other Oceania and Antarctica,1,Under 15 years,1041,,,
DATAFLOW,STATSNZ:CEN23_ECI_006(1.0),"Birthplace and age for the census usually resident population count, (RC, TALB, SA2, Health), 2013, 2018, and 2023 Censuses",I,2023,2023,9999,Total - New Zealand by regional council,B0402,Scotland,15,70-74 years,2220,,,
DATAFLOW,STATSNZ:CEN23_ECI_006(1.0),"Birthplace and age for the census usually resident population count, (RC, TALB, SA2, Health), 2013, 2018, and 2023 Censuses",I,2023,2023,9999,Total - New Zealand by regional council,B1002,Canada,10,45-49 years,1086,,,
DATAFLOW,STATSNZ:CEN23_ECI_006(1.0),"Birthplace and age for the census usually resident population count, (RC, TALB, SA2, Health), 2013, 2018, and 2023 Censuses",I,2023,2023,9999,Total - New Zealand by regional council,B0507,Croatia,3,30-64 years,813,,,
DATAFLOW,STATSNZ:CEN23_ECI_006(1.0),"Birthplace and age for the census usually resident population count, (RC, TALB, SA2, Health), 2013, 2018, and 2023 Censuses",I,2023,2023,9999,Total - New Zealand by regional council,B0803,Japan,06,25-29 years,837,,,
DATAFLOW,STATSNZ:CEN23_ECI_006(1.0),"Birthplace and age for the census usually resident population count, (RC, TALB, SA2, Health), 2013, 2018, and 2023 Censuses",I,2023,2023,9999,Total - New Zealand by regional council,B0901,India,99,Total - age,142920,,,
DATAFLOW,STATSNZ:CEN23_ECI_006(1.0),"Birthplace and age for the census usually resident population count, (RC, TALB, SA2, Health), 2013, 2018, and 2023 Censuses",I,2023,2023,9999,Total - New Zealand by regional council,B0409,Northern Ireland,07,30-34 years,291,,,
DATAFLOW,STATSNZ:CEN23_ECI_006(1.0),"Birthplace and age for the census usually resident population count, (RC, TALB, SA2, Health), 2013, 2018, and 2023 Censuses",I,2023,2023,9999,Total - New Zealand by regional council,B0704,Viet Nam,1,Under 15 years,954,,,
DATAFLOW,STATSNZ:CEN23_ECI_006(1.0),"Birthplace and age for the census usually resident population count, (RC, TALB, SA2, Health), 2013, 2018, and 2023 Censuses",I,2023,2023,9999,Total - New Zealand by regional council,B0801,"China, People's Republic of",03,10-14 years,4218,,,
DATAFLOW,STATSNZ:CEN23_ECI_006(1.0),"Birthplace and age for the census usually resident population count, (RC, TALB, SA2, Health), 2013, 2018, and 2023 Censuses",I,2023,2023,9999,Total - New Zealand by regional council,777777,Total stated - birthplace,18,85-89 years,57588,,,
DATAFLOW,STATSNZ:CEN23_ECI_006(1.0),"Birthplace and age for the census usually resident population count, (RC, TALB, SA2, Health), 2013, 2018, and 2023 Censuses",I,2023,2023,9999,Total - New Zealand by regional council,B1005,Argentina,16,75-79 years,30,,,
DATAFLOW,STATSNZ:CEN23_ECI_006(1.0),"Birthplace and age for the census usually resident population count, (RC, TALB, SA2, Health), 2013, 2018, and 2023 Censuses",I,2023,2023,9999,Total - New Zealand by regional council,B0501,Russia,19,90 years and over,30,,,
DATAFLOW,STATSNZ:CEN23_ECI_006(1.0),"Birthplace and age for the census usually resident population count, (RC, TALB, SA2, Health), 2013, 2018, and 2023 Censuses",I,2023,2023,9999,Total - New Zealand by regional council,B0902,Sri Lanka,17,80-84 years,159,,,
DATAFLOW,STATSNZ:CEN23_ECI_006(1.0),"Birthplace and age for the census usually resident population count, (RC, TALB, SA2, Health), 2013, 2018, and 2023 Censuses",I,2023,2023,9999,Total - New Zealand by regional council,B0401,England,16,75-79 years,16638,,,
DATAFLOW,STATSNZ:CEN23_ECI_006(1.0),"Birthplace and age for the census usually resident population count, (RC, TALB, SA2, Health), 2013, 2018, and 2023 Censuses",I,2023,2023,9999,Total - New Zealand by regional council,B0507,Croatia,04,15-19 years,15,,,
DATAFLOW,STATSNZ:CEN23_ECI_006(1.0),"Birthplace and age for the census usually resident population count, (RC, TALB, SA2, Health), 2013, 2018, and 2023 Censuses",I,2023,2023,9999,Total - New Zealand by regional council,B0415,Channel Islands,16,75-79 years,54,,,
DATAFLOW,STATSNZ:CEN23_ECI_006(1.0),"Birthplace and age for the census usually resident population count, (RC, TALB, SA2, Health), 2013, 2018, and 2023 Censuses",I,2023,2023,9999,Total - New Zealand by regional council,B0906,Bangladesh,09,40-44 years,402,,,
DATAFLOW,STATSNZ:CEN23_ECI_006(1.0),"Birthplace and age for the census usually resident population count, (RC, TALB, SA2, Health), 2013, 2018, and 2023 Censuses",I,2023,2023,9999,Total - New Zealand by regional council,B0801,"China, People's Republic of",02,5-9 years,3012,,,
DATAFLOW,STATSNZ:CEN23_ECI_006(1.0),"Birthplace and age for the census usually resident population count, (RC, TALB, SA2, Health), 2013, 2018, and 2023 Censuses",I,2023,2023,9999,Total - New Zealand by regional council,B0609,Other Oceania and Antarctica,16,75-79 years,66,,,
DATAFLOW,STATSNZ:CEN23_ECI_006(1.0),"Birthplace and age for the census usually resident population count, (RC, TALB, SA2, Health), 2013, 2018, and 2023 Censuses",I,2023,2023,9999,Total - New Zealand by regional council,B0510,Serbia,02,5-9 years,30,,,
DATAFLOW,STATSNZ:CEN23_ECI_006(1.0),"Birthplace and age for the census usually resident population count, (RC, TALB, SA2, Health), 2013, 2018, and 2023 Censuses",I,2023,2023,9999,Total - New Zealand by regional council,B0907,Other,05,20-24 years,90,,,
DATAFLOW,STATSNZ:CEN23_ECI_006(1.0),"Birthplace and age for the census usually resident population count, (RC, TALB, SA2, Health), 2013, 2018, and 2023 Censuses",I,2023,2023,9999,Total - New Zealand by regional council,B06,North Africa and the Middle East,14,65-69 years,990,,,
DATAFLOW,STATSNZ:CEN23_ECI_006(1.0),"Birthplace and age for the census usually resident population count, (RC, TALB, SA2, Health), 2013, 2018, and 2023 Censuses",I,2023,2023,9999,Total - New Zealand by regional council,B02,Pacific Islands,05,20-24 years,12156,,,
DATAFLOW,STATSNZ:CEN23_ECI_006(1.0),"Birthplace and age for the census usually resident population count, (RC, TALB, SA2, Health), 2013, 2018, and 2023 Censuses",I,2023,2023,9999,Total - New Zealand by regional council,B0409,Northern Ireland,14,65-69 years,351,,,
DATAFLOW,STATSNZ:CEN23_ECI_006(1.0),"Birthplace and age for the census usually resident population count, (RC, TALB, SA2, Health), 2013, 2018, and 2023 Censuses",I,2023,2023,9999,Total - New Zealand by regional council,B0402,Scotland,3,30-64 years,11658,,,
DATAFLOW,STATSNZ:CEN23_ECI_006(1.0),"Birthplace and age for the census usually resident population count, (RC, TALB, SA2, Health), 2013, 2018, and 2023 Censuses",I,2023,2023,9999,Total - New Zealand by regional council,B1006,Colombia,14,65-69 years,42,,,
DATAFLOW,STATSNZ:CEN23_ECI_006(1.0),"Birthplace and age for the census usually resident population count, (RC, TALB, SA2, Health), 2013, 2018, and 2023 Censuses",I,2023,2023,9999,Total - New Zealand by regional council,B1007,Mexico,10,45-49 years,141,,,
DATAFLOW,STATSNZ:CEN23_ECI_006(1.0),"Birthplace and age for the census usually resident population count, (RC, TALB, SA2, Health), 2013, 2018, and 2023 Censuses",I,2023,2023,9999,Total - New Zealand by regional council,B0413,Austria,05,20-24 years,45,,,
DATAFLOW,STATSNZ:CEN23_ECI_006(1.0),"Birthplace and age for the census usually resident population count, (RC, TALB, SA2, Health), 2013, 2018, and 2023 Censuses",I,2023,2023,9999,Total - New Zealand by regional council,B08,North-East Asia,13,60-64 years,11586,,,
DATAFLOW,STATSNZ:CEN23_ECI_006(1.0),"Birthplace and age for the census usually resident population count, (RC, TALB, SA2, Health), 2013, 2018, and 2023 Censuses",I,2023,2023,9999,Total - New Zealand by regional council,B0706,Indonesia,04,15-19 years,318,,,
DATAFLOW,STATSNZ:CEN23_ECI_006(1.0),"Birthplace and age for the census usually resident population count, (RC, TALB, SA2, Health), 2013, 2018, and 2023 Censuses",I,2023,2023,9999,Total - New Zealand by regional council,B0209,Papua New Guinea,06,25-29 years,117,,,
DATAFLOW,STATSNZ:CEN23_ECI_006(1.0),"Birthplace and age for the census usually resident population count, (RC, TALB, SA2, Health), 2013, 2018, and 2023 Censuses",I,2023,2023,9999,Total - New Zealand by regional council,B0508,Spain,4,65 years and over,66,,,
DATAFLOW,STATSNZ:CEN23_ECI_006(1.0),"Birthplace and age for the census usually resident population count, (RC, TALB, SA2, Health), 2013, 2018, and 2023 Censuses",I,2023,2023,9999,Total - New Zealand by regional council,B0501,Russia,99,Total - age,8532,,,
DATAFLOW,STATSNZ:CEN23_ECI_006(1.0),"Birthplace and age for the census usually resident population count, (RC, TALB, SA2, Health), 2013, 2018, and 2023 Censuses",I,2023,2023,9999,Total - New Zealand by regional council,B1107,Other Sub-Saharan Africa,4,65 years and over,864,,,
DATAFLOW,STATSNZ:CEN23_ECI_006(1.0),"Birthplace and age for the census usually resident population count, (RC, TALB, SA2, Health), 2013, 2018, and 2023 Censuses",I,2023,2023,9999,Total - New Zealand by regional council,B1003,Brazil,05,20-24 years,408,,,
DATAFLOW,STATSNZ:CEN23_ECI_006(1.0),"Birthplace and age for the census usually resident population count, (RC, TALB, SA2, Health), 2013, 2018, and 2023 Censuses",I,2023,2023,9999,Total - New Zealand by regional council,B0705,Cambodia,12,55-59 years,555,,,
DATAFLOW,STATSNZ:CEN23_ECI_006(1.0),"Birthplace and age for the census usually resident population count, (RC, TALB, SA2, Health), 2013, 2018, and 2023 Censuses",I,2023,2023,9999,Total - New Zealand by regional council,B0708,Myanmar,05,20-24 years,231,,,
DATAFLOW,STATSNZ:CEN23_ECI_006(1.0),"Birthplace and age for the census usually resident population count, (RC, TALB, SA2, Health), 2013, 2018, and 2023 Censuses",I,2023,2023,9999,Total - New Zealand by regional council,B0703,Thailand,13,60-64 years,588,,,
DATAFLOW,STATSNZ:CEN23_ECI_006(1.0),"Birthplace and age for the census usually resident population count, (RC, TALB, SA2, Health), 2013, 2018, and 2023 Censuses",I,2023,2023,9999,Total - New Zealand by regional council,B12,At sea,06,25-29 years,0,,,
DATAFLOW,STATSNZ:CEN23_ECI_006(1.0),"Birthplace and age for the census usually resident population count, (RC, TALB, SA2, Health), 2013, 2018, and 2023 Censuses",I,2023,2023,9999,Total - New Zealand by regional council,B0706,Indonesia,19,90 years and over,60,,,
DATAFLOW,STATSNZ:CEN23_ECI_006(1.0),"Birthplace and age for the census usually resident population count, (RC, TALB, SA2, Health), 2013, 2018, and 2023 Censuses",I,2023,2023,9999,Total - New Zealand by regional council,B1001,United States of America,1,Under 15 years,3588,,,
DATAFLOW,STATSNZ:CEN23_ECI_006(1.0),"Birthplace and age for the census usually resident population count, (RC, TALB, SA2, Health), 2013, 2018, and 2023 Censuses",I,2023,2023,9999,Total - New Zealand by regional council,B0602,Iran,11,50-54 years,444,,,
DATAFLOW,STATSNZ:CEN23_ECI_006(1.0),"Birthplace and age for the census usually resident population count, (RC, TALB, SA2, Health), 2013, 2018, and 2023 Censuses",I,2023,2023,9999,Total - New Zealand by regional council,B0415,Channel Islands,05,20-24 years,45,,,
DATAFLOW,STATSNZ:CEN23_ECI_006(1.0),"Birthplace and age for the census usually resident population count, (RC, TALB, SA2, Health), 2013, 2018, and 2023 Censuses",I,2023,2023,9999,Total - New Zealand by regional council,B0508,Spain,Median,Median - age,36.9,,,
DATAFLOW,STATSNZ:CEN23_ECI_006(1.0),"Birthplace and age for the census usually resident population count, (RC, TALB, SA2, Health), 2013, 2018, and 2023 Censuses",I,2023,2023,9999,Total - New Zealand by regional council,B0607,Israel,Median,Median - age,40.8,,,
DATAFLOW,STATSNZ:CEN23_ECI_006(1.0),"Birthplace and age for the census usually resident population count, (RC, TALB, SA2, Health), 2013, 2018, and 2023 Censuses",I,2023,2023,9999,Total - New Zealand by regional council,B0505,Romania,18,85-89 years,27,,,
DATAFLOW,STATSNZ:CEN23_ECI_006(1.0),"Birthplace and age for the census usually resident population count, (RC, TALB, SA2, Health), 2013, 2018, and 2023 Censuses",I,2023,2023,9999,Total - New Zealand by regional council,B0401,England,11,50-54 years,19152,,,
DATAFLOW,STATSNZ:CEN23_ECI_006(1.0),"Birthplace and age for the census usually resident population count, (RC, TALB, SA2, Health), 2013, 2018, and 2023 Censuses",I,2023,2023,9999,Total - New Zealand by regional council,B1005,Argentina,3,30-64 years,3885,,,
DATAFLOW,STATSNZ:CEN23_ECI_006(1.0),"Birthplace and age for the census usually resident population count, (RC, TALB, SA2, Health), 2013, 2018, and 2023 Censuses",I,2023,2023,9999,Total - New Zealand by regional council,B0507,Croatia,13,60-64 years,147,,,
DATAFLOW,STATSNZ:CEN23_ECI_006(1.0),"Birthplace and age for the census usually resident population count, (RC, TALB, SA2, Health), 2013, 2018, and 2023 Censuses",I,2023,2023,9999,Total - New Zealand by regional council,B1102,Zimbabwe,Median,Median - age,48.6,,,
DATAFLOW,STATSNZ:CEN23_ECI_006(1.0),"Birthplace and age for the census usually resident population count, (RC, TALB, SA2, Health), 2013, 2018, and 2023 Censuses",I,2023,2023,9999,Total - New Zealand by regional council,B0405,United Kingdom (not further defined),4,65 years and over,1761,,,
DATAFLOW,STATSNZ:CEN23_ECI_006(1.0),"Birthplace and age for the census usually resident population count, (RC, TALB, SA2, Health), 2013, 2018, and 2023 Censuses",I,2023,2023,9999,Total - New Zealand by regional council,B1008,Other Americas,01,0-4 years,33,,,
DATAFLOW,STATSNZ:CEN23_ECI_006(1.0),"Birthplace and age for the census usually resident population count, (RC, TALB, SA2, Health), 2013, 2018, and 2023 Censuses",I,2023,2023,9999,Total - New Zealand by regional council,B0702,Malaysia,11,50-54 years,1323,,,
DATAFLOW,STATSNZ:CEN23_ECI_006(1.0),"Birthplace and age for the census usually resident population count, (RC, TALB, SA2, Health), 2013, 2018, and 2023 Censuses",I,2023,2023,9999,Total - New Zealand by regional council,B0403,Germany,2,15-29 years,2769,,,
DATAFLOW,STATSNZ:CEN23_ECI_006(1.0),"Birthplace and age for the census usually resident population count, (RC, TALB, SA2, Health), 2013, 2018, and 2023 Censuses",I,2023,2023,9999,Total - New Zealand by regional council,B0802,"Korea, Republic of",99,Total - age,31689,,,
DATAFLOW,STATSNZ:CEN23_ECI_006(1.0),"Birthplace and age for the census usually resident population count, (RC, TALB, SA2, Health), 2013, 2018, and 2023 Censuses",I,2023,2023,9999,Total - New Zealand by regional council,B0406,Ireland,1,Under 15 years,516,,,
DATAFLOW,STATSNZ:CEN23_ECI_006(1.0),"Birthplace and age for the census usually resident population count, (RC, TALB, SA2, Health), 2013, 2018, and 2023 Censuses",I,2023,2023,9999,Total - New Zealand by regional council,B0907,Other,12,55-59 years,132,,,
DATAFLOW,STATSNZ:CEN23_ECI_006(1.0),"Birthplace and age for the census usually resident population count, (RC, TALB, SA2, Health), 2013, 2018, and 2023 Censuses",I,2023,2023,9999,Total - New Zealand by regional council,B1008,Other Americas,02,5-9 years,135,,,
DATAFLOW,STATSNZ:CEN23_ECI_006(1.0),"Birthplace and age for the census usually resident population count, (RC, TALB, SA2, Health), 2013, 2018, and 2023 Censuses",I,2023,2023,9999,Total - New Zealand by regional council,B0702,Malaysia,07,30-34 years,2283,,,
DATAFLOW,STATSNZ:CEN23_ECI_006(1.0),"Birthplace and age for the census usually resident population count, (RC, TALB, SA2, Health), 2013, 2018, and 2023 Censuses",I,2023,2023,9999,Total - New Zealand by regional council,B0701,Philippines,19,90 years and over,45,,,
DATAFLOW,STATSNZ:CEN23_ECI_006(1.0),"Birthplace and age for the census usually resident population count, (RC, TALB, SA2, Health), 2013, 2018, and 2023 Censuses",I,2023,2023,9999,Total - New Zealand by regional council,B1107,Other Sub-Saharan Africa,11,50-54 years,594,,,
DATAFLOW,STATSNZ:CEN23_ECI_006(1.0),"Birthplace and age for the census usually resident population count, (RC, TALB, SA2, Health), 2013, 2018, and 2023 Censuses",I,2023,2023,9999,Total - New Zealand by regional council,B0702,Malaysia,Median,Median - age,42.1,,,
DATAFLOW,STATSNZ:CEN23_ECI_006(1.0),"Birthplace and age for the census usually resident population count, (RC, TALB, SA2, Health), 2013, 2018, and 2023 Censuses",I,2023,2023,9999,Total - New Zealand by regional council,B1002,Canada,02,5-9 years,366,,,
DATAFLOW,STATSNZ:CEN23_ECI_006(1.0),"Birthplace and age for the census usually resident population count, (RC, TALB, SA2, Health), 2013, 2018, and 2023 Censuses",I,2023,2023,9999,Total - New Zealand by regional council,B11,Sub-Saharan Africa,15,70-74 years,3240,,,
DATAFLOW,STATSNZ:CEN23_ECI_006(1.0),"Birthplace and age for the census usually resident population count, (RC, TALB, SA2, Health), 2013, 2018, and 2023 Censuses",I,2023,2023,9999,Total - New Zealand by regional council,B0208,Tuvalu,03,10-14 years,93,,,
DATAFLOW,STATSNZ:CEN23_ECI_006(1.0),"Birthplace and age for the census usually resident population count, (RC, TALB, SA2, Health), 2013, 2018, and 2023 Censuses",I,2023,2023,9999,Total - New Zealand by regional council,B0903,Pakistan,05,20-24 years,378,,,
DATAFLOW,STATSNZ:CEN23_ECI_006(1.0),"Birthplace and age for the census usually resident population count, (RC, TALB, SA2, Health), 2013, 2018, and 2023 Censuses",I,2023,2023,9999,Total - New Zealand by regional council,B1007,Mexico,08,35-39 years,366,,,
DATAFLOW,STATSNZ:CEN23_ECI_006(1.0),"Birthplace and age for the census usually resident population count, (RC, TALB, SA2, Health), 2013, 2018, and 2023 Censuses",I,2023,2023,9999,Total - New Zealand by regional council,B0512,Other,15,70-74 years,291,,,
DATAFLOW,STATSNZ:CEN23_ECI_006(1.0),"Birthplace and age for the census usually resident population count, (RC, TALB, SA2, Health), 2013, 2018, and 2023 Censuses",I,2023,2023,9999,Total - New Zealand by regional council,B0701,Philippines,07,30-34 years,12093,,,
DATAFLOW,STATSNZ:CEN23_ECI_006(1.0),"Birthplace and age for the census usually resident population count, (RC, TALB, SA2, Health), 2013, 2018, and 2023 Censuses",I,2023,2023,9999,Total - New Zealand by regional council,B0203,Tonga,13,60-64 years,1842,,,
DATAFLOW,STATSNZ:CEN23_ECI_006(1.0),"Birthplace and age for the census usually resident population count, (RC, TALB, SA2, Health), 2013, 2018, and 2023 Censuses",I,2023,2023,9999,Total - New Zealand by regional council,B0410,Switzerland,01,0-4 years,30,,,
DATAFLOW,STATSNZ:CEN23_ECI_006(1.0),"Birthplace and age for the census usually resident population count, (RC, TALB, SA2, Health), 2013, 2018, and 2023 Censuses",I,2023,2023,9999,Total - New Zealand by regional council,B0705,Cambodia,99,Total - age,8118,,,
DATAFLOW,STATSNZ:CEN23_ECI_006(1.0),"Birthplace and age for the census usually resident population count, (RC, TALB, SA2, Health), 2013, 2018, and 2023 Censuses",I,2023,2023,9999,Total - New Zealand by regional council,B1005,Argentina,12,55-59 years,90,,,
DATAFLOW,STATSNZ:CEN23_ECI_006(1.0),"Birthplace and age for the census usually resident population count, (RC, TALB, SA2, Health), 2013, 2018, and 2023 Censuses",I,2023,2023,9999,Total - New Zealand by regional council,B09,Southern and Central Asia,16,75-79 years,2277,,,
DATAFLOW,STATSNZ:CEN23_ECI_006(1.0),"Birthplace and age for the census usually resident population count, (RC, TALB, SA2, Health), 2013, 2018, and 2023 Censuses",I,2023,2023,9999,Total - New Zealand by regional council,B0412,Denmark,11,50-54 years,102,,,
DATAFLOW,STATSNZ:CEN23_ECI_006(1.0),"Birthplace and age for the census usually resident population count, (RC, TALB, SA2, Health), 2013, 2018, and 2023 Censuses",I,2023,2023,9999,Total - New Zealand by regional council,B1005,Argentina,09,40-44 years,654,,,
DATAFLOW,STATSNZ:CEN23_ECI_006(1.0),"Birthplace and age for the census usually resident population count, (RC, TALB, SA2, Health), 2013, 2018, and 2023 Censuses",I,2023,2023,9999,Total - New Zealand by regional council,B05,Southern and Eastern Europe,06,25-29 years,2397,,,
DATAFLOW,STATSNZ:CEN23_ECI_006(1.0),"Birthplace and age for the census usually resident population count, (RC, TALB, SA2, Health), 2013, 2018, and 2023 Censuses",I,2023,2023,9999,Total - New Zealand by regional council,B07,South-East Asia,1,Under 15 years,13752,,,
DATAFLOW,STATSNZ:CEN23_ECI_006(1.0),"Birthplace and age for the census usually resident population count, (RC, TALB, SA2, Health), 2013, 2018, and 2023 Censuses",I,2023,2023,9999,Total - New Zealand by regional council,B1002,Canada,99,Total - age,12894,,,
DATAFLOW,STATSNZ:CEN23_ECI_006(1.0),"Birthplace and age for the census usually resident population count, (RC, TALB, SA2, Health), 2013, 2018, and 2023 Censuses",I,2023,2023,9999,Total - New Zealand by regional council,B0702,Malaysia,99,Total - age,22521,,,
DATAFLOW,STATSNZ:CEN23_ECI_006(1.0),"Birthplace and age for the census usually resident population count, (RC, TALB, SA2, Health), 2013, 2018, and 2023 Censuses",I,2023,2023,9999,Total - New Zealand by regional council,B0506,Ukraine,09,40-44 years,279,,,
DATAFLOW,STATSNZ:CEN23_ECI_006(1.0),"Birthplace and age for the census usually resident population count, (RC, TALB, SA2, Health), 2013, 2018, and 2023 Censuses",I,2023,2023,9999,Total - New Zealand by regional council,B0501,Russia,1,Under 15 years,573,,,
DATAFLOW,STATSNZ:CEN23_ECI_006(1.0),"Birthplace and age for the census usually resident population count, (RC, TALB, SA2, Health), 2013, 2018, and 2023 Censuses",I,2023,2023,9999,Total - New Zealand by regional council,B0408,Wales,1,Under 15 years,237,,,
DATAFLOW,STATSNZ:CEN23_ECI_006(1.0),"Birthplace and age for the census usually resident population count, (RC, TALB, SA2, Health), 2013, 2018, and 2023 Censuses",I,2023,2023,9999,Total - New Zealand by regional council,B0704,Viet Nam,01,0-4 years,84,,,
DATAFLOW,STATSNZ:CEN23_ECI_006(1.0),"Birthplace and age for the census usually resident population count, (RC, TALB, SA2, Health), 2013, 2018, and 2023 Censuses",I,2023,2023,9999,Total - New Zealand by regional council,999999,Total - birthplace,06,25-29 years,335715,,,
DATAFLOW,STATSNZ:CEN23_ECI_006(1.0),"Birthplace and age for the census usually resident population count, (RC, TALB, SA2, Health), 2013, 2018, and 2023 Censuses",I,2023,2023,9999,Total - New Zealand by regional council,B1006,Colombia,19,90 years and over,0,,,
DATAFLOW,STATSNZ:CEN23_ECI_006(1.0),"Birthplace and age for the census usually resident population count, (RC, TALB, SA2, Health), 2013, 2018, and 2023 Censuses",I,2023,2023,9999,Total - New Zealand by regional council,B0609,Other Oceania and Antarctica,08,35-39 years,675,,,
DATAFLOW,STATSNZ:CEN23_ECI_006(1.0),"Birthplace and age for the census usually resident population count, (RC, TALB, SA2, Health), 2013, 2018, and 2023 Censuses",I,2023,2023,9999,Total - New Zealand by regional council,B0414,Belgium,04,15-19 years,60,,,
DATAFLOW,STATSNZ:CEN23_ECI_006(1.0),"Birthplace and age for the census usually resident population count, (RC, TALB, SA2, Health), 2013, 2018, and 2023 Censuses",I,2023,2023,9999,Total - New Zealand by regional council,C,Not elsewhere included,13,60-64 years,2559,,,
DATAFLOW,STATSNZ:CEN23_ECI_006(1.0),"Birthplace and age for the census usually resident population count, (RC, TALB, SA2, Health), 2013, 2018, and 2023 Censuses",I,2023,2023,9999,Total - New Zealand by regional council,B0207,Kiribati,16,75-79 years,18,,,
DATAFLOW,STATSNZ:CEN23_ECI_006(1.0),"Birthplace and age for the census usually resident population count, (RC, TALB, SA2, Health), 2013, 2018, and 2023 Censuses",I,2023,2023,9999,Total - New Zealand by regional council,B0409,Northern Ireland,3,30-64 years,2343,,,
DATAFLOW,STATSNZ:CEN23_ECI_006(1.0),"Birthplace and age for the census usually resident population count, (RC, TALB, SA2, Health), 2013, 2018, and 2023 Censuses",I,2023,2023,9999,Total - New Zealand by regional council,B0603,Saudi Arabia,16,75-79 years,0,,,
DATAFLOW,STATSNZ:CEN23_ECI_006(1.0),"Birthplace and age for the census usually resident population count, (RC, TALB, SA2, Health), 2013, 2018, and 2023 Censuses",I,2023,2023,9999,Total - New Zealand by regional council,B0413,Austria,18,85-89 years,57,,,
DATAFLOW,STATSNZ:CEN23_ECI_006(1.0),"Birthplace and age for the census usually resident population count, (RC, TALB, SA2, Health), 2013, 2018, and 2023 Censuses",I,2023,2023,9999,Total - New Zealand by regional council,B0602,Iran,03,10-14 years,138,,,
DATAFLOW,STATSNZ:CEN23_ECI_006(1.0),"Birthplace and age for the census usually resident population count, (RC, TALB, SA2, Health), 2013, 2018, and 2023 Censuses",I,2023,2023,9999,Total - New Zealand by regional council,B0904,Afghanistan,05,20-24 years,555,,,
DATAFLOW,STATSNZ:CEN23_ECI_006(1.0),"Birthplace and age for the census usually resident population count, (RC, TALB, SA2, Health), 2013, 2018, and 2023 Censuses",I,2023,2023,9999,Total - New Zealand by regional council,B1007,Mexico,Median,Median - age,35.7,,,
DATAFLOW,STATSNZ:CEN23_ECI_006(1.0),"Birthplace and age for the census usually resident population count, (RC, TALB, SA2, Health), 2013, 2018, and 2023 Censuses",I,2023,2023,9999,Total - New Zealand by regional council,B0202,Samoa,03,10-14 years,2040,,,
DATAFLOW,STATSNZ:CEN23_ECI_006(1.0),"Birthplace and age for the census usually resident population count, (RC, TALB, SA2, Health), 2013, 2018, and 2023 Censuses",I,2023,2023,9999,Total - New Zealand by regional council,B01,Australia,09,40-44 years,5808,,,
DATAFLOW,STATSNZ:CEN23_ECI_006(1.0),"Birthplace and age for the census usually resident population count, (RC, TALB, SA2, Health), 2013, 2018, and 2023 Censuses",I,2023,2023,9999,Total - New Zealand by regional council,B0601,Iraq,08,35-39 years,612,,,
DATAFLOW,STATSNZ:CEN23_ECI_006(1.0),"Birthplace and age for the census usually resident population count, (RC, TALB, SA2, Health), 2013, 2018, and 2023 Censuses",I,2023,2023,9999,Total - New Zealand by regional council,B0507,Croatia,12,55-59 years,141,,,
DATAFLOW,STATSNZ:CEN23_ECI_006(1.0),"Birthplace and age for the census usually resident population count, (RC, TALB, SA2, Health), 2013, 2018, and 2023 Censuses",I,2023,2023,9999,Total - New Zealand by regional council,B1103,Kenya,4,65 years and over,519,,,
DATAFLOW,STATSNZ:CEN23_ECI_006(1.0),"Birthplace and age for the census usually resident population count, (RC, TALB, SA2, Health), 2013, 2018, and 2023 Censuses",I,2023,2023,9999,Total - New Zealand by regional council,B0403,Germany,12,55-59 years,1536,,,
DATAFLOW,STATSNZ:CEN23_ECI_006(1.0),"Birthplace and age for the census usually resident population count, (RC, TALB, SA2, Health), 2013, 2018, and 2023 Censuses",I,2023,2023,9999,Total - New Zealand by regional council,B12,At sea,2,15-29 years,0,,,
DATAFLOW,STATSNZ:CEN23_ECI_006(1.0),"Birthplace and age for the census usually resident population count, (RC, TALB, SA2, Health), 2013, 2018, and 2023 Censuses",I,2023,2023,9999,Total - New Zealand by regional council,B0502,Italy,18,85-89 years,51,,,
DATAFLOW,STATSNZ:CEN23_ECI_006(1.0),"Birthplace and age for the census usually resident population count, (RC, TALB, SA2, Health), 2013, 2018, and 2023 Censuses",I,2023,2023,9999,Total - New Zealand by regional council,B06,North Africa and the Middle East,11,50-54 years,1671,,,
DATAFLOW,STATSNZ:CEN23_ECI_006(1.0),"Birthplace and age for the census usually resident population count, (RC, TALB, SA2, Health), 2013, 2018, and 2023 Censuses",I,2023,2023,9999,Total - New Zealand by regional council,B0902,Sri Lanka,15,70-74 years,543,,,
DATAFLOW,STATSNZ:CEN23_ECI_006(1.0),"Birthplace and age for the census usually resident population count, (RC, TALB, SA2, Health), 2013, 2018, and 2023 Censuses",I,2023,2023,9999,Total - New Zealand by regional council,B0212,Other,07,30-34 years,330,,,
DATAFLOW,STATSNZ:CEN23_ECI_006(1.0),"Birthplace and age for the census usually resident population count, (RC, TALB, SA2, Health), 2013, 2018, and 2023 Censuses",I,2023,2023,9999,Total - New Zealand by regional council,B0209,Papua New Guinea,10,45-49 years,168,,,
DATAFLOW,STATSNZ:CEN23_ECI_006(1.0),"Birthplace and age for the census usually resident population count, (RC, TALB, SA2, Health), 2013, 2018, and 2023 Censuses",I,2023,2023,9999,Total - New Zealand by regional council,B0601,Iraq,2,15-29 years,792,,,
DATAFLOW,STATSNZ:CEN23_ECI_006(1.0),"Birthplace and age for the census usually resident population count, (RC, TALB, SA2, Health), 2013, 2018, and 2023 Censuses",I,2023,2023,9999,Total - New Zealand by regional council,B0511,Greece,07,30-34 years,36,,,
DATAFLOW,STATSNZ:CEN23_ECI_006(1.0),"Birthplace and age for the census usually resident population count, (RC, TALB, SA2, Health), 2013, 2018, and 2023 Censuses",I,2023,2023,9999,Total - New Zealand by regional council,B0212,Other,09,40-44 years,192,,,
DATAFLOW,STATSNZ:CEN23_ECI_006(1.0),"Birthplace and age for the census usually resident population count, (RC, TALB, SA2, Health), 2013, 2018, and 2023 Censuses",I,2023,2023,9999,Total - New Zealand by regional council,999999,Total - birthplace,99,Total - age,4993923,,,
DATAFLOW,STATSNZ:CEN23_ECI_006(1.0),"Birthplace and age for the census usually resident population count, (RC, TALB, SA2, Health), 2013, 2018, and 2023 Censuses",I,2023,2023,9999,Total - New Zealand by regional council,B0902,Sri Lanka,13,60-64 years,807,,,
DATAFLOW,STATSNZ:CEN23_ECI_006(1.0),"Birthplace and age for the census usually resident population count, (RC, TALB, SA2, Health), 2013, 2018, and 2023 Censuses",I,2023,2023,9999,Total - New Zealand by regional council,B0605,United Arab Emirates,19,90 years and over,0,,,
DATAFLOW,STATSNZ:CEN23_ECI_006(1.0),"Birthplace and age for the census usually resident population count, (RC, TALB, SA2, Health), 2013, 2018, and 2023 Censuses",I,2023,2023,9999,Total - New Zealand by regional council,B0703,Thailand,04,15-19 years,867,,,
DATAFLOW,STATSNZ:CEN23_ECI_006(1.0),"Birthplace and age for the census usually resident population count, (RC, TALB, SA2, Health), 2013, 2018, and 2023 Censuses",I,2023,2023,9999,Total - New Zealand by regional council,B1103,Kenya,11,50-54 years,126,,,
DATAFLOW,STATSNZ:CEN23_ECI_006(1.0),"Birthplace and age for the census usually resident population count, (RC, TALB, SA2, Health), 2013, 2018, and 2023 Censuses",I,2023,2023,9999,Total - New Zealand by regional council,B0708,Myanmar,09,40-44 years,453,,,
DATAFLOW,STATSNZ:CEN23_ECI_006(1.0),"Birthplace and age for the census usually resident population count, (RC, TALB, SA2, Health), 2013, 2018, and 2023 Censuses",I,2023,2023,9999,Total - New Zealand by regional council,B0708,Myanmar,02,5-9 years,57,,,
DATAFLOW,STATSNZ:CEN23_ECI_006(1.0),"Birthplace and age for the census usually resident population count, (RC, TALB, SA2, Health), 2013, 2018, and 2023 Censuses",I,2023,2023,9999,Total - New Zealand by regional council,B0605,United Arab Emirates,05,20-24 years,246,,,
DATAFLOW,STATSNZ:CEN23_ECI_006(1.0),"Birthplace and age for the census usually resident population count, (RC, TALB, SA2, Health), 2013, 2018, and 2023 Censuses",I,2023,2023,9999,Total - New Zealand by regional council,B0204,Cook Islands,Median,Median - age,54.9,,,
DATAFLOW,STATSNZ:CEN23_ECI_006(1.0),"Birthplace and age for the census usually resident population count, (RC, TALB, SA2, Health), 2013, 2018, and 2023 Censuses",I,2023,2023,9999,Total - New Zealand by regional council,B0508,Spain,02,5-9 years,63,,,
DATAFLOW,STATSNZ:CEN23_ECI_006(1.0),"Birthplace and age for the census usually resident population count, (RC, TALB, SA2, Health), 2013, 2018, and 2023 Censuses",I,2023,2023,9999,Total - New Zealand by regional council,B1103,Kenya,Median,Median - age,54,,,
DATAFLOW,STATSNZ:CEN23_ECI_006(1.0),"Birthplace and age for the census usually resident population count, (RC, TALB, SA2, Health), 2013, 2018, and 2023 Censuses",I,2023,2023,9999,Total - New Zealand by regional council,B0701,Philippines,01,0-4 years,840,,,
DATAFLOW,STATSNZ:CEN23_ECI_006(1.0),"Birthplace and age for the census usually resident population count, (RC, TALB, SA2, Health), 2013, 2018, and 2023 Censuses",I,2023,2023,9999,Total - New Zealand by regional council,B0903,Pakistan,15,70-74 years,81,,,
DATAFLOW,STATSNZ:CEN23_ECI_006(1.0),"Birthplace and age for the census usually resident population count, (RC, TALB, SA2, Health), 2013, 2018, and 2023 Censuses",I,2023,2023,9999,Total - New Zealand by regional council,B0606,Syria,02,5-9 years,87,,,
DATAFLOW,STATSNZ:CEN23_ECI_006(1.0),"Birthplace and age for the census usually resident population count, (RC, TALB, SA2, Health), 2013, 2018, and 2023 Censuses",I,2023,2023,9999,Total - New Zealand by regional council,B1003,Brazil,16,75-79 years,6,,,
DATAFLOW,STATSNZ:CEN23_ECI_006(1.0),"Birthplace and age for the census usually resident population count, (RC, TALB, SA2, Health), 2013, 2018, and 2023 Censuses",I,2023,2023,9999,Total - New Zealand by regional council,B0204,Cook Islands,16,75-79 years,588,,,
DATAFLOW,STATSNZ:CEN23_ECI_006(1.0),"Birthplace and age for the census usually resident population count, (RC, TALB, SA2, Health), 2013, 2018, and 2023 Censuses",I,2023,2023,9999,Total - New Zealand by regional council,B0201,Fiji,14,65-69 years,3447,,,
DATAFLOW,STATSNZ:CEN23_ECI_006(1.0),"Birthplace and age for the census usually resident population count, (RC, TALB, SA2, Health), 2013, 2018, and 2023 Censuses",I,2023,2023,9999,Total - New Zealand by regional council,B0507,Croatia,19,90 years and over,48,,,
DATAFLOW,STATSNZ:CEN23_ECI_006(1.0),"Birthplace and age for the census usually resident population count, (RC, TALB, SA2, Health), 2013, 2018, and 2023 Censuses",I,2023,2023,9999,Total - New Zealand by regional council,B0212,Other,1,Under 15 years,138,,,
DATAFLOW,STATSNZ:CEN23_ECI_006(1.0),"Birthplace and age for the census usually resident population count, (RC, TALB, SA2, Health), 2013, 2018, and 2023 Censuses",I,2023,2023,9999,Total - New Zealand by regional council,B0406,Ireland,19,90 years and over,141,,,
DATAFLOW,STATSNZ:CEN23_ECI_006(1.0),"Birthplace and age for the census usually resident population count, (RC, TALB, SA2, Health), 2013, 2018, and 2023 Censuses",I,2023,2023,9999,Total - New Zealand by regional council,B0607,Israel,19,90 years and over,3,,,
DATAFLOW,STATSNZ:CEN23_ECI_006(1.0),"Birthplace and age for the census usually resident population count, (RC, TALB, SA2, Health), 2013, 2018, and 2023 Censuses",I,2023,2023,9999,Total - New Zealand by regional council,B05,Southern and Eastern Europe,07,30-34 years,4308,,,
DATAFLOW,STATSNZ:CEN23_ECI_006(1.0),"Birthplace and age for the census usually resident population count, (RC, TALB, SA2, Health), 2013, 2018, and 2023 Censuses",I,2023,2023,9999,Total - New Zealand by regional council,B0202,Samoa,05,20-24 years,5409,,,
DATAFLOW,STATSNZ:CEN23_ECI_006(1.0),"Birthplace and age for the census usually resident population count, (RC, TALB, SA2, Health), 2013, 2018, and 2023 Censuses",I,2023,2023,9999,Total - New Zealand by regional council,B0203,Tonga,08,35-39 years,2913,,,
DATAFLOW,STATSNZ:CEN23_ECI_006(1.0),"Birthplace and age for the census usually resident population count, (RC, TALB, SA2, Health), 2013, 2018, and 2023 Censuses",I,2023,2023,9999,Total - New Zealand by regional council,B0906,Bangladesh,07,30-34 years,666,,,
DATAFLOW,STATSNZ:CEN23_ECI_006(1.0),"Birthplace and age for the census usually resident population count, (RC, TALB, SA2, Health), 2013, 2018, and 2023 Censuses",I,2023,2023,9999,Total - New Zealand by regional council,B0207,Kiribati,11,50-54 years,207,,,
DATAFLOW,STATSNZ:CEN23_ECI_006(1.0),"Birthplace and age for the census usually resident population count, (RC, TALB, SA2, Health), 2013, 2018, and 2023 Censuses",I,2023,2023,9999,Total - New Zealand by regional council,B1107,Other Sub-Saharan Africa,10,45-49 years,576,,,
DATAFLOW,STATSNZ:CEN23_ECI_006(1.0),"Birthplace and age for the census usually resident population count, (RC, TALB, SA2, Health), 2013, 2018, and 2023 Censuses",I,2023,2023,9999,Total - New Zealand by regional council,B0709,Other,99,Total - age,1512,,,
DATAFLOW,STATSNZ:CEN23_ECI_006(1.0),"Birthplace and age for the census usually resident population count, (RC, TALB, SA2, Health), 2013, 2018, and 2023 Censuses",I,2023,2023,9999,Total - New Zealand by regional council,B0702,Malaysia,06,25-29 years,2376,,,
DATAFLOW,STATSNZ:CEN23_ECI_006(1.0),"Birthplace and age for the census usually resident population count, (RC, TALB, SA2, Health), 2013, 2018, and 2023 Censuses",I,2023,2023,9999,Total - New Zealand by regional council,B0207,Kiribati,99,Total - age,2844,,,
DATAFLOW,STATSNZ:CEN23_ECI_006(1.0),"Birthplace and age for the census usually resident population count, (RC, TALB, SA2, Health), 2013, 2018, and 2023 Censuses",I,2023,2023,9999,Total - New Zealand by regional council,B0206,Vanuatu,15,70-74 years,12,,,
DATAFLOW,STATSNZ:CEN23_ECI_006(1.0),"Birthplace and age for the census usually resident population count, (RC, TALB, SA2, Health), 2013, 2018, and 2023 Censuses",I,2023,2023,9999,Total - New Zealand by regional council,B0201,Fiji,09,40-44 years,8688,,,
DATAFLOW,STATSNZ:CEN23_ECI_006(1.0),"Birthplace and age for the census usually resident population count, (RC, TALB, SA2, Health), 2013, 2018, and 2023 Censuses",I,2023,2023,9999,Total - New Zealand by regional council,B1006,Colombia,02,5-9 years,102,,,
DATAFLOW,STATSNZ:CEN23_ECI_006(1.0),"Birthplace and age for the census usually resident population count, (RC, TALB, SA2, Health), 2013, 2018, and 2023 Censuses",I,2023,2023,9999,Total - New Zealand by regional council,B0703,Thailand,08,35-39 years,1278,,,
DATAFLOW,STATSNZ:CEN23_ECI_006(1.0),"Birthplace and age for the census usually resident population count, (RC, TALB, SA2, Health), 2013, 2018, and 2023 Censuses",I,2023,2023,9999,Total - New Zealand by regional council,B02,Pacific Islands,13,60-64 years,13683,,,
DATAFLOW,STATSNZ:CEN23_ECI_006(1.0),"Birthplace and age for the census usually resident population count, (RC, TALB, SA2, Health), 2013, 2018, and 2023 Censuses",I,2023,2023,9999,Total - New Zealand by regional council,B0416,Other,11,50-54 years,108,,,
DATAFLOW,STATSNZ:CEN23_ECI_006(1.0),"Birthplace and age for the census usually resident population count, (RC, TALB, SA2, Health), 2013, 2018, and 2023 Censuses",I,2023,2023,9999,Total - New Zealand by regional council,B10,The Americas,05,20-24 years,4560,,,
DATAFLOW,STATSNZ:CEN23_ECI_006(1.0),"Birthplace and age for the census usually resident population count, (RC, TALB, SA2, Health), 2013, 2018, and 2023 Censuses",I,2023,2023,9999,Total - New Zealand by regional council,B0407,France,06,25-29 years,1077,,,
DATAFLOW,STATSNZ:CEN23_ECI_006(1.0),"Birthplace and age for the census usually resident population count, (RC, TALB, SA2, Health), 2013, 2018, and 2023 Censuses",I,2023,2023,9999,Total - New Zealand by regional council,B0512,Other,14,65-69 years,423,,,
DATAFLOW,STATSNZ:CEN23_ECI_006(1.0),"Birthplace and age for the census usually resident population count, (RC, TALB, SA2, Health), 2013, 2018, and 2023 Censuses",I,2023,2023,9999,Total - New Zealand by regional council,B0207,Kiribati,10,45-49 years,189,,,
DATAFLOW,STATSNZ:CEN23_ECI_006(1.0),"Birthplace and age for the census usually resident population count, (RC, TALB, SA2, Health), 2013, 2018, and 2023 Censuses",I,2023,2023,9999,Total - New Zealand by regional council,B0415,Channel Islands,19,90 years and over,24,,,
DATAFLOW,STATSNZ:CEN23_ECI_006(1.0),"Birthplace and age for the census usually resident population count, (RC, TALB, SA2, Health), 2013, 2018, and 2023 Censuses",I,2023,2023,9999,Total - New Zealand by regional council,B0906,Bangladesh,02,5-9 years,114,,,
DATAFLOW,STATSNZ:CEN23_ECI_006(1.0),"Birthplace and age for the census usually resident population count, (RC, TALB, SA2, Health), 2013, 2018, and 2023 Censuses",I,2023,2023,9999,Total - New Zealand by regional council,B0407,France,09,40-44 years,780,,,
DATAFLOW,STATSNZ:CEN23_ECI_006(1.0),"Birthplace and age for the census usually resident population count, (RC, TALB, SA2, Health), 2013, 2018, and 2023 Censuses",I,2023,2023,9999,Total - New Zealand by regional council,B0504,Poland,11,50-54 years,147,,,
DATAFLOW,STATSNZ:CEN23_ECI_006(1.0),"Birthplace and age for the census usually resident population count, (RC, TALB, SA2, Health), 2013, 2018, and 2023 Censuses",I,2023,2023,9999,Total - New Zealand by regional council,B0707,Singapore,19,90 years and over,9,,,
DATAFLOW,STATSNZ:CEN23_ECI_006(1.0),"Birthplace and age for the census usually resident population count, (RC, TALB, SA2, Health), 2013, 2018, and 2023 Censuses",I,2023,2023,9999,Total - New Zealand by regional council,B0608,Turkey,4,65 years and over,66,,,
DATAFLOW,STATSNZ:CEN23_ECI_006(1.0),"Birthplace and age for the census usually resident population count, (RC, TALB, SA2, Health), 2013, 2018, and 2023 Censuses",I,2023,2023,9999,Total - New Zealand by regional council,B0402,Scotland,17,80-84 years,1809,,,
DATAFLOW,STATSNZ:CEN23_ECI_006(1.0),"Birthplace and age for the census usually resident population count, (RC, TALB, SA2, Health), 2013, 2018, and 2023 Censuses",I,2023,2023,9999,Total - New Zealand by regional council,B1005,Argentina,4,65 years and over,132,,,
DATAFLOW,STATSNZ:CEN23_ECI_006(1.0),"Birthplace and age for the census usually resident population count, (RC, TALB, SA2, Health), 2013, 2018, and 2023 Censuses",I,2023,2023,9999,Total - New Zealand by regional council,B0507,Croatia,07,30-34 years,138,,,
DATAFLOW,STATSNZ:CEN23_ECI_006(1.0),"Birthplace and age for the census usually resident population count, (RC, TALB, SA2, Health), 2013, 2018, and 2023 Censuses",I,2023,2023,9999,Total - New Zealand by regional council,B1002,Canada,08,35-39 years,1293,,,
DATAFLOW,STATSNZ:CEN23_ECI_006(1.0),"Birthplace and age for the census usually resident population count, (RC, TALB, SA2, Health), 2013, 2018, and 2023 Censuses",I,2023,2023,9999,Total - New Zealand by regional council,B0507,Croatia,01,0-4 years,0,,,
DATAFLOW,STATSNZ:CEN23_ECI_006(1.0),"Birthplace and age for the census usually resident population count, (RC, TALB, SA2, Health), 2013, 2018, and 2023 Censuses",I,2023,2023,9999,Total - New Zealand by regional council,B0707,Singapore,09,40-44 years,471,,,
DATAFLOW,STATSNZ:CEN23_ECI_006(1.0),"Birthplace and age for the census usually resident population count, (RC, TALB, SA2, Health), 2013, 2018, and 2023 Censuses",I,2023,2023,9999,Total - New Zealand by regional council,B07,South-East Asia,10,45-49 years,17259,,,
DATAFLOW,STATSNZ:CEN23_ECI_006(1.0),"Birthplace and age for the census usually resident population count, (RC, TALB, SA2, Health), 2013, 2018, and 2023 Censuses",I,2023,2023,9999,Total - New Zealand by regional council,B1008,Other Americas,09,40-44 years,552,,,
DATAFLOW,STATSNZ:CEN23_ECI_006(1.0),"Birthplace and age for the census usually resident population count, (RC, TALB, SA2, Health), 2013, 2018, and 2023 Censuses",I,2023,2023,9999,Total - New Zealand by regional council,B0403,Germany,09,40-44 years,1590,,,
DATAFLOW,STATSNZ:CEN23_ECI_006(1.0),"Birthplace and age for the census usually resident population count, (RC, TALB, SA2, Health), 2013, 2018, and 2023 Censuses",I,2023,2023,9999,Total - New Zealand by regional council,B0605,United Arab Emirates,4,65 years and over,3,,,
DATAFLOW,STATSNZ:CEN23_ECI_006(1.0),"Birthplace and age for the census usually resident population count, (RC, TALB, SA2, Health), 2013, 2018, and 2023 Censuses",I,2023,2023,9999,Total - New Zealand by regional council,B0905,Nepal,09,40-44 years,396,,,
DATAFLOW,STATSNZ:CEN23_ECI_006(1.0),"Birthplace and age for the census usually resident population count, (RC, TALB, SA2, Health), 2013, 2018, and 2023 Censuses",I,2023,2023,9999,Total - New Zealand by regional council,B0411,Sweden,13,60-64 years,90,,,
DATAFLOW,STATSNZ:CEN23_ECI_006(1.0),"Birthplace and age for the census usually resident population count, (RC, TALB, SA2, Health), 2013, 2018, and 2023 Censuses",I,2023,2023,9999,Total - New Zealand by regional council,B0502,Italy,13,60-64 years,114,,,
DATAFLOW,STATSNZ:CEN23_ECI_006(1.0),"Birthplace and age for the census usually resident population count, (RC, TALB, SA2, Health), 2013, 2018, and 2023 Censuses",I,2023,2023,9999,Total - New Zealand by regional council,B0212,Other,02,5-9 years,48,,,
DATAFLOW,STATSNZ:CEN23_ECI_006(1.0),"Birthplace and age for the census usually resident population count, (RC, TALB, SA2, Health), 2013, 2018, and 2023 Censuses",I,2023,2023,9999,Total - New Zealand by regional council,B0505,Romania,10,45-49 years,321,,,
DATAFLOW,STATSNZ:CEN23_ECI_006(1.0),"Birthplace and age for the census usually resident population count, (RC, TALB, SA2, Health), 2013, 2018, and 2023 Censuses",I,2023,2023,9999,Total - New Zealand by regional council,B0607,Israel,05,20-24 years,99,,,
DATAFLOW,STATSNZ:CEN23_ECI_006(1.0),"Birthplace and age for the census usually resident population count, (RC, TALB, SA2, Health), 2013, 2018, and 2023 Censuses",I,2023,2023,9999,Total - New Zealand by regional council,B0504,Poland,Median,Median - age,44.5,,,
DATAFLOW,STATSNZ:CEN23_ECI_006(1.0),"Birthplace and age for the census usually resident population count, (RC, TALB, SA2, Health), 2013, 2018, and 2023 Censuses",I,2023,2023,9999,Total - New Zealand by regional council,B0206,Vanuatu,14,65-69 years,15,,,
DATAFLOW,STATSNZ:CEN23_ECI_006(1.0),"Birthplace and age for the census usually resident population count, (RC, TALB, SA2, Health), 2013, 2018, and 2023 Censuses",I,2023,2023,9999,Total - New Zealand by regional council,B0402,Scotland,11,50-54 years,2052,,,
DATAFLOW,STATSNZ:CEN23_ECI_006(1.0),"Birthplace and age for the census usually resident population count, (RC, TALB, SA2, Health), 2013, 2018, and 2023 Censuses",I,2023,2023,9999,Total - New Zealand by regional council,B0411,Sweden,03,10-14 years,105,,,
DATAFLOW,STATSNZ:CEN23_ECI_006(1.0),"Birthplace and age for the census usually resident population count, (RC, TALB, SA2, Health), 2013, 2018, and 2023 Censuses",I,2023,2023,9999,Total - New Zealand by regional council,B0412,Denmark,03,10-14 years,54,,,
DATAFLOW,STATSNZ:CEN23_ECI_006(1.0),"Birthplace and age for the census usually resident population count, (RC, TALB, SA2, Health), 2013, 2018, and 2023 Censuses",I,2023,2023,9999,Total - New Zealand by regional council,B1106,Somalia,14,65-69 years,33,,,
DATAFLOW,STATSNZ:CEN23_ECI_006(1.0),"Birthplace and age for the census usually resident population count, (RC, TALB, SA2, Health), 2013, 2018, and 2023 Censuses",I,2023,2023,9999,Total - New Zealand by regional council,B0414,Belgium,01,0-4 years,12,,,
DATAFLOW,STATSNZ:CEN23_ECI_006(1.0),"Birthplace and age for the census usually resident population count, (RC, TALB, SA2, Health), 2013, 2018, and 2023 Censuses",I,2023,2023,9999,Total - New Zealand by regional council,B0415,Channel Islands,10,45-49 years,57,,,
DATAFLOW,STATSNZ:CEN23_ECI_006(1.0),"Birthplace and age for the census usually resident population count, (RC, TALB, SA2, Health), 2013, 2018, and 2023 Censuses",I,2023,2023,9999,Total - New Zealand by regional council,B0801,"China, People's Republic of",04,15-19 years,4437,,,
DATAFLOW,STATSNZ:CEN23_ECI_006(1.0),"Birthplace and age for the census usually resident population count, (RC, TALB, SA2, Health), 2013, 2018, and 2023 Censuses",I,2023,2023,9999,Total - New Zealand by regional council,B0504,Poland,10,45-49 years,300,,,
DATAFLOW,STATSNZ:CEN23_ECI_006(1.0),"Birthplace and age for the census usually resident population count, (RC, TALB, SA2, Health), 2013, 2018, and 2023 Censuses",I,2023,2023,9999,Total - New Zealand by regional council,B1008,Other Americas,08,35-39 years,693,,,
DATAFLOW,STATSNZ:CEN23_ECI_006(1.0),"Birthplace and age for the census usually resident population count, (RC, TALB, SA2, Health), 2013, 2018, and 2023 Censuses",I,2023,2023,9999,Total - New Zealand by regional council,A,New Zealand,12,55-59 years,207219,,,
DATAFLOW,STATSNZ:CEN23_ECI_006(1.0),"Birthplace and age for the census usually resident population count, (RC, TALB, SA2, Health), 2013, 2018, and 2023 Censuses",I,2023,2023,9999,Total - New Zealand by regional council,B0901,India,07,30-34 years,33387,,,
DATAFLOW,STATSNZ:CEN23_ECI_006(1.0),"Birthplace and age for the census usually resident population count, (RC, TALB, SA2, Health), 2013, 2018, and 2023 Censuses",I,2023,2023,9999,Total - New Zealand by regional council,B0511,Greece,02,5-9 years,9,,,
DATAFLOW,STATSNZ:CEN23_ECI_006(1.0),"Birthplace and age for the census usually resident population count, (RC, TALB, SA2, Health), 2013, 2018, and 2023 Censuses",I,2023,2023,9999,Total - New Zealand by regional council,B1002,Canada,09,40-44 years,1290,,,
DATAFLOW,STATSNZ:CEN23_ECI_006(1.0),"Birthplace and age for the census usually resident population count, (RC, TALB, SA2, Health), 2013, 2018, and 2023 Censuses",I,2023,2023,9999,Total - New Zealand by regional council,B0207,Kiribati,19,90 years and over,0,,,
DATAFLOW,STATSNZ:CEN23_ECI_006(1.0),"Birthplace and age for the census usually resident population count, (RC, TALB, SA2, Health), 2013, 2018, and 2023 Censuses",I,2023,2023,9999,Total - New Zealand by regional council,B0206,Vanuatu,4,65 years and over,42,,,
DATAFLOW,STATSNZ:CEN23_ECI_006(1.0),"Birthplace and age for the census usually resident population count, (RC, TALB, SA2, Health), 2013, 2018, and 2023 Censuses",I,2023,2023,9999,Total - New Zealand by regional council,B0606,Syria,4,65 years and over,90,,,
DATAFLOW,STATSNZ:CEN23_ECI_006(1.0),"Birthplace and age for the census usually resident population count, (RC, TALB, SA2, Health), 2013, 2018, and 2023 Censuses",I,2023,2023,9999,Total - New Zealand by regional council,B0608,Turkey,Median,Median - age,40.1,,,
DATAFLOW,STATSNZ:CEN23_ECI_006(1.0),"Birthplace and age for the census usually resident population count, (RC, TALB, SA2, Health), 2013, 2018, and 2023 Censuses",I,2023,2023,9999,Total - New Zealand by regional council,B0512,Other,19,90 years and over,72,,,
DATAFLOW,STATSNZ:CEN23_ECI_006(1.0),"Birthplace and age for the census usually resident population count, (RC, TALB, SA2, Health), 2013, 2018, and 2023 Censuses",I,2023,2023,9999,Total - New Zealand by regional council,A,New Zealand,06,25-29 years,215796,,,
DATAFLOW,STATSNZ:CEN23_ECI_006(1.0),"Birthplace and age for the census usually resident population count, (RC, TALB, SA2, Health), 2013, 2018, and 2023 Censuses",I,2023,2023,9999,Total - New Zealand by regional council,B0603,Saudi Arabia,03,10-14 years,198,,,
DATAFLOW,STATSNZ:CEN23_ECI_006(1.0),"Birthplace and age for the census usually resident population count, (RC, TALB, SA2, Health), 2013, 2018, and 2023 Censuses",I,2023,2023,9999,Total - New Zealand by regional council,B0212,Other,10,45-49 years,153,,,
DATAFLOW,STATSNZ:CEN23_ECI_006(1.0),"Birthplace and age for the census usually resident population count, (RC, TALB, SA2, Health), 2013, 2018, and 2023 Censuses",I,2023,2023,9999,Total - New Zealand by regional council,B0411,Sweden,16,75-79 years,63,,,
DATAFLOW,STATSNZ:CEN23_ECI_006(1.0),"Birthplace and age for the census usually resident population count, (RC, TALB, SA2, Health), 2013, 2018, and 2023 Censuses",I,2023,2023,9999,Total - New Zealand by regional council,B0704,Viet Nam,17,80-84 years,84,,,
DATAFLOW,STATSNZ:CEN23_ECI_006(1.0),"Birthplace and age for the census usually resident population count, (RC, TALB, SA2, Health), 2013, 2018, and 2023 Censuses",I,2023,2023,9999,Total - New Zealand by regional council,B1107,Other Sub-Saharan Africa,04,15-19 years,342,,,
DATAFLOW,STATSNZ:CEN23_ECI_006(1.0),"Birthplace and age for the census usually resident population count, (RC, TALB, SA2, Health), 2013, 2018, and 2023 Censuses",I,2023,2023,9999,Total - New Zealand by regional council,B0405,United Kingdom (not further defined),02,5-9 years,153,,,
DATAFLOW,STATSNZ:CEN23_ECI_006(1.0),"Birthplace and age for the census usually resident population count, (RC, TALB, SA2, Health), 2013, 2018, and 2023 Censuses",I,2023,2023,9999,Total - New Zealand by regional council,B0206,Vanuatu,03,10-14 years,15,,,
DATAFLOW,STATSNZ:CEN23_ECI_006(1.0),"Birthplace and age for the census usually resident population count, (RC, TALB, SA2, Health), 2013, 2018, and 2023 Censuses",I,2023,2023,9999,Total - New Zealand by regional council,B0803,Japan,14,65-69 years,264,,,
DATAFLOW,STATSNZ:CEN23_ECI_006(1.0),"Birthplace and age for the census usually resident population count, (RC, TALB, SA2, Health), 2013, 2018, and 2023 Censuses",I,2023,2023,9999,Total - New Zealand by regional council,B0605,United Arab Emirates,17,80-84 years,0,,,
DATAFLOW,STATSNZ:CEN23_ECI_006(1.0),"Birthplace and age for the census usually resident population count, (RC, TALB, SA2, Health), 2013, 2018, and 2023 Censuses",I,2023,2023,9999,Total - New Zealand by regional council,B0606,Syria,08,35-39 years,192,,,
DATAFLOW,STATSNZ:CEN23_ECI_006(1.0),"Birthplace and age for the census usually resident population count, (RC, TALB, SA2, Health), 2013, 2018, and 2023 Censuses",I,2023,2023,9999,Total - New Zealand by regional council,B0405,United Kingdom (not further defined),06,25-29 years,1050,,,
DATAFLOW,STATSNZ:CEN23_ECI_006(1.0),"Birthplace and age for the census usually resident population count, (RC, TALB, SA2, Health), 2013, 2018, and 2023 Censuses",I,2023,2023,9999,Total - New Zealand by regional council,B0206,Vanuatu,Median,Median - age,34.7,,,
DATAFLOW,STATSNZ:CEN23_ECI_006(1.0),"Birthplace and age for the census usually resident population count, (RC, TALB, SA2, Health), 2013, 2018, and 2023 Censuses",I,2023,2023,9999,Total - New Zealand by regional council,B0704,Viet Nam,02,5-9 years,366,,,
DATAFLOW,STATSNZ:CEN23_ECI_006(1.0),"Birthplace and age for the census usually resident population count, (RC, TALB, SA2, Health), 2013, 2018, and 2023 Censuses",I,2023,2023,9999,Total - New Zealand by regional council,B0902,Sri Lanka,19,90 years and over,54,,,
DATAFLOW,STATSNZ:CEN23_ECI_006(1.0),"Birthplace and age for the census usually resident population count, (RC, TALB, SA2, Health), 2013, 2018, and 2023 Censuses",I,2023,2023,9999,Total - New Zealand by regional council,B1101,South Africa,01,0-4 years,1065,,,
DATAFLOW,STATSNZ:CEN23_ECI_006(1.0),"Birthplace and age for the census usually resident population count, (RC, TALB, SA2, Health), 2013, 2018, and 2023 Censuses",I,2023,2023,9999,Total - New Zealand by regional council,B0608,Turkey,2,15-29 years,225,,,
DATAFLOW,STATSNZ:CEN23_ECI_006(1.0),"Birthplace and age for the census usually resident population count, (RC, TALB, SA2, Health), 2013, 2018, and 2023 Censuses",I,2023,2023,9999,Total - New Zealand by regional council,B,Overseas,Median,Median - age,41.2,,,
DATAFLOW,STATSNZ:CEN23_ECI_006(1.0),"Birthplace and age for the census usually resident population count, (RC, TALB, SA2, Health), 2013, 2018, and 2023 Censuses",I,2023,2023,9999,Total - New Zealand by regional council,B04,North-West Europe,03,10-14 years,7836,,,
DATAFLOW,STATSNZ:CEN23_ECI_006(1.0),"Birthplace and age for the census usually resident population count, (RC, TALB, SA2, Health), 2013, 2018, and 2023 Censuses",I,2023,2023,9999,Total - New Zealand by regional council,B0703,Thailand,1,Under 15 years,831,,,
DATAFLOW,STATSNZ:CEN23_ECI_006(1.0),"Birthplace and age for the census usually resident population count, (RC, TALB, SA2, Health), 2013, 2018, and 2023 Censuses",I,2023,2023,9999,Total - New Zealand by regional council,B1106,Somalia,08,35-39 years,216,,,
DATAFLOW,STATSNZ:CEN23_ECI_006(1.0),"Birthplace and age for the census usually resident population count, (RC, TALB, SA2, Health), 2013, 2018, and 2023 Censuses",I,2023,2023,9999,Total - New Zealand by regional council,B0506,Ukraine,2,15-29 years,261,,,
DATAFLOW,STATSNZ:CEN23_ECI_006(1.0),"Birthplace and age for the census usually resident population count, (RC, TALB, SA2, Health), 2013, 2018, and 2023 Censuses",I,2023,2023,9999,Total - New Zealand by regional council,B0703,Thailand,15,70-74 years,150,,,
DATAFLOW,STATSNZ:CEN23_ECI_006(1.0),"Birthplace and age for the census usually resident population count, (RC, TALB, SA2, Health), 2013, 2018, and 2023 Censuses",I,2023,2023,9999,Total - New Zealand by regional council,B0803,Japan,1,Under 15 years,939,,,
DATAFLOW,STATSNZ:CEN23_ECI_006(1.0),"Birthplace and age for the census usually resident population count, (RC, TALB, SA2, Health), 2013, 2018, and 2023 Censuses",I,2023,2023,9999,Total - New Zealand by regional council,B0608,Turkey,04,15-19 years,57,,,
DATAFLOW,STATSNZ:CEN23_ECI_006(1.0),"Birthplace and age for the census usually resident population count, (RC, TALB, SA2, Health), 2013, 2018, and 2023 Censuses",I,2023,2023,9999,Total - New Zealand by regional council,B0207,Kiribati,09,40-44 years,249,,,
DATAFLOW,STATSNZ:CEN23_ECI_006(1.0),"Birthplace and age for the census usually resident population count, (RC, TALB, SA2, Health), 2013, 2018, and 2023 Censuses",I,2023,2023,9999,Total - New Zealand by regional council,B1101,South Africa,07,30-34 years,8991,,,
DATAFLOW,STATSNZ:CEN23_ECI_006(1.0),"Birthplace and age for the census usually resident population count, (RC, TALB, SA2, Health), 2013, 2018, and 2023 Censuses",I,2023,2023,9999,Total - New Zealand by regional council,B1005,Argentina,05,20-24 years,264,,,
DATAFLOW,STATSNZ:CEN23_ECI_006(1.0),"Birthplace and age for the census usually resident population count, (RC, TALB, SA2, Health), 2013, 2018, and 2023 Censuses",I,2023,2023,9999,Total - New Zealand by regional council,B0804,Hong Kong (Special Administrative Region),1,Under 15 years,1488,,,
DATAFLOW,STATSNZ:CEN23_ECI_006(1.0),"Birthplace and age for the census usually resident population count, (RC, TALB, SA2, Health), 2013, 2018, and 2023 Censuses",I,2023,2023,9999,Total - New Zealand by regional council,B0401,England,2,15-29 years,26694,,,
DATAFLOW,STATSNZ:CEN23_ECI_006(1.0),"Birthplace and age for the census usually resident population count, (RC, TALB, SA2, Health), 2013, 2018, and 2023 Censuses",I,2023,2023,9999,Total - New Zealand by regional council,B0207,Kiribati,15,70-74 years,33,,,
DATAFLOW,STATSNZ:CEN23_ECI_006(1.0),"Birthplace and age for the census usually resident population count, (RC, TALB, SA2, Health), 2013, 2018, and 2023 Censuses",I,2023,2023,9999,Total - New Zealand by regional council,B02,Pacific Islands,04,15-19 years,8490,,,
DATAFLOW,STATSNZ:CEN23_ECI_006(1.0),"Birthplace and age for the census usually resident population count, (RC, TALB, SA2, Health), 2013, 2018, and 2023 Censuses",I,2023,2023,9999,Total - New Zealand by regional council,B0806,Other,4,65 years and over,105,,,
DATAFLOW,STATSNZ:CEN23_ECI_006(1.0),"Birthplace and age for the census usually resident population count, (RC, TALB, SA2, Health), 2013, 2018, and 2023 Censuses",I,2023,2023,9999,Total - New Zealand by regional council,B06,North Africa and the Middle East,15,70-74 years,672,,,
DATAFLOW,STATSNZ:CEN23_ECI_006(1.0),"Birthplace and age for the census usually resident population count, (RC, TALB, SA2, Health), 2013, 2018, and 2023 Censuses",I,2023,2023,9999,Total - New Zealand by regional council,B0804,Hong Kong (Special Administrative Region),17,80-84 years,189,,,
DATAFLOW,STATSNZ:CEN23_ECI_006(1.0),"Birthplace and age for the census usually resident population count, (RC, TALB, SA2, Health), 2013, 2018, and 2023 Censuses",I,2023,2023,9999,Total - New Zealand by regional council,B0208,Tuvalu,99,Total - age,2247,,,
DATAFLOW,STATSNZ:CEN23_ECI_006(1.0),"Birthplace and age for the census usually resident population count, (RC, TALB, SA2, Health), 2013, 2018, and 2023 Censuses",I,2023,2023,9999,Total - New Zealand by regional council,B0902,Sri Lanka,08,35-39 years,3156,,,
DATAFLOW,STATSNZ:CEN23_ECI_006(1.0),"Birthplace and age for the census usually resident population count, (RC, TALB, SA2, Health), 2013, 2018, and 2023 Censuses",I,2023,2023,9999,Total - New Zealand by regional council,B0905,Nepal,Median,Median - age,30.5,,,
DATAFLOW,STATSNZ:CEN23_ECI_006(1.0),"Birthplace and age for the census usually resident population count, (RC, TALB, SA2, Health), 2013, 2018, and 2023 Censuses",I,2023,2023,9999,Total - New Zealand by regional council,B0506,Ukraine,03,10-14 years,90,,,
DATAFLOW,STATSNZ:CEN23_ECI_006(1.0),"Birthplace and age for the census usually resident population count, (RC, TALB, SA2, Health), 2013, 2018, and 2023 Censuses",I,2023,2023,9999,Total - New Zealand by regional council,B0601,Iraq,11,50-54 years,477,,,
DATAFLOW,STATSNZ:CEN23_ECI_006(1.0),"Birthplace and age for the census usually resident population count, (RC, TALB, SA2, Health), 2013, 2018, and 2023 Censuses",I,2023,2023,9999,Total - New Zealand by regional council,B0801,"China, People's Republic of",18,85-89 years,1764,,,
DATAFLOW,STATSNZ:CEN23_ECI_006(1.0),"Birthplace and age for the census usually resident population count, (RC, TALB, SA2, Health), 2013, 2018, and 2023 Censuses",I,2023,2023,9999,Total - New Zealand by regional council,B0211,Solomon Islands,1,Under 15 years,45,,,
DATAFLOW,STATSNZ:CEN23_ECI_006(1.0),"Birthplace and age for the census usually resident population count, (RC, TALB, SA2, Health), 2013, 2018, and 2023 Censuses",I,2023,2023,9999,Total - New Zealand by regional council,B0407,France,16,75-79 years,78,,,
DATAFLOW,STATSNZ:CEN23_ECI_006(1.0),"Birthplace and age for the census usually resident population count, (RC, TALB, SA2, Health), 2013, 2018, and 2023 Censuses",I,2023,2023,9999,Total - New Zealand by regional council,B11,Sub-Saharan Africa,04,15-19 years,6561,,,
DATAFLOW,STATSNZ:CEN23_ECI_006(1.0),"Birthplace and age for the census usually resident population count, (RC, TALB, SA2, Health), 2013, 2018, and 2023 Censuses",I,2023,2023,9999,Total - New Zealand by regional council,B0708,Myanmar,18,85-89 years,33,,,
DATAFLOW,STATSNZ:CEN23_ECI_006(1.0),"Birthplace and age for the census usually resident population count, (RC, TALB, SA2, Health), 2013, 2018, and 2023 Censuses",I,2023,2023,9999,Total - New Zealand by regional council,B0205,Niue,01,0-4 years,3,,,
DATAFLOW,STATSNZ:CEN23_ECI_006(1.0),"Birthplace and age for the census usually resident population count, (RC, TALB, SA2, Health), 2013, 2018, and 2023 Censuses",I,2023,2023,9999,Total - New Zealand by regional council,B0805,Taiwan,04,15-19 years,288,,,
DATAFLOW,STATSNZ:CEN23_ECI_006(1.0),"Birthplace and age for the census usually resident population count, (RC, TALB, SA2, Health), 2013, 2018, and 2023 Censuses",I,2023,2023,9999,Total - New Zealand by regional council,B0413,Austria,17,80-84 years,81,,,
DATAFLOW,STATSNZ:CEN23_ECI_006(1.0),"Birthplace and age for the census usually resident population count, (RC, TALB, SA2, Health), 2013, 2018, and 2023 Censuses",I,2023,2023,9999,Total - New Zealand by regional council,B0402,Scotland,19,90 years and over,552,,,
DATAFLOW,STATSNZ:CEN23_ECI_006(1.0),"Birthplace and age for the census usually resident population count, (RC, TALB, SA2, Health), 2013, 2018, and 2023 Censuses",I,2023,2023,9999,Total - New Zealand by regional council,B0609,Other Oceania and Antarctica,99,Total - age,5760,,,
DATAFLOW,STATSNZ:CEN23_ECI_006(1.0),"Birthplace and age for the census usually resident population count, (RC, TALB, SA2, Health), 2013, 2018, and 2023 Censuses",I,2023,2023,9999,Total - New Zealand by regional council,B09,Southern and Central Asia,99,Total - age,187134,,,
DATAFLOW,STATSNZ:CEN23_ECI_006(1.0),"Birthplace and age for the census usually resident population count, (RC, TALB, SA2, Health), 2013, 2018, and 2023 Censuses",I,2023,2023,9999,Total - New Zealand by regional council,B0507,Croatia,11,50-54 years,75,,,
DATAFLOW,STATSNZ:CEN23_ECI_006(1.0),"Birthplace and age for the census usually resident population count, (RC, TALB, SA2, Health), 2013, 2018, and 2023 Censuses",I,2023,2023,9999,Total - New Zealand by regional council,B0804,Hong Kong (Special Administrative Region),4,65 years and over,2775,,,
DATAFLOW,STATSNZ:CEN23_ECI_006(1.0),"Birthplace and age for the census usually resident population count, (RC, TALB, SA2, Health), 2013, 2018, and 2023 Censuses",I,2023,2023,9999,Total - New Zealand by regional council,B0704,Viet Nam,12,55-59 years,534,,,
DATAFLOW,STATSNZ:CEN23_ECI_006(1.0),"Birthplace and age for the census usually resident population count, (RC, TALB, SA2, Health), 2013, 2018, and 2023 Censuses",I,2023,2023,9999,Total - New Zealand by regional council,B0405,United Kingdom (not further defined),12,55-59 years,753,,,
DATAFLOW,STATSNZ:CEN23_ECI_006(1.0),"Birthplace and age for the census usually resident population count, (RC, TALB, SA2, Health), 2013, 2018, and 2023 Censuses",I,2023,2023,9999,Total - New Zealand by regional council,B0802,"Korea, Republic of",17,80-84 years,222,,,
DATAFLOW,STATSNZ:CEN23_ECI_006(1.0),"Birthplace and age for the census usually resident population count, (RC, TALB, SA2, Health), 2013, 2018, and 2023 Censuses",I,2023,2023,9999,Total - New Zealand by regional council,B0502,Italy,99,Total - age,3249,,,
DATAFLOW,STATSNZ:CEN23_ECI_006(1.0),"Birthplace and age for the census usually resident population count, (RC, TALB, SA2, Health), 2013, 2018, and 2023 Censuses",I,2023,2023,9999,Total - New Zealand by regional council,B0601,Iraq,03,10-14 years,66,,,
DATAFLOW,STATSNZ:CEN23_ECI_006(1.0),"Birthplace and age for the census usually resident population count, (RC, TALB, SA2, Health), 2013, 2018, and 2023 Censuses",I,2023,2023,9999,Total - New Zealand by regional council,B01,Australia,06,25-29 years,5937,,,
DATAFLOW,STATSNZ:CEN23_ECI_006(1.0),"Birthplace and age for the census usually resident population count, (RC, TALB, SA2, Health), 2013, 2018, and 2023 Censuses",I,2023,2023,9999,Total - New Zealand by regional council,B0508,Spain,01,0-4 years,12,,,
DATAFLOW,STATSNZ:CEN23_ECI_006(1.0),"Birthplace and age for the census usually resident population count, (RC, TALB, SA2, Health), 2013, 2018, and 2023 Censuses",I,2023,2023,9999,Total - New Zealand by regional council,B0603,Saudi Arabia,13,60-64 years,9,,,
DATAFLOW,STATSNZ:CEN23_ECI_006(1.0),"Birthplace and age for the census usually resident population count, (RC, TALB, SA2, Health), 2013, 2018, and 2023 Censuses",I,2023,2023,9999,Total - New Zealand by regional council,B0207,Kiribati,4,65 years and over,126,,,
DATAFLOW,STATSNZ:CEN23_ECI_006(1.0),"Birthplace and age for the census usually resident population count, (RC, TALB, SA2, Health), 2013, 2018, and 2023 Censuses",I,2023,2023,9999,Total - New Zealand by regional council,B0504,Poland,13,60-64 years,132,,,
DATAFLOW,STATSNZ:CEN23_ECI_006(1.0),"Birthplace and age for the census usually resident population count, (RC, TALB, SA2, Health), 2013, 2018, and 2023 Censuses",I,2023,2023,9999,Total - New Zealand by regional council,B02,Pacific Islands,3,30-64 years,113157,,,
DATAFLOW,STATSNZ:CEN23_ECI_006(1.0),"Birthplace and age for the census usually resident population count, (RC, TALB, SA2, Health), 2013, 2018, and 2023 Censuses",I,2023,2023,9999,Total - New Zealand by regional council,A,New Zealand,04,15-19 years,256674,,,
DATAFLOW,STATSNZ:CEN23_ECI_006(1.0),"Birthplace and age for the census usually resident population count, (RC, TALB, SA2, Health), 2013, 2018, and 2023 Censuses",I,2023,2023,9999,Total - New Zealand by regional council,B0405,United Kingdom (not further defined),01,0-4 years,42,,,
DATAFLOW,STATSNZ:CEN23_ECI_006(1.0),"Birthplace and age for the census usually resident population count, (RC, TALB, SA2, Health), 2013, 2018, and 2023 Censuses",I,2023,2023,9999,Total - New Zealand by regional council,B0601,Iraq,04,15-19 years,135,,,
DATAFLOW,STATSNZ:CEN23_ECI_006(1.0),"Birthplace and age for the census usually resident population count, (RC, TALB, SA2, Health), 2013, 2018, and 2023 Censuses",I,2023,2023,9999,Total - New Zealand by regional council,B0806,Other,09,40-44 years,39,,,
DATAFLOW,STATSNZ:CEN23_ECI_006(1.0),"Birthplace and age for the census usually resident population count, (RC, TALB, SA2, Health), 2013, 2018, and 2023 Censuses",I,2023,2023,9999,Total - New Zealand by regional council,B0415,Channel Islands,2,15-29 years,159,,,
DATAFLOW,STATSNZ:CEN23_ECI_006(1.0),"Birthplace and age for the census usually resident population count, (RC, TALB, SA2, Health), 2013, 2018, and 2023 Censuses",I,2023,2023,9999,Total - New Zealand by regional council,B0705,Cambodia,02,5-9 years,66,,,
DATAFLOW,STATSNZ:CEN23_ECI_006(1.0),"Birthplace and age for the census usually resident population count, (RC, TALB, SA2, Health), 2013, 2018, and 2023 Censuses",I,2023,2023,9999,Total - New Zealand by regional council,B1002,Canada,17,80-84 years,192,,,
DATAFLOW,STATSNZ:CEN23_ECI_006(1.0),"Birthplace and age for the census usually resident population count, (RC, TALB, SA2, Health), 2013, 2018, and 2023 Censuses",I,2023,2023,9999,Total - New Zealand by regional council,B0601,Iraq,06,25-29 years,417,,,
DATAFLOW,STATSNZ:CEN23_ECI_006(1.0),"Birthplace and age for the census usually resident population count, (RC, TALB, SA2, Health), 2013, 2018, and 2023 Censuses",I,2023,2023,9999,Total - New Zealand by regional council,B05,Southern and Eastern Europe,02,5-9 years,648,,,
DATAFLOW,STATSNZ:CEN23_ECI_006(1.0),"Birthplace and age for the census usually resident population count, (RC, TALB, SA2, Health), 2013, 2018, and 2023 Censuses",I,2023,2023,9999,Total - New Zealand by regional council,B1103,Kenya,14,65-69 years,225,,,
DATAFLOW,STATSNZ:CEN23_ECI_006(1.0),"Birthplace and age for the census usually resident population count, (RC, TALB, SA2, Health), 2013, 2018, and 2023 Censuses",I,2023,2023,9999,Total - New Zealand by regional council,B0501,Russia,Median,Median - age,38.5,,,
DATAFLOW,STATSNZ:CEN23_ECI_006(1.0),"Birthplace and age for the census usually resident population count, (RC, TALB, SA2, Health), 2013, 2018, and 2023 Censuses",I,2023,2023,9999,Total - New Zealand by regional council,B0512,Other,10,45-49 years,633,,,
DATAFLOW,STATSNZ:CEN23_ECI_006(1.0),"Birthplace and age for the census usually resident population count, (RC, TALB, SA2, Health), 2013, 2018, and 2023 Censuses",I,2023,2023,9999,Total - New Zealand by regional council,B0409,Northern Ireland,12,55-59 years,438,,,
DATAFLOW,STATSNZ:CEN23_ECI_006(1.0),"Birthplace and age for the census usually resident population count, (RC, TALB, SA2, Health), 2013, 2018, and 2023 Censuses",I,2023,2023,9999,Total - New Zealand by regional council,B0603,Saudi Arabia,18,85-89 years,0,,,
DATAFLOW,STATSNZ:CEN23_ECI_006(1.0),"Birthplace and age for the census usually resident population count, (RC, TALB, SA2, Health), 2013, 2018, and 2023 Censuses",I,2023,2023,9999,Total - New Zealand by regional council,999999,Total - birthplace,Median,Median - age,38.1,,,
DATAFLOW,STATSNZ:CEN23_ECI_006(1.0),"Birthplace and age for the census usually resident population count, (RC, TALB, SA2, Health), 2013, 2018, and 2023 Censuses",I,2023,2023,9999,Total - New Zealand by regional council,B0905,Nepal,15,70-74 years,27,,,
DATAFLOW,STATSNZ:CEN23_ECI_006(1.0),"Birthplace and age for the census usually resident population count, (RC, TALB, SA2, Health), 2013, 2018, and 2023 Censuses",I,2023,2023,9999,Total - New Zealand by regional council,B0405,United Kingdom (not further defined),3,30-64 years,4800,,,
DATAFLOW,STATSNZ:CEN23_ECI_006(1.0),"Birthplace and age for the census usually resident population count, (RC, TALB, SA2, Health), 2013, 2018, and 2023 Censuses",I,2023,2023,9999,Total - New Zealand by regional council,B0205,Niue,17,80-84 years,141,,,
DATAFLOW,STATSNZ:CEN23_ECI_006(1.0),"Birthplace and age for the census usually resident population count, (RC, TALB, SA2, Health), 2013, 2018, and 2023 Censuses",I,2023,2023,9999,Total - New Zealand by regional council,B0709,Other,10,45-49 years,147,,,
DATAFLOW,STATSNZ:CEN23_ECI_006(1.0),"Birthplace and age for the census usually resident population count, (RC, TALB, SA2, Health), 2013, 2018, and 2023 Censuses",I,2023,2023,9999,Total - New Zealand by regional council,B0705,Cambodia,14,65-69 years,555,,,
DATAFLOW,STATSNZ:CEN23_ECI_006(1.0),"Birthplace and age for the census usually resident population count, (RC, TALB, SA2, Health), 2013, 2018, and 2023 Censuses",I,2023,2023,9999,Total - New Zealand by regional council,B06,North Africa and the Middle East,16,75-79 years,432,,,
DATAFLOW,STATSNZ:CEN23_ECI_006(1.0),"Birthplace and age for the census usually resident population count, (RC, TALB, SA2, Health), 2013, 2018, and 2023 Censuses",I,2023,2023,9999,Total - New Zealand by regional council,B0511,Greece,16,75-79 years,102,,,
DATAFLOW,STATSNZ:CEN23_ECI_006(1.0),"Birthplace and age for the census usually resident population count, (RC, TALB, SA2, Health), 2013, 2018, and 2023 Censuses",I,2023,2023,9999,Total - New Zealand by regional council,B0416,Other,16,75-79 years,93,,,
DATAFLOW,STATSNZ:CEN23_ECI_006(1.0),"Birthplace and age for the census usually resident population count, (RC, TALB, SA2, Health), 2013, 2018, and 2023 Censuses",I,2023,2023,9999,Total - New Zealand by regional council,B0608,Turkey,02,5-9 years,42,,,
DATAFLOW,STATSNZ:CEN23_ECI_006(1.0),"Birthplace and age for the census usually resident population count, (RC, TALB, SA2, Health), 2013, 2018, and 2023 Censuses",I,2023,2023,9999,Total - New Zealand by regional council,999999,Total - birthplace,04,15-19 years,320637,,,
DATAFLOW,STATSNZ:CEN23_ECI_006(1.0),"Birthplace and age for the census usually resident population count, (RC, TALB, SA2, Health), 2013, 2018, and 2023 Censuses",I,2023,2023,9999,Total - New Zealand by regional council,B0802,"Korea, Republic of",01,0-4 years,180,,,
DATAFLOW,STATSNZ:CEN23_ECI_006(1.0),"Birthplace and age for the census usually resident population count, (RC, TALB, SA2, Health), 2013, 2018, and 2023 Censuses",I,2023,2023,9999,Total - New Zealand by regional council,B1107,Other Sub-Saharan Africa,03,10-14 years,219,,,
DATAFLOW,STATSNZ:CEN23_ECI_006(1.0),"Birthplace and age for the census usually resident population count, (RC, TALB, SA2, Health), 2013, 2018, and 2023 Censuses",I,2023,2023,9999,Total - New Zealand by regional council,B1002,Canada,15,70-74 years,588,,,
DATAFLOW,STATSNZ:CEN23_ECI_006(1.0),"Birthplace and age for the census usually resident population count, (RC, TALB, SA2, Health), 2013, 2018, and 2023 Censuses",I,2023,2023,9999,Total - New Zealand by regional council,B0603,Saudi Arabia,15,70-74 years,0,,,
DATAFLOW,STATSNZ:CEN23_ECI_006(1.0),"Birthplace and age for the census usually resident population count, (RC, TALB, SA2, Health), 2013, 2018, and 2023 Censuses",I,2023,2023,9999,Total - New Zealand by regional council,B0707,Singapore,2,15-29 years,1521,,,
DATAFLOW,STATSNZ:CEN23_ECI_006(1.0),"Birthplace and age for the census usually resident population count, (RC, TALB, SA2, Health), 2013, 2018, and 2023 Censuses",I,2023,2023,9999,Total - New Zealand by regional council,B1104,Zambia,15,70-74 years,90,,,
DATAFLOW,STATSNZ:CEN23_ECI_006(1.0),"Birthplace and age for the census usually resident population count, (RC, TALB, SA2, Health), 2013, 2018, and 2023 Censuses",I,2023,2023,9999,Total - New Zealand by regional council,B08,North-East Asia,07,30-34 years,23187,,,
DATAFLOW,STATSNZ:CEN23_ECI_006(1.0),"Birthplace and age for the census usually resident population count, (RC, TALB, SA2, Health), 2013, 2018, and 2023 Censuses",I,2023,2023,9999,Total - New Zealand by regional council,B0805,Taiwan,13,60-64 years,702,,,
DATAFLOW,STATSNZ:CEN23_ECI_006(1.0),"Birthplace and age for the census usually resident population count, (RC, TALB, SA2, Health), 2013, 2018, and 2023 Censuses",I,2023,2023,9999,Total - New Zealand by regional council,B0411,Sweden,17,80-84 years,27,,,
DATAFLOW,STATSNZ:CEN23_ECI_006(1.0),"Birthplace and age for the census usually resident population count, (RC, TALB, SA2, Health), 2013, 2018, and 2023 Censuses",I,2023,2023,9999,Total - New Zealand by regional council,B0211,Solomon Islands,Median,Median - age,40.2,,,
DATAFLOW,STATSNZ:CEN23_ECI_006(1.0),"Birthplace and age for the census usually resident population count, (RC, TALB, SA2, Health), 2013, 2018, and 2023 Censuses",I,2023,2023,9999,Total - New Zealand by regional council,B0609,Other Oceania and Antarctica,01,0-4 years,117,,,
DATAFLOW,STATSNZ:CEN23_ECI_006(1.0),"Birthplace and age for the census usually resident population count, (RC, TALB, SA2, Health), 2013, 2018, and 2023 Censuses",I,2023,2023,9999,Total - New Zealand by regional council,B0210,Tokelau,03,10-14 years,18,,,
DATAFLOW,STATSNZ:CEN23_ECI_006(1.0),"Birthplace and age for the census usually resident population count, (RC, TALB, SA2, Health), 2013, 2018, and 2023 Censuses",I,2023,2023,9999,Total - New Zealand by regional council,B0605,United Arab Emirates,07,30-34 years,213,,,
DATAFLOW,STATSNZ:CEN23_ECI_006(1.0),"Birthplace and age for the census usually resident population count, (RC, TALB, SA2, Health), 2013, 2018, and 2023 Censuses",I,2023,2023,9999,Total - New Zealand by regional council,B09,Southern and Central Asia,2,15-29 years,41604,,,
DATAFLOW,STATSNZ:CEN23_ECI_006(1.0),"Birthplace and age for the census usually resident population count, (RC, TALB, SA2, Health), 2013, 2018, and 2023 Censuses",I,2023,2023,9999,Total - New Zealand by regional council,B0202,Samoa,07,30-34 years,4437,,,
DATAFLOW,STATSNZ:CEN23_ECI_006(1.0),"Birthplace and age for the census usually resident population count, (RC, TALB, SA2, Health), 2013, 2018, and 2023 Censuses",I,2023,2023,9999,Total - New Zealand by regional council,B0203,Tonga,15,70-74 years,1050,,,
DATAFLOW,STATSNZ:CEN23_ECI_006(1.0),"Birthplace and age for the census usually resident population count, (RC, TALB, SA2, Health), 2013, 2018, and 2023 Censuses",I,2023,2023,9999,Total - New Zealand by regional council,B0705,Cambodia,2,15-29 years,1104,,,
DATAFLOW,STATSNZ:CEN23_ECI_006(1.0),"Birthplace and age for the census usually resident population count, (RC, TALB, SA2, Health), 2013, 2018, and 2023 Censuses",I,2023,2023,9999,Total - New Zealand by regional council,B07,South-East Asia,14,65-69 years,5532,,,
DATAFLOW,STATSNZ:CEN23_ECI_006(1.0),"Birthplace and age for the census usually resident population count, (RC, TALB, SA2, Health), 2013, 2018, and 2023 Censuses",I,2023,2023,9999,Total - New Zealand by regional council,B0512,Other,Median,Median - age,44.5,,,
DATAFLOW,STATSNZ:CEN23_ECI_006(1.0),"Birthplace and age for the census usually resident population count, (RC, TALB, SA2, Health), 2013, 2018, and 2023 Censuses",I,2023,2023,9999,Total - New Zealand by regional council,B0212,Other,13,60-64 years,81,,,
DATAFLOW,STATSNZ:CEN23_ECI_006(1.0),"Birthplace and age for the census usually resident population count, (RC, TALB, SA2, Health), 2013, 2018, and 2023 Censuses",I,2023,2023,9999,Total - New Zealand by regional council,A,New Zealand,18,85-89 years,39918,,,
DATAFLOW,STATSNZ:CEN23_ECI_006(1.0),"Birthplace and age for the census usually resident population count, (RC, TALB, SA2, Health), 2013, 2018, and 2023 Censuses",I,2023,2023,9999,Total - New Zealand by regional council,B1005,Argentina,03,10-14 years,117,,,
DATAFLOW,STATSNZ:CEN23_ECI_006(1.0),"Birthplace and age for the census usually resident population count, (RC, TALB, SA2, Health), 2013, 2018, and 2023 Censuses",I,2023,2023,9999,Total - New Zealand by regional council,B0508,Spain,3,30-64 years,993,,,
DATAFLOW,STATSNZ:CEN23_ECI_006(1.0),"Birthplace and age for the census usually resident population count, (RC, TALB, SA2, Health), 2013, 2018, and 2023 Censuses",I,2023,2023,9999,Total - New Zealand by regional council,B0708,Myanmar,2,15-29 years,708,,,
DATAFLOW,STATSNZ:CEN23_ECI_006(1.0),"Birthplace and age for the census usually resident population count, (RC, TALB, SA2, Health), 2013, 2018, and 2023 Censuses",I,2023,2023,9999,Total - New Zealand by regional council,B1102,Zimbabwe,02,5-9 years,69,,,
DATAFLOW,STATSNZ:CEN23_ECI_006(1.0),"Birthplace and age for the census usually resident population count, (RC, TALB, SA2, Health), 2013, 2018, and 2023 Censuses",I,2023,2023,9999,Total - New Zealand by regional council,B0403,Germany,05,20-24 years,852,,,
DATAFLOW,STATSNZ:CEN23_ECI_006(1.0),"Birthplace and age for the census usually resident population count, (RC, TALB, SA2, Health), 2013, 2018, and 2023 Censuses",I,2023,2023,9999,Total - New Zealand by regional council,B0603,Saudi Arabia,04,15-19 years,165,,,
DATAFLOW,STATSNZ:CEN23_ECI_006(1.0),"Birthplace and age for the census usually resident population count, (RC, TALB, SA2, Health), 2013, 2018, and 2023 Censuses",I,2023,2023,9999,Total - New Zealand by regional council,B0901,India,18,85-89 years,600,,,
DATAFLOW,STATSNZ:CEN23_ECI_006(1.0),"Birthplace and age for the census usually resident population count, (RC, TALB, SA2, Health), 2013, 2018, and 2023 Censuses",I,2023,2023,9999,Total - New Zealand by regional council,B1104,Zambia,08,35-39 years,66,,,
DATAFLOW,STATSNZ:CEN23_ECI_006(1.0),"Birthplace and age for the census usually resident population count, (RC, TALB, SA2, Health), 2013, 2018, and 2023 Censuses",I,2023,2023,9999,Total - New Zealand by regional council,B0203,Tonga,17,80-84 years,456,,,
DATAFLOW,STATSNZ:CEN23_ECI_006(1.0),"Birthplace and age for the census usually resident population count, (RC, TALB, SA2, Health), 2013, 2018, and 2023 Censuses",I,2023,2023,9999,Total - New Zealand by regional council,B1101,South Africa,2,15-29 years,17394,,,
DATAFLOW,STATSNZ:CEN23_ECI_006(1.0),"Birthplace and age for the census usually resident population count, (RC, TALB, SA2, Health), 2013, 2018, and 2023 Censuses",I,2023,2023,9999,Total - New Zealand by regional council,B0701,Philippines,2,15-29 years,19107,,,
DATAFLOW,STATSNZ:CEN23_ECI_006(1.0),"Birthplace and age for the census usually resident population count, (RC, TALB, SA2, Health), 2013, 2018, and 2023 Censuses",I,2023,2023,9999,Total - New Zealand by regional council,B02,Pacific Islands,18,85-89 years,1392,,,
DATAFLOW,STATSNZ:CEN23_ECI_006(1.0),"Birthplace and age for the census usually resident population count, (RC, TALB, SA2, Health), 2013, 2018, and 2023 Censuses",I,2023,2023,9999,Total - New Zealand by regional council,B0806,Other,3,30-64 years,201,,,
DATAFLOW,STATSNZ:CEN23_ECI_006(1.0),"Birthplace and age for the census usually resident population count, (RC, TALB, SA2, Health), 2013, 2018, and 2023 Censuses",I,2023,2023,9999,Total - New Zealand by regional council,777777,Total stated - birthplace,12,55-59 years,301620,,,
DATAFLOW,STATSNZ:CEN23_ECI_006(1.0),"Birthplace and age for the census usually resident population count, (RC, TALB, SA2, Health), 2013, 2018, and 2023 Censuses",I,2023,2023,9999,Total - New Zealand by regional council,B0511,Greece,05,20-24 years,21,,,
DATAFLOW,STATSNZ:CEN23_ECI_006(1.0),"Birthplace and age for the census usually resident population count, (RC, TALB, SA2, Health), 2013, 2018, and 2023 Censuses",I,2023,2023,9999,Total - New Zealand by regional council,B0209,Papua New Guinea,17,80-84 years,9,,,
DATAFLOW,STATSNZ:CEN23_ECI_006(1.0),"Birthplace and age for the census usually resident population count, (RC, TALB, SA2, Health), 2013, 2018, and 2023 Censuses",I,2023,2023,9999,Total - New Zealand by regional council,B0409,Northern Ireland,18,85-89 years,225,,,
DATAFLOW,STATSNZ:CEN23_ECI_006(1.0),"Birthplace and age for the census usually resident population count, (RC, TALB, SA2, Health), 2013, 2018, and 2023 Censuses",I,2023,2023,9999,Total - New Zealand by regional council,B0210,Tokelau,19,90 years and over,3,,,
DATAFLOW,STATSNZ:CEN23_ECI_006(1.0),"Birthplace and age for the census usually resident population count, (RC, TALB, SA2, Health), 2013, 2018, and 2023 Censuses",I,2023,2023,9999,Total - New Zealand by regional council,B0201,Fiji,2,15-29 years,11427,,,
DATAFLOW,STATSNZ:CEN23_ECI_006(1.0),"Birthplace and age for the census usually resident population count, (RC, TALB, SA2, Health), 2013, 2018, and 2023 Censuses",I,2023,2023,9999,Total - New Zealand by regional council,B0413,Austria,08,35-39 years,108,,,
DATAFLOW,STATSNZ:CEN23_ECI_006(1.0),"Birthplace and age for the census usually resident population count, (RC, TALB, SA2, Health), 2013, 2018, and 2023 Censuses",I,2023,2023,9999,Total - New Zealand by regional council,B03,Other Oceania and Antarctica,07,30-34 years,0,,,
DATAFLOW,STATSNZ:CEN23_ECI_006(1.0),"Birthplace and age for the census usually resident population count, (RC, TALB, SA2, Health), 2013, 2018, and 2023 Censuses",I,2023,2023,9999,Total - New Zealand by regional council,B02,Pacific Islands,2,15-29 years,36048,,,
DATAFLOW,STATSNZ:CEN23_ECI_006(1.0),"Birthplace and age for the census usually resident population count, (RC, TALB, SA2, Health), 2013, 2018, and 2023 Censuses",I,2023,2023,9999,Total - New Zealand by regional council,B0201,Fiji,12,55-59 years,4818,,,
DATAFLOW,STATSNZ:CEN23_ECI_006(1.0),"Birthplace and age for the census usually resident population count, (RC, TALB, SA2, Health), 2013, 2018, and 2023 Censuses",I,2023,2023,9999,Total - New Zealand by regional council,B08,North-East Asia,05,20-24 years,11772,,,
DATAFLOW,STATSNZ:CEN23_ECI_006(1.0),"Birthplace and age for the census usually resident population count, (RC, TALB, SA2, Health), 2013, 2018, and 2023 Censuses",I,2023,2023,9999,Total - New Zealand by regional council,B,Overseas,01,0-4 years,12807,,,
DATAFLOW,STATSNZ:CEN23_ECI_006(1.0),"Birthplace and age for the census usually resident population count, (RC, TALB, SA2, Health), 2013, 2018, and 2023 Censuses",I,2023,2023,9999,Total - New Zealand by regional council,B0410,Switzerland,07,30-34 years,189,,,
DATAFLOW,STATSNZ:CEN23_ECI_006(1.0),"Birthplace and age for the census usually resident population count, (RC, TALB, SA2, Health), 2013, 2018, and 2023 Censuses",I,2023,2023,9999,Total - New Zealand by regional council,B0806,Other,03,10-14 years,36,,,
DATAFLOW,STATSNZ:CEN23_ECI_006(1.0),"Birthplace and age for the census usually resident population count, (RC, TALB, SA2, Health), 2013, 2018, and 2023 Censuses",I,2023,2023,9999,Total - New Zealand by regional council,B0203,Tonga,07,30-34 years,2130,,,
DATAFLOW,STATSNZ:CEN23_ECI_006(1.0),"Birthplace and age for the census usually resident population count, (RC, TALB, SA2, Health), 2013, 2018, and 2023 Censuses",I,2023,2023,9999,Total - New Zealand by regional council,B0414,Belgium,12,55-59 years,102,,,
DATAFLOW,STATSNZ:CEN23_ECI_006(1.0),"Birthplace and age for the census usually resident population count, (RC, TALB, SA2, Health), 2013, 2018, and 2023 Censuses",I,2023,2023,9999,Total - New Zealand by regional council,B10,The Americas,12,55-59 years,3792,,,
DATAFLOW,STATSNZ:CEN23_ECI_006(1.0),"Birthplace and age for the census usually resident population count, (RC, TALB, SA2, Health), 2013, 2018, and 2023 Censuses",I,2023,2023,9999,Total - New Zealand by regional council,B0204,Cook Islands,12,55-59 years,1389,,,
DATAFLOW,STATSNZ:CEN23_ECI_006(1.0),"Birthplace and age for the census usually resident population count, (RC, TALB, SA2, Health), 2013, 2018, and 2023 Censuses",I,2023,2023,9999,Total - New Zealand by regional council,B1001,United States of America,3,30-64 years,16605,,,
DATAFLOW,STATSNZ:CEN23_ECI_006(1.0),"Birthplace and age for the census usually resident population count, (RC, TALB, SA2, Health), 2013, 2018, and 2023 Censuses",I,2023,2023,9999,Total - New Zealand by regional council,B0207,Kiribati,12,55-59 years,153,,,
DATAFLOW,STATSNZ:CEN23_ECI_006(1.0),"Birthplace and age for the census usually resident population count, (RC, TALB, SA2, Health), 2013, 2018, and 2023 Censuses",I,2023,2023,9999,Total - New Zealand by regional council,B0804,Hong Kong (Special Administrative Region),07,30-34 years,1041,,,
DATAFLOW,STATSNZ:CEN23_ECI_006(1.0),"Birthplace and age for the census usually resident population count, (RC, TALB, SA2, Health), 2013, 2018, and 2023 Censuses",I,2023,2023,9999,Total - New Zealand by regional council,B0415,Channel Islands,06,25-29 years,75,,,
DATAFLOW,STATSNZ:CEN23_ECI_006(1.0),"Birthplace and age for the census usually resident population count, (RC, TALB, SA2, Health), 2013, 2018, and 2023 Censuses",I,2023,2023,9999,Total - New Zealand by regional council,B0502,Italy,2,15-29 years,591,,,
DATAFLOW,STATSNZ:CEN23_ECI_006(1.0),"Birthplace and age for the census usually resident population count, (RC, TALB, SA2, Health), 2013, 2018, and 2023 Censuses",I,2023,2023,9999,Total - New Zealand by regional council,B0208,Tuvalu,04,15-19 years,126,,,
DATAFLOW,STATSNZ:CEN23_ECI_006(1.0),"Birthplace and age for the census usually resident population count, (RC, TALB, SA2, Health), 2013, 2018, and 2023 Censuses",I,2023,2023,9999,Total - New Zealand by regional council,B0205,Niue,10,45-49 years,273,,,
DATAFLOW,STATSNZ:CEN23_ECI_006(1.0),"Birthplace and age for the census usually resident population count, (RC, TALB, SA2, Health), 2013, 2018, and 2023 Censuses",I,2023,2023,9999,Total - New Zealand by regional council,B07,South-East Asia,18,85-89 years,483,,,
DATAFLOW,STATSNZ:CEN23_ECI_006(1.0),"Birthplace and age for the census usually resident population count, (RC, TALB, SA2, Health), 2013, 2018, and 2023 Censuses",I,2023,2023,9999,Total - New Zealand by regional council,A,New Zealand,15,70-74 years,155319,,,
DATAFLOW,STATSNZ:CEN23_ECI_006(1.0),"Birthplace and age for the census usually resident population count, (RC, TALB, SA2, Health), 2013, 2018, and 2023 Censuses",I,2023,2023,9999,Total - New Zealand by regional council,B02,Pacific Islands,09,40-44 years,17955,,,
DATAFLOW,STATSNZ:CEN23_ECI_006(1.0),"Birthplace and age for the census usually resident population count, (RC, TALB, SA2, Health), 2013, 2018, and 2023 Censuses",I,2023,2023,9999,Total - New Zealand by regional council,B0806,Other,15,70-74 years,39,,,
DATAFLOW,STATSNZ:CEN23_ECI_006(1.0),"Birthplace and age for the census usually resident population count, (RC, TALB, SA2, Health), 2013, 2018, and 2023 Censuses",I,2023,2023,9999,Total - New Zealand by regional council,B0803,Japan,19,90 years and over,15,,,
DATAFLOW,STATSNZ:CEN23_ECI_006(1.0),"Birthplace and age for the census usually resident population count, (RC, TALB, SA2, Health), 2013, 2018, and 2023 Censuses",I,2023,2023,9999,Total - New Zealand by regional council,B0503,Czech Republic,09,40-44 years,387,,,
DATAFLOW,STATSNZ:CEN23_ECI_006(1.0),"Birthplace and age for the census usually resident population count, (RC, TALB, SA2, Health), 2013, 2018, and 2023 Censuses",I,2023,2023,9999,Total - New Zealand by regional council,B0410,Switzerland,18,85-89 years,78,,,
DATAFLOW,STATSNZ:CEN23_ECI_006(1.0),"Birthplace and age for the census usually resident population count, (RC, TALB, SA2, Health), 2013, 2018, and 2023 Censuses",I,2023,2023,9999,Total - New Zealand by regional council,B1106,Somalia,99,Total - age,1308,,,
DATAFLOW,STATSNZ:CEN23_ECI_006(1.0),"Birthplace and age for the census usually resident population count, (RC, TALB, SA2, Health), 2013, 2018, and 2023 Censuses",I,2023,2023,9999,Total - New Zealand by regional council,B0403,Germany,3,30-64 years,10020,,,
DATAFLOW,STATSNZ:CEN23_ECI_006(1.0),"Birthplace and age for the census usually resident population count, (RC, TALB, SA2, Health), 2013, 2018, and 2023 Censuses",I,2023,2023,9999,Total - New Zealand by regional council,B1005,Argentina,01,0-4 years,42,,,
DATAFLOW,STATSNZ:CEN23_ECI_006(1.0),"Birthplace and age for the census usually resident population count, (RC, TALB, SA2, Health), 2013, 2018, and 2023 Censuses",I,2023,2023,9999,Total - New Zealand by regional council,B0603,Saudi Arabia,06,25-29 years,201,,,
DATAFLOW,STATSNZ:CEN23_ECI_006(1.0),"Birthplace and age for the census usually resident population count, (RC, TALB, SA2, Health), 2013, 2018, and 2023 Censuses",I,2023,2023,9999,Total - New Zealand by regional council,B1101,South Africa,02,5-9 years,4968,,,
DATAFLOW,STATSNZ:CEN23_ECI_006(1.0),"Birthplace and age for the census usually resident population count, (RC, TALB, SA2, Health), 2013, 2018, and 2023 Censuses",I,2023,2023,9999,Total - New Zealand by regional council,B0803,Japan,03,10-14 years,555,,,
DATAFLOW,STATSNZ:CEN23_ECI_006(1.0),"Birthplace and age for the census usually resident population count, (RC, TALB, SA2, Health), 2013, 2018, and 2023 Censuses",I,2023,2023,9999,Total - New Zealand by regional council,B1005,Argentina,07,30-34 years,1296,,,
DATAFLOW,STATSNZ:CEN23_ECI_006(1.0),"Birthplace and age for the census usually resident population count, (RC, TALB, SA2, Health), 2013, 2018, and 2023 Censuses",I,2023,2023,9999,Total - New Zealand by regional council,B0207,Kiribati,03,10-14 years,189,,,
DATAFLOW,STATSNZ:CEN23_ECI_006(1.0),"Birthplace and age for the census usually resident population count, (RC, TALB, SA2, Health), 2013, 2018, and 2023 Censuses",I,2023,2023,9999,Total - New Zealand by regional council,B0903,Pakistan,2,15-29 years,1293,,,
DATAFLOW,STATSNZ:CEN23_ECI_006(1.0),"Birthplace and age for the census usually resident population count, (RC, TALB, SA2, Health), 2013, 2018, and 2023 Censuses",I,2023,2023,9999,Total - New Zealand by regional council,B0703,Thailand,2,15-29 years,2871,,,
DATAFLOW,STATSNZ:CEN23_ECI_006(1.0),"Birthplace and age for the census usually resident population count, (RC, TALB, SA2, Health), 2013, 2018, and 2023 Censuses",I,2023,2023,9999,Total - New Zealand by regional council,B0405,United Kingdom (not further defined),05,20-24 years,435,,,
DATAFLOW,STATSNZ:CEN23_ECI_006(1.0),"Birthplace and age for the census usually resident population count, (RC, TALB, SA2, Health), 2013, 2018, and 2023 Censuses",I,2023,2023,9999,Total - New Zealand by regional council,B0602,Iran,19,90 years and over,6,,,
DATAFLOW,STATSNZ:CEN23_ECI_006(1.0),"Birthplace and age for the census usually resident population count, (RC, TALB, SA2, Health), 2013, 2018, and 2023 Censuses",I,2023,2023,9999,Total - New Zealand by regional council,B0805,Taiwan,16,75-79 years,255,,,
DATAFLOW,STATSNZ:CEN23_ECI_006(1.0),"Birthplace and age for the census usually resident population count, (RC, TALB, SA2, Health), 2013, 2018, and 2023 Censuses",I,2023,2023,9999,Total - New Zealand by regional council,777777,Total stated - birthplace,01,0-4 years,285786,,,
DATAFLOW,STATSNZ:CEN23_ECI_006(1.0),"Birthplace and age for the census usually resident population count, (RC, TALB, SA2, Health), 2013, 2018, and 2023 Censuses",I,2023,2023,9999,Total - New Zealand by regional council,B0410,Switzerland,19,90 years and over,54,,,
DATAFLOW,STATSNZ:CEN23_ECI_006(1.0),"Birthplace and age for the census usually resident population count, (RC, TALB, SA2, Health), 2013, 2018, and 2023 Censuses",I,2023,2023,9999,Total - New Zealand by regional council,B0901,India,06,25-29 years,22878,,,
DATAFLOW,STATSNZ:CEN23_ECI_006(1.0),"Birthplace and age for the census usually resident population count, (RC, TALB, SA2, Health), 2013, 2018, and 2023 Censuses",I,2023,2023,9999,Total - New Zealand by regional council,B0701,Philippines,Median,Median - age,38.1,,,
DATAFLOW,STATSNZ:CEN23_ECI_006(1.0),"Birthplace and age for the census usually resident population count, (RC, TALB, SA2, Health), 2013, 2018, and 2023 Censuses",I,2023,2023,9999,Total - New Zealand by regional council,B0204,Cook Islands,05,20-24 years,510,,,
DATAFLOW,STATSNZ:CEN23_ECI_006(1.0),"Birthplace and age for the census usually resident population count, (RC, TALB, SA2, Health), 2013, 2018, and 2023 Censuses",I,2023,2023,9999,Total - New Zealand by regional council,B1107,Other Sub-Saharan Africa,2,15-29 years,1182,,,
DATAFLOW,STATSNZ:CEN23_ECI_006(1.0),"Birthplace and age for the census usually resident population count, (RC, TALB, SA2, Health), 2013, 2018, and 2023 Censuses",I,2023,2023,9999,Total - New Zealand by regional council,B1104,Zambia,05,20-24 years,27,,,
DATAFLOW,STATSNZ:CEN23_ECI_006(1.0),"Birthplace and age for the census usually resident population count, (RC, TALB, SA2, Health), 2013, 2018, and 2023 Censuses",I,2023,2023,9999,Total - New Zealand by regional council,B0205,Niue,02,5-9 years,12,,,
DATAFLOW,STATSNZ:CEN23_ECI_006(1.0),"Birthplace and age for the census usually resident population count, (RC, TALB, SA2, Health), 2013, 2018, and 2023 Censuses",I,2023,2023,9999,Total - New Zealand by regional council,B0410,Switzerland,14,65-69 years,279,,,
DATAFLOW,STATSNZ:CEN23_ECI_006(1.0),"Birthplace and age for the census usually resident population count, (RC, TALB, SA2, Health), 2013, 2018, and 2023 Censuses",I,2023,2023,9999,Total - New Zealand by regional council,B0212,Other,11,50-54 years,153,,,
DATAFLOW,STATSNZ:CEN23_ECI_006(1.0),"Birthplace and age for the census usually resident population count, (RC, TALB, SA2, Health), 2013, 2018, and 2023 Censuses",I,2023,2023,9999,Total - New Zealand by regional council,B0706,Indonesia,02,5-9 years,192,,,
DATAFLOW,STATSNZ:CEN23_ECI_006(1.0),"Birthplace and age for the census usually resident population count, (RC, TALB, SA2, Health), 2013, 2018, and 2023 Censuses",I,2023,2023,9999,Total - New Zealand by regional council,B0502,Italy,11,50-54 years,219,,,
DATAFLOW,STATSNZ:CEN23_ECI_006(1.0),"Birthplace and age for the census usually resident population count, (RC, TALB, SA2, Health), 2013, 2018, and 2023 Censuses",I,2023,2023,9999,Total - New Zealand by regional council,B0407,France,03,10-14 years,252,,,
DATAFLOW,STATSNZ:CEN23_ECI_006(1.0),"Birthplace and age for the census usually resident population count, (RC, TALB, SA2, Health), 2013, 2018, and 2023 Censuses",I,2023,2023,9999,Total - New Zealand by regional council,B0406,Ireland,10,45-49 years,897,,,
DATAFLOW,STATSNZ:CEN23_ECI_006(1.0),"Birthplace and age for the census usually resident population count, (RC, TALB, SA2, Health), 2013, 2018, and 2023 Censuses",I,2023,2023,9999,Total - New Zealand by regional council,B1102,Zimbabwe,08,35-39 years,759,,,
DATAFLOW,STATSNZ:CEN23_ECI_006(1.0),"Birthplace and age for the census usually resident population count, (RC, TALB, SA2, Health), 2013, 2018, and 2023 Censuses",I,2023,2023,9999,Total - New Zealand by regional council,B0903,Pakistan,12,55-59 years,207,,,
DATAFLOW,STATSNZ:CEN23_ECI_006(1.0),"Birthplace and age for the census usually resident population count, (RC, TALB, SA2, Health), 2013, 2018, and 2023 Censuses",I,2023,2023,9999,Total - New Zealand by regional council,B0414,Belgium,3,30-64 years,801,,,
DATAFLOW,STATSNZ:CEN23_ECI_006(1.0),"Birthplace and age for the census usually resident population count, (RC, TALB, SA2, Health), 2013, 2018, and 2023 Censuses",I,2023,2023,9999,Total - New Zealand by regional council,B0706,Indonesia,13,60-64 years,276,,,
DATAFLOW,STATSNZ:CEN23_ECI_006(1.0),"Birthplace and age for the census usually resident population count, (RC, TALB, SA2, Health), 2013, 2018, and 2023 Censuses",I,2023,2023,9999,Total - New Zealand by regional council,B0904,Afghanistan,3,30-64 years,3060,,,
DATAFLOW,STATSNZ:CEN23_ECI_006(1.0),"Birthplace and age for the census usually resident population count, (RC, TALB, SA2, Health), 2013, 2018, and 2023 Censuses",I,2023,2023,9999,Total - New Zealand by regional council,B0905,Nepal,11,50-54 years,129,,,
DATAFLOW,STATSNZ:CEN23_ECI_006(1.0),"Birthplace and age for the census usually resident population count, (RC, TALB, SA2, Health), 2013, 2018, and 2023 Censuses",I,2023,2023,9999,Total - New Zealand by regional council,B03,Other Oceania and Antarctica,17,80-84 years,0,,,
DATAFLOW,STATSNZ:CEN23_ECI_006(1.0),"Birthplace and age for the census usually resident population count, (RC, TALB, SA2, Health), 2013, 2018, and 2023 Censuses",I,2023,2023,9999,Total - New Zealand by regional council,B1006,Colombia,09,40-44 years,492,,,
DATAFLOW,STATSNZ:CEN23_ECI_006(1.0),"Birthplace and age for the census usually resident population count, (RC, TALB, SA2, Health), 2013, 2018, and 2023 Censuses",I,2023,2023,9999,Total - New Zealand by regional council,B0201,Fiji,16,75-79 years,1662,,,
DATAFLOW,STATSNZ:CEN23_ECI_006(1.0),"Birthplace and age for the census usually resident population count, (RC, TALB, SA2, Health), 2013, 2018, and 2023 Censuses",I,2023,2023,9999,Total - New Zealand by regional council,B12,At sea,4,65 years and over,0,,,
DATAFLOW,STATSNZ:CEN23_ECI_006(1.0),"Birthplace and age for the census usually resident population count, (RC, TALB, SA2, Health), 2013, 2018, and 2023 Censuses",I,2023,2023,9999,Total - New Zealand by regional council,B06,North Africa and the Middle East,02,5-9 years,1692,,,
DATAFLOW,STATSNZ:CEN23_ECI_006(1.0),"Birthplace and age for the census usually resident population count, (RC, TALB, SA2, Health), 2013, 2018, and 2023 Censuses",I,2023,2023,9999,Total - New Zealand by regional council,B0404,Netherlands,02,5-9 years,162,,,
DATAFLOW,STATSNZ:CEN23_ECI_006(1.0),"Birthplace and age for the census usually resident population count, (RC, TALB, SA2, Health), 2013, 2018, and 2023 Censuses",I,2023,2023,9999,Total - New Zealand by regional council,B0901,India,05,20-24 years,6510,,,
DATAFLOW,STATSNZ:CEN23_ECI_006(1.0),"Birthplace and age for the census usually resident population count, (RC, TALB, SA2, Health), 2013, 2018, and 2023 Censuses",I,2023,2023,9999,Total - New Zealand by regional council,B0706,Indonesia,4,65 years and over,1044,,,
DATAFLOW,STATSNZ:CEN23_ECI_006(1.0),"Birthplace and age for the census usually resident population count, (RC, TALB, SA2, Health), 2013, 2018, and 2023 Censuses",I,2023,2023,9999,Total - New Zealand by regional council,B1102,Zimbabwe,4,65 years and over,1353,,,
DATAFLOW,STATSNZ:CEN23_ECI_006(1.0),"Birthplace and age for the census usually resident population count, (RC, TALB, SA2, Health), 2013, 2018, and 2023 Censuses",I,2023,2023,9999,Total - New Zealand by regional council,B1104,Zambia,13,60-64 years,291,,,
DATAFLOW,STATSNZ:CEN23_ECI_006(1.0),"Birthplace and age for the census usually resident population count, (RC, TALB, SA2, Health), 2013, 2018, and 2023 Censuses",I,2023,2023,9999,Total - New Zealand by regional council,B0505,Romania,01,0-4 years,6,,,
DATAFLOW,STATSNZ:CEN23_ECI_006(1.0),"Birthplace and age for the census usually resident population count, (RC, TALB, SA2, Health), 2013, 2018, and 2023 Censuses",I,2023,2023,9999,Total - New Zealand by regional council,B0907,Other,16,75-79 years,39,,,
DATAFLOW,STATSNZ:CEN23_ECI_006(1.0),"Birthplace and age for the census usually resident population count, (RC, TALB, SA2, Health), 2013, 2018, and 2023 Censuses",I,2023,2023,9999,Total - New Zealand by regional council,B0211,Solomon Islands,3,30-64 years,456,,,
DATAFLOW,STATSNZ:CEN23_ECI_006(1.0),"Birthplace and age for the census usually resident population count, (RC, TALB, SA2, Health), 2013, 2018, and 2023 Censuses",I,2023,2023,9999,Total - New Zealand by regional council,B0511,Greece,Median,Median - age,64.1,,,
DATAFLOW,STATSNZ:CEN23_ECI_006(1.0),"Birthplace and age for the census usually resident population count, (RC, TALB, SA2, Health), 2013, 2018, and 2023 Censuses",I,2023,2023,9999,Total - New Zealand by regional council,B0703,Thailand,11,50-54 years,1095,,,
DATAFLOW,STATSNZ:CEN23_ECI_006(1.0),"Birthplace and age for the census usually resident population count, (RC, TALB, SA2, Health), 2013, 2018, and 2023 Censuses",I,2023,2023,9999,Total - New Zealand by regional council,B0704,Viet Nam,03,10-14 years,510,,,
DATAFLOW,STATSNZ:CEN23_ECI_006(1.0),"Birthplace and age for the census usually resident population count, (RC, TALB, SA2, Health), 2013, 2018, and 2023 Censuses",I,2023,2023,9999,Total - New Zealand by regional council,B0508,Spain,99,Total - age,1608,,,
DATAFLOW,STATSNZ:CEN23_ECI_006(1.0),"Birthplace and age for the census usually resident population count, (RC, TALB, SA2, Health), 2013, 2018, and 2023 Censuses",I,2023,2023,9999,Total - New Zealand by regional council,B1104,Zambia,04,15-19 years,15,,,
DATAFLOW,STATSNZ:CEN23_ECI_006(1.0),"Birthplace and age for the census usually resident population count, (RC, TALB, SA2, Health), 2013, 2018, and 2023 Censuses",I,2023,2023,9999,Total - New Zealand by regional council,B0502,Italy,08,35-39 years,438,,,
DATAFLOW,STATSNZ:CEN23_ECI_006(1.0),"Birthplace and age for the census usually resident population count, (RC, TALB, SA2, Health), 2013, 2018, and 2023 Censuses",I,2023,2023,9999,Total - New Zealand by regional council,B0511,Greece,1,Under 15 years,36,,,
DATAFLOW,STATSNZ:CEN23_ECI_006(1.0),"Birthplace and age for the census usually resident population count, (RC, TALB, SA2, Health), 2013, 2018, and 2023 Censuses",I,2023,2023,9999,Total - New Zealand by regional council,B05,Southern and Eastern Europe,19,90 years and over,405,,,
DATAFLOW,STATSNZ:CEN23_ECI_006(1.0),"Birthplace and age for the census usually resident population count, (RC, TALB, SA2, Health), 2013, 2018, and 2023 Censuses",I,2023,2023,9999,Total - New Zealand by regional council,B0906,Bangladesh,4,65 years and over,129,,,
DATAFLOW,STATSNZ:CEN23_ECI_006(1.0),"Birthplace and age for the census usually resident population count, (RC, TALB, SA2, Health), 2013, 2018, and 2023 Censuses",I,2023,2023,9999,Total - New Zealand by regional council,B0607,Israel,10,45-49 years,150,,,
DATAFLOW,STATSNZ:CEN23_ECI_006(1.0),"Birthplace and age for the census usually resident population count, (RC, TALB, SA2, Health), 2013, 2018, and 2023 Censuses",I,2023,2023,9999,Total - New Zealand by regional council,B01,Australia,03,10-14 years,8901,,,
DATAFLOW,STATSNZ:CEN23_ECI_006(1.0),"Birthplace and age for the census usually resident population count, (RC, TALB, SA2, Health), 2013, 2018, and 2023 Censuses",I,2023,2023,9999,Total - New Zealand by regional council,B0904,Afghanistan,01,0-4 years,153,,,
DATAFLOW,STATSNZ:CEN23_ECI_006(1.0),"Birthplace and age for the census usually resident population count, (RC, TALB, SA2, Health), 2013, 2018, and 2023 Censuses",I,2023,2023,9999,Total - New Zealand by regional council,B1104,Zambia,06,25-29 years,63,,,
DATAFLOW,STATSNZ:CEN23_ECI_006(1.0),"Birthplace and age for the census usually resident population count, (RC, TALB, SA2, Health), 2013, 2018, and 2023 Censuses",I,2023,2023,9999,Total - New Zealand by regional council,B1107,Other Sub-Saharan Africa,13,60-64 years,492,,,
DATAFLOW,STATSNZ:CEN23_ECI_006(1.0),"Birthplace and age for the census usually resident population count, (RC, TALB, SA2, Health), 2013, 2018, and 2023 Censuses",I,2023,2023,9999,Total - New Zealand by regional council,B0413,Austria,07,30-34 years,87,,,
DATAFLOW,STATSNZ:CEN23_ECI_006(1.0),"Birthplace and age for the census usually resident population count, (RC, TALB, SA2, Health), 2013, 2018, and 2023 Censuses",I,2023,2023,9999,Total - New Zealand by regional council,A,New Zealand,11,50-54 years,215328,,,
DATAFLOW,STATSNZ:CEN23_ECI_006(1.0),"Birthplace and age for the census usually resident population count, (RC, TALB, SA2, Health), 2013, 2018, and 2023 Censuses",I,2023,2023,9999,Total - New Zealand by regional council,B0701,Philippines,06,25-29 years,6597,,,
DATAFLOW,STATSNZ:CEN23_ECI_006(1.0),"Birthplace and age for the census usually resident population count, (RC, TALB, SA2, Health), 2013, 2018, and 2023 Censuses",I,2023,2023,9999,Total - New Zealand by regional council,B1004,Chile,4,65 years and over,258,,,
DATAFLOW,STATSNZ:CEN23_ECI_006(1.0),"Birthplace and age for the census usually resident population count, (RC, TALB, SA2, Health), 2013, 2018, and 2023 Censuses",I,2023,2023,9999,Total - New Zealand by regional council,B0703,Thailand,99,Total - age,11955,,,
DATAFLOW,STATSNZ:CEN23_ECI_006(1.0),"Birthplace and age for the census usually resident population count, (RC, TALB, SA2, Health), 2013, 2018, and 2023 Censuses",I,2023,2023,9999,Total - New Zealand by regional council,B02,Pacific Islands,17,80-84 years,3144,,,
DATAFLOW,STATSNZ:CEN23_ECI_006(1.0),"Birthplace and age for the census usually resident population count, (RC, TALB, SA2, Health), 2013, 2018, and 2023 Censuses",I,2023,2023,9999,Total - New Zealand by regional council,B0403,Germany,19,90 years and over,93,,,
DATAFLOW,STATSNZ:CEN23_ECI_006(1.0),"Birthplace and age for the census usually resident population count, (RC, TALB, SA2, Health), 2013, 2018, and 2023 Censuses",I,2023,2023,9999,Total - New Zealand by regional council,B02,Pacific Islands,16,75-79 years,5397,,,
DATAFLOW,STATSNZ:CEN23_ECI_006(1.0),"Birthplace and age for the census usually resident population count, (RC, TALB, SA2, Health), 2013, 2018, and 2023 Censuses",I,2023,2023,9999,Total - New Zealand by regional council,B1002,Canada,01,0-4 years,171,,,
DATAFLOW,STATSNZ:CEN23_ECI_006(1.0),"Birthplace and age for the census usually resident population count, (RC, TALB, SA2, Health), 2013, 2018, and 2023 Censuses",I,2023,2023,9999,Total - New Zealand by regional council,B0704,Viet Nam,07,30-34 years,1632,,,
DATAFLOW,STATSNZ:CEN23_ECI_006(1.0),"Birthplace and age for the census usually resident population count, (RC, TALB, SA2, Health), 2013, 2018, and 2023 Censuses",I,2023,2023,9999,Total - New Zealand by regional council,B0706,Indonesia,05,20-24 years,699,,,
DATAFLOW,STATSNZ:CEN23_ECI_006(1.0),"Birthplace and age for the census usually resident population count, (RC, TALB, SA2, Health), 2013, 2018, and 2023 Censuses",I,2023,2023,9999,Total - New Zealand by regional council,C,Not elsewhere included,11,50-54 years,2352,,,
DATAFLOW,STATSNZ:CEN23_ECI_006(1.0),"Birthplace and age for the census usually resident population count, (RC, TALB, SA2, Health), 2013, 2018, and 2023 Censuses",I,2023,2023,9999,Total - New Zealand by regional council,B0602,Iran,17,80-84 years,45,,,
DATAFLOW,STATSNZ:CEN23_ECI_006(1.0),"Birthplace and age for the census usually resident population count, (RC, TALB, SA2, Health), 2013, 2018, and 2023 Censuses",I,2023,2023,9999,Total - New Zealand by regional council,B0510,Serbia,13,60-64 years,117,,,
DATAFLOW,STATSNZ:CEN23_ECI_006(1.0),"Birthplace and age for the census usually resident population count, (RC, TALB, SA2, Health), 2013, 2018, and 2023 Censuses",I,2023,2023,9999,Total - New Zealand by regional council,B0803,Japan,3,30-64 years,7974,,,
DATAFLOW,STATSNZ:CEN23_ECI_006(1.0),"Birthplace and age for the census usually resident population count, (RC, TALB, SA2, Health), 2013, 2018, and 2023 Censuses",I,2023,2023,9999,Total - New Zealand by regional council,B0603,Saudi Arabia,2,15-29 years,540,,,
DATAFLOW,STATSNZ:CEN23_ECI_006(1.0),"Birthplace and age for the census usually resident population count, (RC, TALB, SA2, Health), 2013, 2018, and 2023 Censuses",I,2023,2023,9999,Total - New Zealand by regional council,B0506,Ukraine,18,85-89 years,45,,,
DATAFLOW,STATSNZ:CEN23_ECI_006(1.0),"Birthplace and age for the census usually resident population count, (RC, TALB, SA2, Health), 2013, 2018, and 2023 Censuses",I,2023,2023,9999,Total - New Zealand by regional council,B1003,Brazil,15,70-74 years,24,,,
DATAFLOW,STATSNZ:CEN23_ECI_006(1.0),"Birthplace and age for the census usually resident population count, (RC, TALB, SA2, Health), 2013, 2018, and 2023 Censuses",I,2023,2023,9999,Total - New Zealand by regional council,B0204,Cook Islands,02,5-9 years,132,,,
DATAFLOW,STATSNZ:CEN23_ECI_006(1.0),"Birthplace and age for the census usually resident population count, (RC, TALB, SA2, Health), 2013, 2018, and 2023 Censuses",I,2023,2023,9999,Total - New Zealand by regional council,B0503,Czech Republic,99,Total - age,2526,,,
DATAFLOW,STATSNZ:CEN23_ECI_006(1.0),"Birthplace and age for the census usually resident population count, (RC, TALB, SA2, Health), 2013, 2018, and 2023 Censuses",I,2023,2023,9999,Total - New Zealand by regional council,B0209,Papua New Guinea,05,20-24 years,87,,,
DATAFLOW,STATSNZ:CEN23_ECI_006(1.0),"Birthplace and age for the census usually resident population count, (RC, TALB, SA2, Health), 2013, 2018, and 2023 Censuses",I,2023,2023,9999,Total - New Zealand by regional council,B0609,Other Oceania and Antarctica,17,80-84 years,39,,,
DATAFLOW,STATSNZ:CEN23_ECI_006(1.0),"Birthplace and age for the census usually resident population count, (RC, TALB, SA2, Health), 2013, 2018, and 2023 Censuses",I,2023,2023,9999,Total - New Zealand by regional council,B0601,Iraq,15,70-74 years,246,,,
DATAFLOW,STATSNZ:CEN23_ECI_006(1.0),"Birthplace and age for the census usually resident population count, (RC, TALB, SA2, Health), 2013, 2018, and 2023 Censuses",I,2023,2023,9999,Total - New Zealand by regional council,B0416,Other,02,5-9 years,69,,,
DATAFLOW,STATSNZ:CEN23_ECI_006(1.0),"Birthplace and age for the census usually resident population count, (RC, TALB, SA2, Health), 2013, 2018, and 2023 Censuses",I,2023,2023,9999,Total - New Zealand by regional council,B1106,Somalia,01,0-4 years,9,,,
DATAFLOW,STATSNZ:CEN23_ECI_006(1.0),"Birthplace and age for the census usually resident population count, (RC, TALB, SA2, Health), 2013, 2018, and 2023 Censuses",I,2023,2023,9999,Total - New Zealand by regional council,B0506,Ukraine,01,0-4 years,18,,,
DATAFLOW,STATSNZ:CEN23_ECI_006(1.0),"Birthplace and age for the census usually resident population count, (RC, TALB, SA2, Health), 2013, 2018, and 2023 Censuses",I,2023,2023,9999,Total - New Zealand by regional council,B0804,Hong Kong (Special Administrative Region),3,30-64 years,7011,,,
DATAFLOW,STATSNZ:CEN23_ECI_006(1.0),"Birthplace and age for the census usually resident population count, (RC, TALB, SA2, Health), 2013, 2018, and 2023 Censuses",I,2023,2023,9999,Total - New Zealand by regional council,B0208,Tuvalu,13,60-64 years,144,,,
DATAFLOW,STATSNZ:CEN23_ECI_006(1.0),"Birthplace and age for the census usually resident population count, (RC, TALB, SA2, Health), 2013, 2018, and 2023 Censuses",I,2023,2023,9999,Total - New Zealand by regional council,B1005,Argentina,Median,Median - age,35.1,,,
DATAFLOW,STATSNZ:CEN23_ECI_006(1.0),"Birthplace and age for the census usually resident population count, (RC, TALB, SA2, Health), 2013, 2018, and 2023 Censuses",I,2023,2023,9999,Total - New Zealand by regional council,B0508,Spain,03,10-14 years,132,,,
DATAFLOW,STATSNZ:CEN23_ECI_006(1.0),"Birthplace and age for the census usually resident population count, (RC, TALB, SA2, Health), 2013, 2018, and 2023 Censuses",I,2023,2023,9999,Total - New Zealand by regional council,B0401,England,Median,Median - age,55.9,,,
DATAFLOW,STATSNZ:CEN23_ECI_006(1.0),"Birthplace and age for the census usually resident population count, (RC, TALB, SA2, Health), 2013, 2018, and 2023 Censuses",I,2023,2023,9999,Total - New Zealand by regional council,B0203,Tonga,1,Under 15 years,1521,,,
DATAFLOW,STATSNZ:CEN23_ECI_006(1.0),"Birthplace and age for the census usually resident population count, (RC, TALB, SA2, Health), 2013, 2018, and 2023 Censuses",I,2023,2023,9999,Total - New Zealand by regional council,B1105,Ethiopia,4,65 years and over,78,,,
DATAFLOW,STATSNZ:CEN23_ECI_006(1.0),"Birthplace and age for the census usually resident population count, (RC, TALB, SA2, Health), 2013, 2018, and 2023 Censuses",I,2023,2023,9999,Total - New Zealand by regional council,B0512,Other,01,0-4 years,36,,,
DATAFLOW,STATSNZ:CEN23_ECI_006(1.0),"Birthplace and age for the census usually resident population count, (RC, TALB, SA2, Health), 2013, 2018, and 2023 Censuses",I,2023,2023,9999,Total - New Zealand by regional council,B03,Other Oceania and Antarctica,Median,Median - age,,,c,Confidential
DATAFLOW,STATSNZ:CEN23_ECI_006(1.0),"Birthplace and age for the census usually resident population count, (RC, TALB, SA2, Health), 2013, 2018, and 2023 Censuses",I,2023,2023,9999,Total - New Zealand by regional council,B0205,Niue,06,25-29 years,90,,,
DATAFLOW,STATSNZ:CEN23_ECI_006(1.0),"Birthplace and age for the census usually resident population count, (RC, TALB, SA2, Health), 2013, 2018, and 2023 Censuses",I,2023,2023,9999,Total - New Zealand by regional council,B0508,Spain,1,Under 15 years,210,,,
DATAFLOW,STATSNZ:CEN23_ECI_006(1.0),"Birthplace and age for the census usually resident population count, (RC, TALB, SA2, Health), 2013, 2018, and 2023 Censuses",I,2023,2023,9999,Total - New Zealand by regional council,B1002,Canada,13,60-64 years,903,,,
DATAFLOW,STATSNZ:CEN23_ECI_006(1.0),"Birthplace and age for the census usually resident population count, (RC, TALB, SA2, Health), 2013, 2018, and 2023 Censuses",I,2023,2023,9999,Total - New Zealand by regional council,B0201,Fiji,17,80-84 years,963,,,
DATAFLOW,STATSNZ:CEN23_ECI_006(1.0),"Birthplace and age for the census usually resident population count, (RC, TALB, SA2, Health), 2013, 2018, and 2023 Censuses",I,2023,2023,9999,Total - New Zealand by regional council,B0406,Ireland,12,55-59 years,630,,,
DATAFLOW,STATSNZ:CEN23_ECI_006(1.0),"Birthplace and age for the census usually resident population count, (RC, TALB, SA2, Health), 2013, 2018, and 2023 Censuses",I,2023,2023,9999,Total - New Zealand by regional council,B0508,Spain,19,90 years and over,6,,,
DATAFLOW,STATSNZ:CEN23_ECI_006(1.0),"Birthplace and age for the census usually resident population count, (RC, TALB, SA2, Health), 2013, 2018, and 2023 Censuses",I,2023,2023,9999,Total - New Zealand by regional council,B1105,Ethiopia,07,30-34 years,213,,,
DATAFLOW,STATSNZ:CEN23_ECI_006(1.0),"Birthplace and age for the census usually resident population count, (RC, TALB, SA2, Health), 2013, 2018, and 2023 Censuses",I,2023,2023,9999,Total - New Zealand by regional council,B0703,Thailand,3,30-64 years,7686,,,
DATAFLOW,STATSNZ:CEN23_ECI_006(1.0),"Birthplace and age for the census usually resident population count, (RC, TALB, SA2, Health), 2013, 2018, and 2023 Censuses",I,2023,2023,9999,Total - New Zealand by regional council,B0803,Japan,Median,Median - age,41,,,
DATAFLOW,STATSNZ:CEN23_ECI_006(1.0),"Birthplace and age for the census usually resident population count, (RC, TALB, SA2, Health), 2013, 2018, and 2023 Censuses",I,2023,2023,9999,Total - New Zealand by regional council,B01,Australia,04,15-19 years,6630,,,
DATAFLOW,STATSNZ:CEN23_ECI_006(1.0),"Birthplace and age for the census usually resident population count, (RC, TALB, SA2, Health), 2013, 2018, and 2023 Censuses",I,2023,2023,9999,Total - New Zealand by regional council,B0701,Philippines,14,65-69 years,1650,,,
DATAFLOW,STATSNZ:CEN23_ECI_006(1.0),"Birthplace and age for the census usually resident population count, (RC, TALB, SA2, Health), 2013, 2018, and 2023 Censuses",I,2023,2023,9999,Total - New Zealand by regional council,B0511,Greece,99,Total - age,900,,,
DATAFLOW,STATSNZ:CEN23_ECI_006(1.0),"Birthplace and age for the census usually resident population count, (RC, TALB, SA2, Health), 2013, 2018, and 2023 Censuses",I,2023,2023,9999,Total - New Zealand by regional council,B0209,Papua New Guinea,07,30-34 years,138,,,
DATAFLOW,STATSNZ:CEN23_ECI_006(1.0),"Birthplace and age for the census usually resident population count, (RC, TALB, SA2, Health), 2013, 2018, and 2023 Censuses",I,2023,2023,9999,Total - New Zealand by regional council,B04,North-West Europe,12,55-59 years,30660,,,
DATAFLOW,STATSNZ:CEN23_ECI_006(1.0),"Birthplace and age for the census usually resident population count, (RC, TALB, SA2, Health), 2013, 2018, and 2023 Censuses",I,2023,2023,9999,Total - New Zealand by regional council,B0602,Iran,99,Total - age,5409,,,
DATAFLOW,STATSNZ:CEN23_ECI_006(1.0),"Birthplace and age for the census usually resident population count, (RC, TALB, SA2, Health), 2013, 2018, and 2023 Censuses",I,2023,2023,9999,Total - New Zealand by regional council,B09,Southern and Central Asia,13,60-64 years,5526,,,
DATAFLOW,STATSNZ:CEN23_ECI_006(1.0),"Birthplace and age for the census usually resident population count, (RC, TALB, SA2, Health), 2013, 2018, and 2023 Censuses",I,2023,2023,9999,Total - New Zealand by regional council,B1102,Zimbabwe,06,25-29 years,657,,,
DATAFLOW,STATSNZ:CEN23_ECI_006(1.0),"Birthplace and age for the census usually resident population count, (RC, TALB, SA2, Health), 2013, 2018, and 2023 Censuses",I,2023,2023,9999,Total - New Zealand by regional council,B1002,Canada,1,Under 15 years,954,,,
DATAFLOW,STATSNZ:CEN23_ECI_006(1.0),"Birthplace and age for the census usually resident population count, (RC, TALB, SA2, Health), 2013, 2018, and 2023 Censuses",I,2023,2023,9999,Total - New Zealand by regional council,C,Not elsewhere included,04,15-19 years,2829,,,
DATAFLOW,STATSNZ:CEN23_ECI_006(1.0),"Birthplace and age for the census usually resident population count, (RC, TALB, SA2, Health), 2013, 2018, and 2023 Censuses",I,2023,2023,9999,Total - New Zealand by regional council,777777,Total stated - birthplace,1,Under 15 years,929208,,,
DATAFLOW,STATSNZ:CEN23_ECI_006(1.0),"Birthplace and age for the census usually resident population count, (RC, TALB, SA2, Health), 2013, 2018, and 2023 Censuses",I,2023,2023,9999,Total - New Zealand by regional council,B0407,France,18,85-89 years,27,,,
DATAFLOW,STATSNZ:CEN23_ECI_006(1.0),"Birthplace and age for the census usually resident population count, (RC, TALB, SA2, Health), 2013, 2018, and 2023 Censuses",I,2023,2023,9999,Total - New Zealand by regional council,B0709,Other,08,35-39 years,111,,,
DATAFLOW,STATSNZ:CEN23_ECI_006(1.0),"Birthplace and age for the census usually resident population count, (RC, TALB, SA2, Health), 2013, 2018, and 2023 Censuses",I,2023,2023,9999,Total - New Zealand by regional council,B0414,Belgium,13,60-64 years,54,,,
DATAFLOW,STATSNZ:CEN23_ECI_006(1.0),"Birthplace and age for the census usually resident population count, (RC, TALB, SA2, Health), 2013, 2018, and 2023 Censuses",I,2023,2023,9999,Total - New Zealand by regional council,B0411,Sweden,Median,Median - age,41.4,,,
DATAFLOW,STATSNZ:CEN23_ECI_006(1.0),"Birthplace and age for the census usually resident population count, (RC, TALB, SA2, Health), 2013, 2018, and 2023 Censuses",I,2023,2023,9999,Total - New Zealand by regional council,B0709,Other,1,Under 15 years,78,,,
DATAFLOW,STATSNZ:CEN23_ECI_006(1.0),"Birthplace and age for the census usually resident population count, (RC, TALB, SA2, Health), 2013, 2018, and 2023 Censuses",I,2023,2023,9999,Total - New Zealand by regional council,B0907,Other,11,50-54 years,168,,,
DATAFLOW,STATSNZ:CEN23_ECI_006(1.0),"Birthplace and age for the census usually resident population count, (RC, TALB, SA2, Health), 2013, 2018, and 2023 Censuses",I,2023,2023,9999,Total - New Zealand by regional council,B04,North-West Europe,06,25-29 years,17622,,,
DATAFLOW,STATSNZ:CEN23_ECI_006(1.0),"Birthplace and age for the census usually resident population count, (RC, TALB, SA2, Health), 2013, 2018, and 2023 Censuses",I,2023,2023,9999,Total - New Zealand by regional council,B1101,South Africa,05,20-24 years,5349,,,
DATAFLOW,STATSNZ:CEN23_ECI_006(1.0),"Birthplace and age for the census usually resident population count, (RC, TALB, SA2, Health), 2013, 2018, and 2023 Censuses",I,2023,2023,9999,Total - New Zealand by regional council,B1007,Mexico,11,50-54 years,102,,,
DATAFLOW,STATSNZ:CEN23_ECI_006(1.0),"Birthplace and age for the census usually resident population count, (RC, TALB, SA2, Health), 2013, 2018, and 2023 Censuses",I,2023,2023,9999,Total - New Zealand by regional council,B1002,Canada,05,20-24 years,636,,,
DATAFLOW,STATSNZ:CEN23_ECI_006(1.0),"Birthplace and age for the census usually resident population count, (RC, TALB, SA2, Health), 2013, 2018, and 2023 Censuses",I,2023,2023,9999,Total - New Zealand by regional council,B0603,Saudi Arabia,3,30-64 years,660,,,
DATAFLOW,STATSNZ:CEN23_ECI_006(1.0),"Birthplace and age for the census usually resident population count, (RC, TALB, SA2, Health), 2013, 2018, and 2023 Censuses",I,2023,2023,9999,Total - New Zealand by regional council,B01,Australia,01,0-4 years,3003,,,
DATAFLOW,STATSNZ:CEN23_ECI_006(1.0),"Birthplace and age for the census usually resident population count, (RC, TALB, SA2, Health), 2013, 2018, and 2023 Censuses",I,2023,2023,9999,Total - New Zealand by regional council,B0703,Thailand,06,25-29 years,1101,,,
DATAFLOW,STATSNZ:CEN23_ECI_006(1.0),"Birthplace and age for the census usually resident population count, (RC, TALB, SA2, Health), 2013, 2018, and 2023 Censuses",I,2023,2023,9999,Total - New Zealand by regional council,B05,Southern and Eastern Europe,3,30-64 years,23079,,,
DATAFLOW,STATSNZ:CEN23_ECI_006(1.0),"Birthplace and age for the census usually resident population count, (RC, TALB, SA2, Health), 2013, 2018, and 2023 Censuses",I,2023,2023,9999,Total - New Zealand by regional council,B0602,Iran,12,55-59 years,375,,,
DATAFLOW,STATSNZ:CEN23_ECI_006(1.0),"Birthplace and age for the census usually resident population count, (RC, TALB, SA2, Health), 2013, 2018, and 2023 Censuses",I,2023,2023,9999,Total - New Zealand by regional council,B0708,Myanmar,4,65 years and over,300,,,
DATAFLOW,STATSNZ:CEN23_ECI_006(1.0),"Birthplace and age for the census usually resident population count, (RC, TALB, SA2, Health), 2013, 2018, and 2023 Censuses",I,2023,2023,9999,Total - New Zealand by regional council,B0705,Cambodia,04,15-19 years,204,,,
DATAFLOW,STATSNZ:CEN23_ECI_006(1.0),"Birthplace and age for the census usually resident population count, (RC, TALB, SA2, Health), 2013, 2018, and 2023 Censuses",I,2023,2023,9999,Total - New Zealand by regional council,B05,Southern and Eastern Europe,15,70-74 years,1263,,,
DATAFLOW,STATSNZ:CEN23_ECI_006(1.0),"Birthplace and age for the census usually resident population count, (RC, TALB, SA2, Health), 2013, 2018, and 2023 Censuses",I,2023,2023,9999,Total - New Zealand by regional council,B0506,Ukraine,13,60-64 years,162,,,
DATAFLOW,STATSNZ:CEN23_ECI_006(1.0),"Birthplace and age for the census usually resident population count, (RC, TALB, SA2, Health), 2013, 2018, and 2023 Censuses",I,2023,2023,9999,Total - New Zealand by regional council,B0903,Pakistan,18,85-89 years,21,,,
DATAFLOW,STATSNZ:CEN23_ECI_006(1.0),"Birthplace and age for the census usually resident population count, (RC, TALB, SA2, Health), 2013, 2018, and 2023 Censuses",I,2023,2023,9999,Total - New Zealand by regional council,B07,South-East Asia,19,90 years and over,258,,,
DATAFLOW,STATSNZ:CEN23_ECI_006(1.0),"Birthplace and age for the census usually resident population count, (RC, TALB, SA2, Health), 2013, 2018, and 2023 Censuses",I,2023,2023,9999,Total - New Zealand by regional council,B0413,Austria,06,25-29 years,72,,,
DATAFLOW,STATSNZ:CEN23_ECI_006(1.0),"Birthplace and age for the census usually resident population count, (RC, TALB, SA2, Health), 2013, 2018, and 2023 Censuses",I,2023,2023,9999,Total - New Zealand by regional council,B1008,Other Americas,17,80-84 years,93,,,
DATAFLOW,STATSNZ:CEN23_ECI_006(1.0),"Birthplace and age for the census usually resident population count, (RC, TALB, SA2, Health), 2013, 2018, and 2023 Censuses",I,2023,2023,9999,Total - New Zealand by regional council,B0705,Cambodia,08,35-39 years,1011,,,
DATAFLOW,STATSNZ:CEN23_ECI_006(1.0),"Birthplace and age for the census usually resident population count, (RC, TALB, SA2, Health), 2013, 2018, and 2023 Censuses",I,2023,2023,9999,Total - New Zealand by regional council,B05,Southern and Eastern Europe,17,80-84 years,891,,,
DATAFLOW,STATSNZ:CEN23_ECI_006(1.0),"Birthplace and age for the census usually resident population count, (RC, TALB, SA2, Health), 2013, 2018, and 2023 Censuses",I,2023,2023,9999,Total - New Zealand by regional council,B0503,Czech Republic,11,50-54 years,87,,,
DATAFLOW,STATSNZ:CEN23_ECI_006(1.0),"Birthplace and age for the census usually resident population count, (RC, TALB, SA2, Health), 2013, 2018, and 2023 Censuses",I,2023,2023,9999,Total - New Zealand by regional council,B0803,Japan,05,20-24 years,864,,,
DATAFLOW,STATSNZ:CEN23_ECI_006(1.0),"Birthplace and age for the census usually resident population count, (RC, TALB, SA2, Health), 2013, 2018, and 2023 Censuses",I,2023,2023,9999,Total - New Zealand by regional council,B1101,South Africa,3,30-64 years,57360,,,
DATAFLOW,STATSNZ:CEN23_ECI_006(1.0),"Birthplace and age for the census usually resident population count, (RC, TALB, SA2, Health), 2013, 2018, and 2023 Censuses",I,2023,2023,9999,Total - New Zealand by regional council,B0415,Channel Islands,17,80-84 years,42,,,
DATAFLOW,STATSNZ:CEN23_ECI_006(1.0),"Birthplace and age for the census usually resident population count, (RC, TALB, SA2, Health), 2013, 2018, and 2023 Censuses",I,2023,2023,9999,Total - New Zealand by regional council,B0902,Sri Lanka,Median,Median - age,38,,,
DATAFLOW,STATSNZ:CEN23_ECI_006(1.0),"Birthplace and age for the census usually resident population count, (RC, TALB, SA2, Health), 2013, 2018, and 2023 Censuses",I,2023,2023,9999,Total - New Zealand by regional council,B0208,Tuvalu,12,55-59 years,147,,,
DATAFLOW,STATSNZ:CEN23_ECI_006(1.0),"Birthplace and age for the census usually resident population count, (RC, TALB, SA2, Health), 2013, 2018, and 2023 Censuses",I,2023,2023,9999,Total - New Zealand by regional council,B1104,Zambia,4,65 years and over,363,,,
DATAFLOW,STATSNZ:CEN23_ECI_006(1.0),"Birthplace and age for the census usually resident population count, (RC, TALB, SA2, Health), 2013, 2018, and 2023 Censuses",I,2023,2023,9999,Total - New Zealand by regional council,B0604,Egypt,11,50-54 years,108,,,
DATAFLOW,STATSNZ:CEN23_ECI_006(1.0),"Birthplace and age for the census usually resident population count, (RC, TALB, SA2, Health), 2013, 2018, and 2023 Censuses",I,2023,2023,9999,Total - New Zealand by regional council,B1001,United States of America,13,60-64 years,1752,,,
DATAFLOW,STATSNZ:CEN23_ECI_006(1.0),"Birthplace and age for the census usually resident population count, (RC, TALB, SA2, Health), 2013, 2018, and 2023 Censuses",I,2023,2023,9999,Total - New Zealand by regional council,B1105,Ethiopia,17,80-84 years,6,,,
DATAFLOW,STATSNZ:CEN23_ECI_006(1.0),"Birthplace and age for the census usually resident population count, (RC, TALB, SA2, Health), 2013, 2018, and 2023 Censuses",I,2023,2023,9999,Total - New Zealand by regional council,B04,North-West Europe,3,30-64 years,162402,,,
DATAFLOW,STATSNZ:CEN23_ECI_006(1.0),"Birthplace and age for the census usually resident population count, (RC, TALB, SA2, Health), 2013, 2018, and 2023 Censuses",I,2023,2023,9999,Total - New Zealand by regional council,B0414,Belgium,09,40-44 years,129,,,
DATAFLOW,STATSNZ:CEN23_ECI_006(1.0),"Birthplace and age for the census usually resident population count, (RC, TALB, SA2, Health), 2013, 2018, and 2023 Censuses",I,2023,2023,9999,Total - New Zealand by regional council,B01,Australia,99,Total - age,86427,,,
DATAFLOW,STATSNZ:CEN23_ECI_006(1.0),"Birthplace and age for the census usually resident population count, (RC, TALB, SA2, Health), 2013, 2018, and 2023 Censuses",I,2023,2023,9999,Total - New Zealand by regional council,B0501,Russia,16,75-79 years,129,,,
DATAFLOW,STATSNZ:CEN23_ECI_006(1.0),"Birthplace and age for the census usually resident population count, (RC, TALB, SA2, Health), 2013, 2018, and 2023 Censuses",I,2023,2023,9999,Total - New Zealand by regional council,B0210,Tokelau,01,0-4 years,3,,,
DATAFLOW,STATSNZ:CEN23_ECI_006(1.0),"Birthplace and age for the census usually resident population count, (RC, TALB, SA2, Health), 2013, 2018, and 2023 Censuses",I,2023,2023,9999,Total - New Zealand by regional council,B1101,South Africa,18,85-89 years,510,,,
DATAFLOW,STATSNZ:CEN23_ECI_006(1.0),"Birthplace and age for the census usually resident population count, (RC, TALB, SA2, Health), 2013, 2018, and 2023 Censuses",I,2023,2023,9999,Total - New Zealand by regional council,B0603,Saudi Arabia,05,20-24 years,174,,,
DATAFLOW,STATSNZ:CEN23_ECI_006(1.0),"Birthplace and age for the census usually resident population count, (RC, TALB, SA2, Health), 2013, 2018, and 2023 Censuses",I,2023,2023,9999,Total - New Zealand by regional council,B0401,England,12,55-59 years,21627,,,
DATAFLOW,STATSNZ:CEN23_ECI_006(1.0),"Birthplace and age for the census usually resident population count, (RC, TALB, SA2, Health), 2013, 2018, and 2023 Censuses",I,2023,2023,9999,Total - New Zealand by regional council,B0204,Cook Islands,08,35-39 years,636,,,
DATAFLOW,STATSNZ:CEN23_ECI_006(1.0),"Birthplace and age for the census usually resident population count, (RC, TALB, SA2, Health), 2013, 2018, and 2023 Censuses",I,2023,2023,9999,Total - New Zealand by regional council,B0405,United Kingdom (not further defined),08,35-39 years,642,,,
DATAFLOW,STATSNZ:CEN23_ECI_006(1.0),"Birthplace and age for the census usually resident population count, (RC, TALB, SA2, Health), 2013, 2018, and 2023 Censuses",I,2023,2023,9999,Total - New Zealand by regional council,999999,Total - birthplace,01,0-4 years,288387,,,
DATAFLOW,STATSNZ:CEN23_ECI_006(1.0),"Birthplace and age for the census usually resident population count, (RC, TALB, SA2, Health), 2013, 2018, and 2023 Censuses",I,2023,2023,9999,Total - New Zealand by regional council,B0209,Papua New Guinea,12,55-59 years,120,,,
DATAFLOW,STATSNZ:CEN23_ECI_006(1.0),"Birthplace and age for the census usually resident population count, (RC, TALB, SA2, Health), 2013, 2018, and 2023 Censuses",I,2023,2023,9999,Total - New Zealand by regional council,B0901,India,13,60-64 years,4128,,,
DATAFLOW,STATSNZ:CEN23_ECI_006(1.0),"Birthplace and age for the census usually resident population count, (RC, TALB, SA2, Health), 2013, 2018, and 2023 Censuses",I,2023,2023,9999,Total - New Zealand by regional council,A,New Zealand,4,65 years and over,597105,,,
DATAFLOW,STATSNZ:CEN23_ECI_006(1.0),"Birthplace and age for the census usually resident population count, (RC, TALB, SA2, Health), 2013, 2018, and 2023 Censuses",I,2023,2023,9999,Total - New Zealand by regional council,B06,North Africa and the Middle East,09,40-44 years,2880,,,
DATAFLOW,STATSNZ:CEN23_ECI_006(1.0),"Birthplace and age for the census usually resident population count, (RC, TALB, SA2, Health), 2013, 2018, and 2023 Censuses",I,2023,2023,9999,Total - New Zealand by regional council,B0405,United Kingdom (not further defined),17,80-84 years,246,,,
DATAFLOW,STATSNZ:CEN23_ECI_006(1.0),"Birthplace and age for the census usually resident population count, (RC, TALB, SA2, Health), 2013, 2018, and 2023 Censuses",I,2023,2023,9999,Total - New Zealand by regional council,B0907,Other,17,80-84 years,33,,,
DATAFLOW,STATSNZ:CEN23_ECI_006(1.0),"Birthplace and age for the census usually resident population count, (RC, TALB, SA2, Health), 2013, 2018, and 2023 Censuses",I,2023,2023,9999,Total - New Zealand by regional council,B09,Southern and Central Asia,06,25-29 years,27762,,,
DATAFLOW,STATSNZ:CEN23_ECI_006(1.0),"Birthplace and age for the census usually resident population count, (RC, TALB, SA2, Health), 2013, 2018, and 2023 Censuses",I,2023,2023,9999,Total - New Zealand by regional council,B0607,Israel,13,60-64 years,69,,,
DATAFLOW,STATSNZ:CEN23_ECI_006(1.0),"Birthplace and age for the census usually resident population count, (RC, TALB, SA2, Health), 2013, 2018, and 2023 Censuses",I,2023,2023,9999,Total - New Zealand by regional council,B0409,Northern Ireland,04,15-19 years,78,,,
DATAFLOW,STATSNZ:CEN23_ECI_006(1.0),"Birthplace and age for the census usually resident population count, (RC, TALB, SA2, Health), 2013, 2018, and 2023 Censuses",I,2023,2023,9999,Total - New Zealand by regional council,B0411,Sweden,05,20-24 years,102,,,
DATAFLOW,STATSNZ:CEN23_ECI_006(1.0),"Birthplace and age for the census usually resident population count, (RC, TALB, SA2, Health), 2013, 2018, and 2023 Censuses",I,2023,2023,9999,Total - New Zealand by regional council,B0408,Wales,09,40-44 years,537,,,
DATAFLOW,STATSNZ:CEN23_ECI_006(1.0),"Birthplace and age for the census usually resident population count, (RC, TALB, SA2, Health), 2013, 2018, and 2023 Censuses",I,2023,2023,9999,Total - New Zealand by regional council,B1103,Kenya,07,30-34 years,117,,,
DATAFLOW,STATSNZ:CEN23_ECI_006(1.0),"Birthplace and age for the census usually resident population count, (RC, TALB, SA2, Health), 2013, 2018, and 2023 Censuses",I,2023,2023,9999,Total - New Zealand by regional council,B0404,Netherlands,09,40-44 years,870,,,
DATAFLOW,STATSNZ:CEN23_ECI_006(1.0),"Birthplace and age for the census usually resident population count, (RC, TALB, SA2, Health), 2013, 2018, and 2023 Censuses",I,2023,2023,9999,Total - New Zealand by regional council,B0210,Tokelau,02,5-9 years,9,,,
DATAFLOW,STATSNZ:CEN23_ECI_006(1.0),"Birthplace and age for the census usually resident population count, (RC, TALB, SA2, Health), 2013, 2018, and 2023 Censuses",I,2023,2023,9999,Total - New Zealand by regional council,B0905,Nepal,08,35-39 years,810,,,
DATAFLOW,STATSNZ:CEN23_ECI_006(1.0),"Birthplace and age for the census usually resident population count, (RC, TALB, SA2, Health), 2013, 2018, and 2023 Censuses",I,2023,2023,9999,Total - New Zealand by regional council,B0201,Fiji,04,15-19 years,2703,,,
DATAFLOW,STATSNZ:CEN23_ECI_006(1.0),"Birthplace and age for the census usually resident population count, (RC, TALB, SA2, Health), 2013, 2018, and 2023 Censuses",I,2023,2023,9999,Total - New Zealand by regional council,B,Overseas,05,20-24 years,77952,,,
DATAFLOW,STATSNZ:CEN23_ECI_006(1.0),"Birthplace and age for the census usually resident population count, (RC, TALB, SA2, Health), 2013, 2018, and 2023 Censuses",I,2023,2023,9999,Total - New Zealand by regional council,999999,Total - birthplace,18,85-89 years,57939,,,
DATAFLOW,STATSNZ:CEN23_ECI_006(1.0),"Birthplace and age for the census usually resident population count, (RC, TALB, SA2, Health), 2013, 2018, and 2023 Censuses",I,2023,2023,9999,Total - New Zealand by regional council,B0905,Nepal,04,15-19 years,192,,,
DATAFLOW,STATSNZ:CEN23_ECI_006(1.0),"Birthplace and age for the census usually resident population count, (RC, TALB, SA2, Health), 2013, 2018, and 2023 Censuses",I,2023,2023,9999,Total - New Zealand by regional council,B0413,Austria,03,10-14 years,48,,,
DATAFLOW,STATSNZ:CEN23_ECI_006(1.0),"Birthplace and age for the census usually resident population count, (RC, TALB, SA2, Health), 2013, 2018, and 2023 Censuses",I,2023,2023,9999,Total - New Zealand by regional council,B1003,Brazil,19,90 years and over,6,,,
DATAFLOW,STATSNZ:CEN23_ECI_006(1.0),"Birthplace and age for the census usually resident population count, (RC, TALB, SA2, Health), 2013, 2018, and 2023 Censuses",I,2023,2023,9999,Total - New Zealand by regional council,B07,South-East Asia,02,5-9 years,4899,,,
DATAFLOW,STATSNZ:CEN23_ECI_006(1.0),"Birthplace and age for the census usually resident population count, (RC, TALB, SA2, Health), 2013, 2018, and 2023 Censuses",I,2023,2023,9999,Total - New Zealand by regional council,B1001,United States of America,01,0-4 years,480,,,
DATAFLOW,STATSNZ:CEN23_ECI_006(1.0),"Birthplace and age for the census usually resident population count, (RC, TALB, SA2, Health), 2013, 2018, and 2023 Censuses",I,2023,2023,9999,Total - New Zealand by regional council,B1102,Zimbabwe,3,30-64 years,6081,,,
DATAFLOW,STATSNZ:CEN23_ECI_006(1.0),"Birthplace and age for the census usually resident population count, (RC, TALB, SA2, Health), 2013, 2018, and 2023 Censuses",I,2023,2023,9999,Total - New Zealand by regional council,B08,North-East Asia,3,30-64 years,134658,,,
DATAFLOW,STATSNZ:CEN23_ECI_006(1.0),"Birthplace and age for the census usually resident population count, (RC, TALB, SA2, Health), 2013, 2018, and 2023 Censuses",I,2023,2023,9999,Total - New Zealand by regional council,B0203,Tonga,09,40-44 years,2817,,,
DATAFLOW,STATSNZ:CEN23_ECI_006(1.0),"Birthplace and age for the census usually resident population count, (RC, TALB, SA2, Health), 2013, 2018, and 2023 Censuses",I,2023,2023,9999,Total - New Zealand by regional council,B1007,Mexico,4,65 years and over,57,,,
DATAFLOW,STATSNZ:CEN23_ECI_006(1.0),"Birthplace and age for the census usually resident population count, (RC, TALB, SA2, Health), 2013, 2018, and 2023 Censuses",I,2023,2023,9999,Total - New Zealand by regional council,B0501,Russia,02,5-9 years,204,,,
DATAFLOW,STATSNZ:CEN23_ECI_006(1.0),"Birthplace and age for the census usually resident population count, (RC, TALB, SA2, Health), 2013, 2018, and 2023 Censuses",I,2023,2023,9999,Total - New Zealand by regional council,B12,At sea,16,75-79 years,0,,,
DATAFLOW,STATSNZ:CEN23_ECI_006(1.0),"Birthplace and age for the census usually resident population count, (RC, TALB, SA2, Health), 2013, 2018, and 2023 Censuses",I,2023,2023,9999,Total - New Zealand by regional council,B0205,Niue,11,50-54 years,465,,,
DATAFLOW,STATSNZ:CEN23_ECI_006(1.0),"Birthplace and age for the census usually resident population count, (RC, TALB, SA2, Health), 2013, 2018, and 2023 Censuses",I,2023,2023,9999,Total - New Zealand by regional council,B0408,Wales,13,60-64 years,630,,,
DATAFLOW,STATSNZ:CEN23_ECI_006(1.0),"Birthplace and age for the census usually resident population count, (RC, TALB, SA2, Health), 2013, 2018, and 2023 Censuses",I,2023,2023,9999,Total - New Zealand by regional council,B0504,Poland,06,25-29 years,99,,,
DATAFLOW,STATSNZ:CEN23_ECI_006(1.0),"Birthplace and age for the census usually resident population count, (RC, TALB, SA2, Health), 2013, 2018, and 2023 Censuses",I,2023,2023,9999,Total - New Zealand by regional council,777777,Total stated - birthplace,16,75-79 years,162567,,,
DATAFLOW,STATSNZ:CEN23_ECI_006(1.0),"Birthplace and age for the census usually resident population count, (RC, TALB, SA2, Health), 2013, 2018, and 2023 Censuses",I,2023,2023,9999,Total - New Zealand by regional council,B0502,Italy,09,40-44 years,282,,,
DATAFLOW,STATSNZ:CEN23_ECI_006(1.0),"Birthplace and age for the census usually resident population count, (RC, TALB, SA2, Health), 2013, 2018, and 2023 Censuses",I,2023,2023,9999,Total - New Zealand by regional council,B0604,Egypt,13,60-64 years,117,,,
DATAFLOW,STATSNZ:CEN23_ECI_006(1.0),"Birthplace and age for the census usually resident population count, (RC, TALB, SA2, Health), 2013, 2018, and 2023 Censuses",I,2023,2023,9999,Total - New Zealand by regional council,B0416,Other,10,45-49 years,132,,,
DATAFLOW,STATSNZ:CEN23_ECI_006(1.0),"Birthplace and age for the census usually resident population count, (RC, TALB, SA2, Health), 2013, 2018, and 2023 Censuses",I,2023,2023,9999,Total - New Zealand by regional council,B0802,"Korea, Republic of",10,45-49 years,2493,,,
DATAFLOW,STATSNZ:CEN23_ECI_006(1.0),"Birthplace and age for the census usually resident population count, (RC, TALB, SA2, Health), 2013, 2018, and 2023 Censuses",I,2023,2023,9999,Total - New Zealand by regional council,B0201,Fiji,1,Under 15 years,3231,,,
DATAFLOW,STATSNZ:CEN23_ECI_006(1.0),"Birthplace and age for the census usually resident population count, (RC, TALB, SA2, Health), 2013, 2018, and 2023 Censuses",I,2023,2023,9999,Total - New Zealand by regional council,B0202,Samoa,16,75-79 years,2025,,,
DATAFLOW,STATSNZ:CEN23_ECI_006(1.0),"Birthplace and age for the census usually resident population count, (RC, TALB, SA2, Health), 2013, 2018, and 2023 Censuses",I,2023,2023,9999,Total - New Zealand by regional council,B0408,Wales,15,70-74 years,573,,,
DATAFLOW,STATSNZ:CEN23_ECI_006(1.0),"Birthplace and age for the census usually resident population count, (RC, TALB, SA2, Health), 2013, 2018, and 2023 Censuses",I,2023,2023,9999,Total - New Zealand by regional council,B0505,Romania,19,90 years and over,24,,,
DATAFLOW,STATSNZ:CEN23_ECI_006(1.0),"Birthplace and age for the census usually resident population count, (RC, TALB, SA2, Health), 2013, 2018, and 2023 Censuses",I,2023,2023,9999,Total - New Zealand by regional council,B1003,Brazil,02,5-9 years,330,,,
DATAFLOW,STATSNZ:CEN23_ECI_006(1.0),"Birthplace and age for the census usually resident population count, (RC, TALB, SA2, Health), 2013, 2018, and 2023 Censuses",I,2023,2023,9999,Total - New Zealand by regional council,B1106,Somalia,15,70-74 years,27,,,
DATAFLOW,STATSNZ:CEN23_ECI_006(1.0),"Birthplace and age for the census usually resident population count, (RC, TALB, SA2, Health), 2013, 2018, and 2023 Censuses",I,2023,2023,9999,Total - New Zealand by regional council,B0409,Northern Ireland,16,75-79 years,411,,,
DATAFLOW,STATSNZ:CEN23_ECI_006(1.0),"Birthplace and age for the census usually resident population count, (RC, TALB, SA2, Health), 2013, 2018, and 2023 Censuses",I,2023,2023,9999,Total - New Zealand by regional council,B0505,Romania,2,15-29 years,216,,,
DATAFLOW,STATSNZ:CEN23_ECI_006(1.0),"Birthplace and age for the census usually resident population count, (RC, TALB, SA2, Health), 2013, 2018, and 2023 Censuses",I,2023,2023,9999,Total - New Zealand by regional council,B0705,Cambodia,10,45-49 years,630,,,
DATAFLOW,STATSNZ:CEN23_ECI_006(1.0),"Birthplace and age for the census usually resident population count, (RC, TALB, SA2, Health), 2013, 2018, and 2023 Censuses",I,2023,2023,9999,Total - New Zealand by regional council,B0604,Egypt,12,55-59 years,114,,,
DATAFLOW,STATSNZ:CEN23_ECI_006(1.0),"Birthplace and age for the census usually resident population count, (RC, TALB, SA2, Health), 2013, 2018, and 2023 Censuses",I,2023,2023,9999,Total - New Zealand by regional council,B0709,Other,18,85-89 years,9,,,
DATAFLOW,STATSNZ:CEN23_ECI_006(1.0),"Birthplace and age for the census usually resident population count, (RC, TALB, SA2, Health), 2013, 2018, and 2023 Censuses",I,2023,2023,9999,Total - New Zealand by regional council,B1003,Brazil,03,10-14 years,393,,,
DATAFLOW,STATSNZ:CEN23_ECI_006(1.0),"Birthplace and age for the census usually resident population count, (RC, TALB, SA2, Health), 2013, 2018, and 2023 Censuses",I,2023,2023,9999,Total - New Zealand by regional council,B0502,Italy,12,55-59 years,180,,,
DATAFLOW,STATSNZ:CEN23_ECI_006(1.0),"Birthplace and age for the census usually resident population count, (RC, TALB, SA2, Health), 2013, 2018, and 2023 Censuses",I,2023,2023,9999,Total - New Zealand by regional council,A,New Zealand,16,75-79 years,117831,,,
DATAFLOW,STATSNZ:CEN23_ECI_006(1.0),"Birthplace and age for the census usually resident population count, (RC, TALB, SA2, Health), 2013, 2018, and 2023 Censuses",I,2023,2023,9999,Total - New Zealand by regional council,B12,At sea,10,45-49 years,0,,,
DATAFLOW,STATSNZ:CEN23_ECI_006(1.0),"Birthplace and age for the census usually resident population count, (RC, TALB, SA2, Health), 2013, 2018, and 2023 Censuses",I,2023,2023,9999,Total - New Zealand by regional council,B1005,Argentina,15,70-74 years,27,,,
DATAFLOW,STATSNZ:CEN23_ECI_006(1.0),"Birthplace and age for the census usually resident population count, (RC, TALB, SA2, Health), 2013, 2018, and 2023 Censuses",I,2023,2023,9999,Total - New Zealand by regional council,B0901,India,2,15-29 years,31986,,,
DATAFLOW,STATSNZ:CEN23_ECI_006(1.0),"Birthplace and age for the census usually resident population count, (RC, TALB, SA2, Health), 2013, 2018, and 2023 Censuses",I,2023,2023,9999,Total - New Zealand by regional council,B0408,Wales,05,20-24 years,258,,,
DATAFLOW,STATSNZ:CEN23_ECI_006(1.0),"Birthplace and age for the census usually resident population count, (RC, TALB, SA2, Health), 2013, 2018, and 2023 Censuses",I,2023,2023,9999,Total - New Zealand by regional council,B0507,Croatia,08,35-39 years,123,,,
DATAFLOW,STATSNZ:CEN23_ECI_006(1.0),"Birthplace and age for the census usually resident population count, (RC, TALB, SA2, Health), 2013, 2018, and 2023 Censuses",I,2023,2023,9999,Total - New Zealand by regional council,B0511,Greece,13,60-64 years,48,,,
DATAFLOW,STATSNZ:CEN23_ECI_006(1.0),"Birthplace and age for the census usually resident population count, (RC, TALB, SA2, Health), 2013, 2018, and 2023 Censuses",I,2023,2023,9999,Total - New Zealand by regional council,B0805,Taiwan,Median,Median - age,43.1,,,
DATAFLOW,STATSNZ:CEN23_ECI_006(1.0),"Birthplace and age for the census usually resident population count, (RC, TALB, SA2, Health), 2013, 2018, and 2023 Censuses",I,2023,2023,9999,Total - New Zealand by regional council,B0204,Cook Islands,4,65 years and over,3291,,,
DATAFLOW,STATSNZ:CEN23_ECI_006(1.0),"Birthplace and age for the census usually resident population count, (RC, TALB, SA2, Health), 2013, 2018, and 2023 Censuses",I,2023,2023,9999,Total - New Zealand by regional council,B1008,Other Americas,14,65-69 years,255,,,
DATAFLOW,STATSNZ:CEN23_ECI_006(1.0),"Birthplace and age for the census usually resident population count, (RC, TALB, SA2, Health), 2013, 2018, and 2023 Censuses",I,2023,2023,9999,Total - New Zealand by regional council,B0409,Northern Ireland,05,20-24 years,96,,,
DATAFLOW,STATSNZ:CEN23_ECI_006(1.0),"Birthplace and age for the census usually resident population count, (RC, TALB, SA2, Health), 2013, 2018, and 2023 Censuses",I,2023,2023,9999,Total - New Zealand by regional council,B1106,Somalia,19,90 years and over,0,,,
DATAFLOW,STATSNZ:CEN23_ECI_006(1.0),"Birthplace and age for the census usually resident population count, (RC, TALB, SA2, Health), 2013, 2018, and 2023 Censuses",I,2023,2023,9999,Total - New Zealand by regional council,B0901,India,14,65-69 years,3333,,,
DATAFLOW,STATSNZ:CEN23_ECI_006(1.0),"Birthplace and age for the census usually resident population count, (RC, TALB, SA2, Health), 2013, 2018, and 2023 Censuses",I,2023,2023,9999,Total - New Zealand by regional council,B0203,Tonga,04,15-19 years,1338,,,
DATAFLOW,STATSNZ:CEN23_ECI_006(1.0),"Birthplace and age for the census usually resident population count, (RC, TALB, SA2, Health), 2013, 2018, and 2023 Censuses",I,2023,2023,9999,Total - New Zealand by regional council,B1107,Other Sub-Saharan Africa,01,0-4 years,57,,,
DATAFLOW,STATSNZ:CEN23_ECI_006(1.0),"Birthplace and age for the census usually resident population count, (RC, TALB, SA2, Health), 2013, 2018, and 2023 Censuses",I,2023,2023,9999,Total - New Zealand by regional council,B1002,Canada,19,90 years and over,60,,,
DATAFLOW,STATSNZ:CEN23_ECI_006(1.0),"Birthplace and age for the census usually resident population count, (RC, TALB, SA2, Health), 2013, 2018, and 2023 Censuses",I,2023,2023,9999,Total - New Zealand by regional council,B02,Pacific Islands,1,Under 15 years,9582,,,
DATAFLOW,STATSNZ:CEN23_ECI_006(1.0),"Birthplace and age for the census usually resident population count, (RC, TALB, SA2, Health), 2013, 2018, and 2023 Censuses",I,2023,2023,9999,Total - New Zealand by regional council,B0207,Kiribati,07,30-34 years,333,,,
DATAFLOW,STATSNZ:CEN23_ECI_006(1.0),"Birthplace and age for the census usually resident population count, (RC, TALB, SA2, Health), 2013, 2018, and 2023 Censuses",I,2023,2023,9999,Total - New Zealand by regional council,B0208,Tuvalu,18,85-89 years,9,,,
DATAFLOW,STATSNZ:CEN23_ECI_006(1.0),"Birthplace and age for the census usually resident population count, (RC, TALB, SA2, Health), 2013, 2018, and 2023 Censuses",I,2023,2023,9999,Total - New Zealand by regional council,B0410,Switzerland,99,Total - age,3291,,,
DATAFLOW,STATSNZ:CEN23_ECI_006(1.0),"Birthplace and age for the census usually resident population count, (RC, TALB, SA2, Health), 2013, 2018, and 2023 Censuses",I,2023,2023,9999,Total - New Zealand by regional council,B0210,Tokelau,99,Total - age,1347,,,
DATAFLOW,STATSNZ:CEN23_ECI_006(1.0),"Birthplace and age for the census usually resident population count, (RC, TALB, SA2, Health), 2013, 2018, and 2023 Censuses",I,2023,2023,9999,Total - New Zealand by regional council,B0902,Sri Lanka,2,15-29 years,2991,,,
DATAFLOW,STATSNZ:CEN23_ECI_006(1.0),"Birthplace and age for the census usually resident population count, (RC, TALB, SA2, Health), 2013, 2018, and 2023 Censuses",I,2023,2023,9999,Total - New Zealand by regional council,B0406,Ireland,11,50-54 years,720,,,
DATAFLOW,STATSNZ:CEN23_ECI_006(1.0),"Birthplace and age for the census usually resident population count, (RC, TALB, SA2, Health), 2013, 2018, and 2023 Censuses",I,2023,2023,9999,Total - New Zealand by regional council,B,Overseas,14,65-69 years,67995,,,
DATAFLOW,STATSNZ:CEN23_ECI_006(1.0),"Birthplace and age for the census usually resident population count, (RC, TALB, SA2, Health), 2013, 2018, and 2023 Censuses",I,2023,2023,9999,Total - New Zealand by regional council,B0705,Cambodia,18,85-89 years,69,,,
DATAFLOW,STATSNZ:CEN23_ECI_006(1.0),"Birthplace and age for the census usually resident population count, (RC, TALB, SA2, Health), 2013, 2018, and 2023 Censuses",I,2023,2023,9999,Total - New Zealand by regional council,B0708,Myanmar,07,30-34 years,471,,,
DATAFLOW,STATSNZ:CEN23_ECI_006(1.0),"Birthplace and age for the census usually resident population count, (RC, TALB, SA2, Health), 2013, 2018, and 2023 Censuses",I,2023,2023,9999,Total - New Zealand by regional council,B0509,Hungary,04,15-19 years,57,,,
DATAFLOW,STATSNZ:CEN23_ECI_006(1.0),"Birthplace and age for the census usually resident population count, (RC, TALB, SA2, Health), 2013, 2018, and 2023 Censuses",I,2023,2023,9999,Total - New Zealand by regional council,B09,Southern and Central Asia,Median,Median - age,34.8,,,
DATAFLOW,STATSNZ:CEN23_ECI_006(1.0),"Birthplace and age for the census usually resident population count, (RC, TALB, SA2, Health), 2013, 2018, and 2023 Censuses",I,2023,2023,9999,Total - New Zealand by regional council,B12,At sea,07,30-34 years,0,,,
DATAFLOW,STATSNZ:CEN23_ECI_006(1.0),"Birthplace and age for the census usually resident population count, (RC, TALB, SA2, Health), 2013, 2018, and 2023 Censuses",I,2023,2023,9999,Total - New Zealand by regional council,B0903,Pakistan,09,40-44 years,963,,,
DATAFLOW,STATSNZ:CEN23_ECI_006(1.0),"Birthplace and age for the census usually resident population count, (RC, TALB, SA2, Health), 2013, 2018, and 2023 Censuses",I,2023,2023,9999,Total - New Zealand by regional council,B0803,Japan,01,0-4 years,96,,,
DATAFLOW,STATSNZ:CEN23_ECI_006(1.0),"Birthplace and age for the census usually resident population count, (RC, TALB, SA2, Health), 2013, 2018, and 2023 Censuses",I,2023,2023,9999,Total - New Zealand by regional council,B1005,Argentina,2,15-29 years,1080,,,
DATAFLOW,STATSNZ:CEN23_ECI_006(1.0),"Birthplace and age for the census usually resident population count, (RC, TALB, SA2, Health), 2013, 2018, and 2023 Censuses",I,2023,2023,9999,Total - New Zealand by regional council,B1004,Chile,17,80-84 years,30,,,
DATAFLOW,STATSNZ:CEN23_ECI_006(1.0),"Birthplace and age for the census usually resident population count, (RC, TALB, SA2, Health), 2013, 2018, and 2023 Censuses",I,2023,2023,9999,Total - New Zealand by regional council,B0608,Turkey,09,40-44 years,207,,,
DATAFLOW,STATSNZ:CEN23_ECI_006(1.0),"Birthplace and age for the census usually resident population count, (RC, TALB, SA2, Health), 2013, 2018, and 2023 Censuses",I,2023,2023,9999,Total - New Zealand by regional council,B0506,Ukraine,08,35-39 years,345,,,
DATAFLOW,STATSNZ:CEN23_ECI_006(1.0),"Birthplace and age for the census usually resident population count, (RC, TALB, SA2, Health), 2013, 2018, and 2023 Censuses",I,2023,2023,9999,Total - New Zealand by regional council,777777,Total stated - birthplace,08,35-39 years,343041,,,
DATAFLOW,STATSNZ:CEN23_ECI_006(1.0),"Birthplace and age for the census usually resident population count, (RC, TALB, SA2, Health), 2013, 2018, and 2023 Censuses",I,2023,2023,9999,Total - New Zealand by regional council,B0208,Tuvalu,08,35-39 years,246,,,
DATAFLOW,STATSNZ:CEN23_ECI_006(1.0),"Birthplace and age for the census usually resident population count, (RC, TALB, SA2, Health), 2013, 2018, and 2023 Censuses",I,2023,2023,9999,Total - New Zealand by regional council,B0803,Japan,02,5-9 years,291,,,
DATAFLOW,STATSNZ:CEN23_ECI_006(1.0),"Birthplace and age for the census usually resident population count, (RC, TALB, SA2, Health), 2013, 2018, and 2023 Censuses",I,2023,2023,9999,Total - New Zealand by regional council,B1002,Canada,16,75-79 years,417,,,
DATAFLOW,STATSNZ:CEN23_ECI_006(1.0),"Birthplace and age for the census usually resident population count, (RC, TALB, SA2, Health), 2013, 2018, and 2023 Censuses",I,2023,2023,9999,Total - New Zealand by regional council,B1105,Ethiopia,2,15-29 years,393,,,
DATAFLOW,STATSNZ:CEN23_ECI_006(1.0),"Birthplace and age for the census usually resident population count, (RC, TALB, SA2, Health), 2013, 2018, and 2023 Censuses",I,2023,2023,9999,Total - New Zealand by regional council,B03,Other Oceania and Antarctica,03,10-14 years,0,,,
DATAFLOW,STATSNZ:CEN23_ECI_006(1.0),"Birthplace and age for the census usually resident population count, (RC, TALB, SA2, Health), 2013, 2018, and 2023 Censuses",I,2023,2023,9999,Total - New Zealand by regional council,B1107,Other Sub-Saharan Africa,12,55-59 years,504,,,
DATAFLOW,STATSNZ:CEN23_ECI_006(1.0),"Birthplace and age for the census usually resident population count, (RC, TALB, SA2, Health), 2013, 2018, and 2023 Censuses",I,2023,2023,9999,Total - New Zealand by regional council,B0601,Iraq,1,Under 15 years,105,,,
DATAFLOW,STATSNZ:CEN23_ECI_006(1.0),"Birthplace and age for the census usually resident population count, (RC, TALB, SA2, Health), 2013, 2018, and 2023 Censuses",I,2023,2023,9999,Total - New Zealand by regional council,B0402,Scotland,10,45-49 years,1437,,,
DATAFLOW,STATSNZ:CEN23_ECI_006(1.0),"Birthplace and age for the census usually resident population count, (RC, TALB, SA2, Health), 2013, 2018, and 2023 Censuses",I,2023,2023,9999,Total - New Zealand by regional council,B0509,Hungary,14,65-69 years,63,,,
DATAFLOW,STATSNZ:CEN23_ECI_006(1.0),"Birthplace and age for the census usually resident population count, (RC, TALB, SA2, Health), 2013, 2018, and 2023 Censuses",I,2023,2023,9999,Total - New Zealand by regional council,B0604,Egypt,16,75-79 years,75,,,
DATAFLOW,STATSNZ:CEN23_ECI_006(1.0),"Birthplace and age for the census usually resident population count, (RC, TALB, SA2, Health), 2013, 2018, and 2023 Censuses",I,2023,2023,9999,Total - New Zealand by regional council,B1105,Ethiopia,16,75-79 years,12,,,
DATAFLOW,STATSNZ:CEN23_ECI_006(1.0),"Birthplace and age for the census usually resident population count, (RC, TALB, SA2, Health), 2013, 2018, and 2023 Censuses",I,2023,2023,9999,Total - New Zealand by regional council,B1105,Ethiopia,05,20-24 years,132,,,
DATAFLOW,STATSNZ:CEN23_ECI_006(1.0),"Birthplace and age for the census usually resident population count, (RC, TALB, SA2, Health), 2013, 2018, and 2023 Censuses",I,2023,2023,9999,Total - New Zealand by regional council,B1006,Colombia,08,35-39 years,597,,,
DATAFLOW,STATSNZ:CEN23_ECI_006(1.0),"Birthplace and age for the census usually resident population count, (RC, TALB, SA2, Health), 2013, 2018, and 2023 Censuses",I,2023,2023,9999,Total - New Zealand by regional council,B0801,"China, People's Republic of",01,0-4 years,696,,,
DATAFLOW,STATSNZ:CEN23_ECI_006(1.0),"Birthplace and age for the census usually resident population count, (RC, TALB, SA2, Health), 2013, 2018, and 2023 Censuses",I,2023,2023,9999,Total - New Zealand by regional council,B0209,Papua New Guinea,09,40-44 years,195,,,
DATAFLOW,STATSNZ:CEN23_ECI_006(1.0),"Birthplace and age for the census usually resident population count, (RC, TALB, SA2, Health), 2013, 2018, and 2023 Censuses",I,2023,2023,9999,Total - New Zealand by regional council,B0705,Cambodia,19,90 years and over,60,,,
DATAFLOW,STATSNZ:CEN23_ECI_006(1.0),"Birthplace and age for the census usually resident population count, (RC, TALB, SA2, Health), 2013, 2018, and 2023 Censuses",I,2023,2023,9999,Total - New Zealand by regional council,B05,Southern and Eastern Europe,2,15-29 years,4815,,,
DATAFLOW,STATSNZ:CEN23_ECI_006(1.0),"Birthplace and age for the census usually resident population count, (RC, TALB, SA2, Health), 2013, 2018, and 2023 Censuses",I,2023,2023,9999,Total - New Zealand by regional council,B0706,Indonesia,06,25-29 years,756,,,
DATAFLOW,STATSNZ:CEN23_ECI_006(1.0),"Birthplace and age for the census usually resident population count, (RC, TALB, SA2, Health), 2013, 2018, and 2023 Censuses",I,2023,2023,9999,Total - New Zealand by regional council,B1008,Other Americas,05,20-24 years,327,,,
DATAFLOW,STATSNZ:CEN23_ECI_006(1.0),"Birthplace and age for the census usually resident population count, (RC, TALB, SA2, Health), 2013, 2018, and 2023 Censuses",I,2023,2023,9999,Total - New Zealand by regional council,B09,Southern and Central Asia,18,85-89 years,801,,,
DATAFLOW,STATSNZ:CEN23_ECI_006(1.0),"Birthplace and age for the census usually resident population count, (RC, TALB, SA2, Health), 2013, 2018, and 2023 Censuses",I,2023,2023,9999,Total - New Zealand by regional council,B0606,Syria,18,85-89 years,3,,,
DATAFLOW,STATSNZ:CEN23_ECI_006(1.0),"Birthplace and age for the census usually resident population count, (RC, TALB, SA2, Health), 2013, 2018, and 2023 Censuses",I,2023,2023,9999,Total - New Zealand by regional council,B0416,Other,05,20-24 years,81,,,
DATAFLOW,STATSNZ:CEN23_ECI_006(1.0),"Birthplace and age for the census usually resident population count, (RC, TALB, SA2, Health), 2013, 2018, and 2023 Censuses",I,2023,2023,9999,Total - New Zealand by regional council,B1006,Colombia,17,80-84 years,3,,,
DATAFLOW,STATSNZ:CEN23_ECI_006(1.0),"Birthplace and age for the census usually resident population count, (RC, TALB, SA2, Health), 2013, 2018, and 2023 Censuses",I,2023,2023,9999,Total - New Zealand by regional council,B1008,Other Americas,13,60-64 years,297,,,
DATAFLOW,STATSNZ:CEN23_ECI_006(1.0),"Birthplace and age for the census usually resident population count, (RC, TALB, SA2, Health), 2013, 2018, and 2023 Censuses",I,2023,2023,9999,Total - New Zealand by regional council,B,Overseas,13,60-64 years,81627,,,
DATAFLOW,STATSNZ:CEN23_ECI_006(1.0),"Birthplace and age for the census usually resident population count, (RC, TALB, SA2, Health), 2013, 2018, and 2023 Censuses",I,2023,2023,9999,Total - New Zealand by regional council,B0707,Singapore,99,Total - age,7566,,,
DATAFLOW,STATSNZ:CEN23_ECI_006(1.0),"Birthplace and age for the census usually resident population count, (RC, TALB, SA2, Health), 2013, 2018, and 2023 Censuses",I,2023,2023,9999,Total - New Zealand by regional council,B0704,Viet Nam,13,60-64 years,507,,,
DATAFLOW,STATSNZ:CEN23_ECI_006(1.0),"Birthplace and age for the census usually resident population count, (RC, TALB, SA2, Health), 2013, 2018, and 2023 Censuses",I,2023,2023,9999,Total - New Zealand by regional council,B0608,Turkey,05,20-24 years,51,,,
DATAFLOW,STATSNZ:CEN23_ECI_006(1.0),"Birthplace and age for the census usually resident population count, (RC, TALB, SA2, Health), 2013, 2018, and 2023 Censuses",I,2023,2023,9999,Total - New Zealand by regional council,B0609,Other Oceania and Antarctica,04,15-19 years,363,,,
DATAFLOW,STATSNZ:CEN23_ECI_006(1.0),"Birthplace and age for the census usually resident population count, (RC, TALB, SA2, Health), 2013, 2018, and 2023 Censuses",I,2023,2023,9999,Total - New Zealand by regional council,B,Overseas,07,30-34 years,155877,,,
DATAFLOW,STATSNZ:CEN23_ECI_006(1.0),"Birthplace and age for the census usually resident population count, (RC, TALB, SA2, Health), 2013, 2018, and 2023 Censuses",I,2023,2023,9999,Total - New Zealand by regional council,B0406,Ireland,03,10-14 years,333,,,
DATAFLOW,STATSNZ:CEN23_ECI_006(1.0),"Birthplace and age for the census usually resident population count, (RC, TALB, SA2, Health), 2013, 2018, and 2023 Censuses",I,2023,2023,9999,Total - New Zealand by regional council,777777,Total stated - birthplace,17,80-84 years,107232,,,
DATAFLOW,STATSNZ:CEN23_ECI_006(1.0),"Birthplace and age for the census usually resident population count, (RC, TALB, SA2, Health), 2013, 2018, and 2023 Censuses",I,2023,2023,9999,Total - New Zealand by regional council,B0404,Netherlands,4,65 years and over,8328,,,
DATAFLOW,STATSNZ:CEN23_ECI_006(1.0),"Birthplace and age for the census usually resident population count, (RC, TALB, SA2, Health), 2013, 2018, and 2023 Censuses",I,2023,2023,9999,Total - New Zealand by regional council,B0803,Japan,16,75-79 years,153,,,
DATAFLOW,STATSNZ:CEN23_ECI_006(1.0),"Birthplace and age for the census usually resident population count, (RC, TALB, SA2, Health), 2013, 2018, and 2023 Censuses",I,2023,2023,9999,Total - New Zealand by regional council,B0903,Pakistan,Median,Median - age,35.8,,,
DATAFLOW,STATSNZ:CEN23_ECI_006(1.0),"Birthplace and age for the census usually resident population count, (RC, TALB, SA2, Health), 2013, 2018, and 2023 Censuses",I,2023,2023,9999,Total - New Zealand by regional council,B05,Southern and Eastern Europe,16,75-79 years,993,,,
DATAFLOW,STATSNZ:CEN23_ECI_006(1.0),"Birthplace and age for the census usually resident population count, (RC, TALB, SA2, Health), 2013, 2018, and 2023 Censuses",I,2023,2023,9999,Total - New Zealand by regional council,B0408,Wales,11,50-54 years,756,,,
DATAFLOW,STATSNZ:CEN23_ECI_006(1.0),"Birthplace and age for the census usually resident population count, (RC, TALB, SA2, Health), 2013, 2018, and 2023 Censuses",I,2023,2023,9999,Total - New Zealand by regional council,B0509,Hungary,18,85-89 years,66,,,
DATAFLOW,STATSNZ:CEN23_ECI_006(1.0),"Birthplace and age for the census usually resident population count, (RC, TALB, SA2, Health), 2013, 2018, and 2023 Censuses",I,2023,2023,9999,Total - New Zealand by regional council,B02,Pacific Islands,19,90 years and over,528,,,
DATAFLOW,STATSNZ:CEN23_ECI_006(1.0),"Birthplace and age for the census usually resident population count, (RC, TALB, SA2, Health), 2013, 2018, and 2023 Censuses",I,2023,2023,9999,Total - New Zealand by regional council,B1001,United States of America,07,30-34 years,3102,,,
DATAFLOW,STATSNZ:CEN23_ECI_006(1.0),"Birthplace and age for the census usually resident population count, (RC, TALB, SA2, Health), 2013, 2018, and 2023 Censuses",I,2023,2023,9999,Total - New Zealand by regional council,B0509,Hungary,3,30-64 years,1005,,,
DATAFLOW,STATSNZ:CEN23_ECI_006(1.0),"Birthplace and age for the census usually resident population count, (RC, TALB, SA2, Health), 2013, 2018, and 2023 Censuses",I,2023,2023,9999,Total - New Zealand by regional council,B0209,Papua New Guinea,4,65 years and over,96,,,
DATAFLOW,STATSNZ:CEN23_ECI_006(1.0),"Birthplace and age for the census usually resident population count, (RC, TALB, SA2, Health), 2013, 2018, and 2023 Censuses",I,2023,2023,9999,Total - New Zealand by regional council,B0708,Myanmar,08,35-39 years,510,,,
DATAFLOW,STATSNZ:CEN23_ECI_006(1.0),"Birthplace and age for the census usually resident population count, (RC, TALB, SA2, Health), 2013, 2018, and 2023 Censuses",I,2023,2023,9999,Total - New Zealand by regional council,B0804,Hong Kong (Special Administrative Region),12,55-59 years,636,,,
DATAFLOW,STATSNZ:CEN23_ECI_006(1.0),"Birthplace and age for the census usually resident population count, (RC, TALB, SA2, Health), 2013, 2018, and 2023 Censuses",I,2023,2023,9999,Total - New Zealand by regional council,B1103,Kenya,06,25-29 years,180,,,
DATAFLOW,STATSNZ:CEN23_ECI_006(1.0),"Birthplace and age for the census usually resident population count, (RC, TALB, SA2, Health), 2013, 2018, and 2023 Censuses",I,2023,2023,9999,Total - New Zealand by regional council,B0901,India,Median,Median - age,34.6,,,
DATAFLOW,STATSNZ:CEN23_ECI_006(1.0),"Birthplace and age for the census usually resident population count, (RC, TALB, SA2, Health), 2013, 2018, and 2023 Censuses",I,2023,2023,9999,Total - New Zealand by regional council,B0701,Philippines,15,70-74 years,933,,,
DATAFLOW,STATSNZ:CEN23_ECI_006(1.0),"Birthplace and age for the census usually resident population count, (RC, TALB, SA2, Health), 2013, 2018, and 2023 Censuses",I,2023,2023,9999,Total - New Zealand by regional council,B0210,Tokelau,09,40-44 years,78,,,
DATAFLOW,STATSNZ:CEN23_ECI_006(1.0),"Birthplace and age for the census usually resident population count, (RC, TALB, SA2, Health), 2013, 2018, and 2023 Censuses",I,2023,2023,9999,Total - New Zealand by regional council,B0510,Serbia,99,Total - age,1428,,,
DATAFLOW,STATSNZ:CEN23_ECI_006(1.0),"Birthplace and age for the census usually resident population count, (RC, TALB, SA2, Health), 2013, 2018, and 2023 Censuses",I,2023,2023,9999,Total - New Zealand by regional council,B1008,Other Americas,Median,Median - age,39.9,,,
DATAFLOW,STATSNZ:CEN23_ECI_006(1.0),"Birthplace and age for the census usually resident population count, (RC, TALB, SA2, Health), 2013, 2018, and 2023 Censuses",I,2023,2023,9999,Total - New Zealand by regional council,B04,North-West Europe,01,0-4 years,1608,,,
DATAFLOW,STATSNZ:CEN23_ECI_006(1.0),"Birthplace and age for the census usually resident population count, (RC, TALB, SA2, Health), 2013, 2018, and 2023 Censuses",I,2023,2023,9999,Total - New Zealand by regional council,B0902,Sri Lanka,07,30-34 years,2955,,,
DATAFLOW,STATSNZ:CEN23_ECI_006(1.0),"Birthplace and age for the census usually resident population count, (RC, TALB, SA2, Health), 2013, 2018, and 2023 Censuses",I,2023,2023,9999,Total - New Zealand by regional council,B0508,Spain,14,65-69 years,18,,,
DATAFLOW,STATSNZ:CEN23_ECI_006(1.0),"Birthplace and age for the census usually resident population count, (RC, TALB, SA2, Health), 2013, 2018, and 2023 Censuses",I,2023,2023,9999,Total - New Zealand by regional council,B0205,Niue,18,85-89 years,75,,,
DATAFLOW,STATSNZ:CEN23_ECI_006(1.0),"Birthplace and age for the census usually resident population count, (RC, TALB, SA2, Health), 2013, 2018, and 2023 Censuses",I,2023,2023,9999,Total - New Zealand by regional council,B0509,Hungary,Median,Median - age,46.1,,,
DATAFLOW,STATSNZ:CEN23_ECI_006(1.0),"Birthplace and age for the census usually resident population count, (RC, TALB, SA2, Health), 2013, 2018, and 2023 Censuses",I,2023,2023,9999,Total - New Zealand by regional council,B07,South-East Asia,06,25-29 years,13614,,,
DATAFLOW,STATSNZ:CEN23_ECI_006(1.0),"Birthplace and age for the census usually resident population count, (RC, TALB, SA2, Health), 2013, 2018, and 2023 Censuses",I,2023,2023,9999,Total - New Zealand by regional council,B0604,Egypt,08,35-39 years,216,,,
DATAFLOW,STATSNZ:CEN23_ECI_006(1.0),"Birthplace and age for the census usually resident population count, (RC, TALB, SA2, Health), 2013, 2018, and 2023 Censuses",I,2023,2023,9999,Total - New Zealand by regional council,B0408,Wales,01,0-4 years,24,,,
DATAFLOW,STATSNZ:CEN23_ECI_006(1.0),"Birthplace and age for the census usually resident population count, (RC, TALB, SA2, Health), 2013, 2018, and 2023 Censuses",I,2023,2023,9999,Total - New Zealand by regional council,B0409,Northern Ireland,15,70-74 years,405,,,
DATAFLOW,STATSNZ:CEN23_ECI_006(1.0),"Birthplace and age for the census usually resident population count, (RC, TALB, SA2, Health), 2013, 2018, and 2023 Censuses",I,2023,2023,9999,Total - New Zealand by regional council,B0805,Taiwan,4,65 years and over,2223,,,
DATAFLOW,STATSNZ:CEN23_ECI_006(1.0),"Birthplace and age for the census usually resident population count, (RC, TALB, SA2, Health), 2013, 2018, and 2023 Censuses",I,2023,2023,9999,Total - New Zealand by regional council,C,Not elsewhere included,03,10-14 years,2268,,,
DATAFLOW,STATSNZ:CEN23_ECI_006(1.0),"Birthplace and age for the census usually resident population count, (RC, TALB, SA2, Health), 2013, 2018, and 2023 Censuses",I,2023,2023,9999,Total - New Zealand by regional council,B0202,Samoa,12,55-59 years,5238,,,
DATAFLOW,STATSNZ:CEN23_ECI_006(1.0),"Birthplace and age for the census usually resident population count, (RC, TALB, SA2, Health), 2013, 2018, and 2023 Censuses",I,2023,2023,9999,Total - New Zealand by regional council,B0203,Tonga,03,10-14 years,876,,,
DATAFLOW,STATSNZ:CEN23_ECI_006(1.0),"Birthplace and age for the census usually resident population count, (RC, TALB, SA2, Health), 2013, 2018, and 2023 Censuses",I,2023,2023,9999,Total - New Zealand by regional council,C,Not elsewhere included,4,65 years and over,5988,,,
DATAFLOW,STATSNZ:CEN23_ECI_006(1.0),"Birthplace and age for the census usually resident population count, (RC, TALB, SA2, Health), 2013, 2018, and 2023 Censuses",I,2023,2023,9999,Total - New Zealand by regional council,B0602,Iran,Median,Median - age,41.6,,,
DATAFLOW,STATSNZ:CEN23_ECI_006(1.0),"Birthplace and age for the census usually resident population count, (RC, TALB, SA2, Health), 2013, 2018, and 2023 Censuses",I,2023,2023,9999,Total - New Zealand by regional council,B0211,Solomon Islands,06,25-29 years,72,,,
DATAFLOW,STATSNZ:CEN23_ECI_006(1.0),"Birthplace and age for the census usually resident population count, (RC, TALB, SA2, Health), 2013, 2018, and 2023 Censuses",I,2023,2023,9999,Total - New Zealand by regional council,B0501,Russia,07,30-34 years,1110,,,
DATAFLOW,STATSNZ:CEN23_ECI_006(1.0),"Birthplace and age for the census usually resident population count, (RC, TALB, SA2, Health), 2013, 2018, and 2023 Censuses",I,2023,2023,9999,Total - New Zealand by regional council,B0402,Scotland,07,30-34 years,1215,,,
DATAFLOW,STATSNZ:CEN23_ECI_006(1.0),"Birthplace and age for the census usually resident population count, (RC, TALB, SA2, Health), 2013, 2018, and 2023 Censuses",I,2023,2023,9999,Total - New Zealand by regional council,B0707,Singapore,02,5-9 years,444,,,
DATAFLOW,STATSNZ:CEN23_ECI_006(1.0),"Birthplace and age for the census usually resident population count, (RC, TALB, SA2, Health), 2013, 2018, and 2023 Censuses",I,2023,2023,9999,Total - New Zealand by regional council,B0603,Saudi Arabia,4,65 years and over,6,,,
DATAFLOW,STATSNZ:CEN23_ECI_006(1.0),"Birthplace and age for the census usually resident population count, (RC, TALB, SA2, Health), 2013, 2018, and 2023 Censuses",I,2023,2023,9999,Total - New Zealand by regional council,B0204,Cook Islands,10,45-49 years,882,,,
DATAFLOW,STATSNZ:CEN23_ECI_006(1.0),"Birthplace and age for the census usually resident population count, (RC, TALB, SA2, Health), 2013, 2018, and 2023 Censuses",I,2023,2023,9999,Total - New Zealand by regional council,B0403,Germany,4,65 years and over,2721,,,
DATAFLOW,STATSNZ:CEN23_ECI_006(1.0),"Birthplace and age for the census usually resident population count, (RC, TALB, SA2, Health), 2013, 2018, and 2023 Censuses",I,2023,2023,9999,Total - New Zealand by regional council,B0510,Serbia,01,0-4 years,3,,,
DATAFLOW,STATSNZ:CEN23_ECI_006(1.0),"Birthplace and age for the census usually resident population count, (RC, TALB, SA2, Health), 2013, 2018, and 2023 Censuses",I,2023,2023,9999,Total - New Zealand by regional council,B1104,Zambia,01,0-4 years,6,,,
DATAFLOW,STATSNZ:CEN23_ECI_006(1.0),"Birthplace and age for the census usually resident population count, (RC, TALB, SA2, Health), 2013, 2018, and 2023 Censuses",I,2023,2023,9999,Total - New Zealand by regional council,B0209,Papua New Guinea,01,0-4 years,9,,,
DATAFLOW,STATSNZ:CEN23_ECI_006(1.0),"Birthplace and age for the census usually resident population count, (RC, TALB, SA2, Health), 2013, 2018, and 2023 Censuses",I,2023,2023,9999,Total - New Zealand by regional council,B0707,Singapore,01,0-4 years,171,,,
DATAFLOW,STATSNZ:CEN23_ECI_006(1.0),"Birthplace and age for the census usually resident population count, (RC, TALB, SA2, Health), 2013, 2018, and 2023 Censuses",I,2023,2023,9999,Total - New Zealand by regional council,B0201,Fiji,3,30-64 years,45084,,,
DATAFLOW,STATSNZ:CEN23_ECI_006(1.0),"Birthplace and age for the census usually resident population count, (RC, TALB, SA2, Health), 2013, 2018, and 2023 Censuses",I,2023,2023,9999,Total - New Zealand by regional council,B1002,Canada,14,65-69 years,738,,,
DATAFLOW,STATSNZ:CEN23_ECI_006(1.0),"Birthplace and age for the census usually resident population count, (RC, TALB, SA2, Health), 2013, 2018, and 2023 Censuses",I,2023,2023,9999,Total - New Zealand by regional council,B0510,Serbia,3,30-64 years,921,,,
DATAFLOW,STATSNZ:CEN23_ECI_006(1.0),"Birthplace and age for the census usually resident population count, (RC, TALB, SA2, Health), 2013, 2018, and 2023 Censuses",I,2023,2023,9999,Total - New Zealand by regional council,B0402,Scotland,09,40-44 years,1281,,,
DATAFLOW,STATSNZ:CEN23_ECI_006(1.0),"Birthplace and age for the census usually resident population count, (RC, TALB, SA2, Health), 2013, 2018, and 2023 Censuses",I,2023,2023,9999,Total - New Zealand by regional council,B0210,Tokelau,10,45-49 years,72,,,
DATAFLOW,STATSNZ:CEN23_ECI_006(1.0),"Birthplace and age for the census usually resident population count, (RC, TALB, SA2, Health), 2013, 2018, and 2023 Censuses",I,2023,2023,9999,Total - New Zealand by regional council,B0415,Channel Islands,09,40-44 years,45,,,
DATAFLOW,STATSNZ:CEN23_ECI_006(1.0),"Birthplace and age for the census usually resident population count, (RC, TALB, SA2, Health), 2013, 2018, and 2023 Censuses",I,2023,2023,9999,Total - New Zealand by regional council,B0605,United Arab Emirates,08,35-39 years,219,,,
DATAFLOW,STATSNZ:CEN23_ECI_006(1.0),"Birthplace and age for the census usually resident population count, (RC, TALB, SA2, Health), 2013, 2018, and 2023 Censuses",I,2023,2023,9999,Total - New Zealand by regional council,B10,The Americas,14,65-69 years,2811,,,
DATAFLOW,STATSNZ:CEN23_ECI_006(1.0),"Birthplace and age for the census usually resident population count, (RC, TALB, SA2, Health), 2013, 2018, and 2023 Censuses",I,2023,2023,9999,Total - New Zealand by regional council,B1006,Colombia,3,30-64 years,2529,,,
DATAFLOW,STATSNZ:CEN23_ECI_006(1.0),"Birthplace and age for the census usually resident population count, (RC, TALB, SA2, Health), 2013, 2018, and 2023 Censuses",I,2023,2023,9999,Total - New Zealand by regional council,999999,Total - birthplace,14,65-69 years,252492,,,
DATAFLOW,STATSNZ:CEN23_ECI_006(1.0),"Birthplace and age for the census usually resident population count, (RC, TALB, SA2, Health), 2013, 2018, and 2023 Censuses",I,2023,2023,9999,Total - New Zealand by regional council,B0404,Netherlands,19,90 years and over,1044,,,
DATAFLOW,STATSNZ:CEN23_ECI_006(1.0),"Birthplace and age for the census usually resident population count, (RC, TALB, SA2, Health), 2013, 2018, and 2023 Censuses",I,2023,2023,9999,Total - New Zealand by regional council,B0601,Iraq,02,5-9 years,27,,,
DATAFLOW,STATSNZ:CEN23_ECI_006(1.0),"Birthplace and age for the census usually resident population count, (RC, TALB, SA2, Health), 2013, 2018, and 2023 Censuses",I,2023,2023,9999,Total - New Zealand by regional council,B0501,Russia,15,70-74 years,207,,,
DATAFLOW,STATSNZ:CEN23_ECI_006(1.0),"Birthplace and age for the census usually resident population count, (RC, TALB, SA2, Health), 2013, 2018, and 2023 Censuses",I,2023,2023,9999,Total - New Zealand by regional council,B0511,Greece,18,85-89 years,69,,,
DATAFLOW,STATSNZ:CEN23_ECI_006(1.0),"Birthplace and age for the census usually resident population count, (RC, TALB, SA2, Health), 2013, 2018, and 2023 Censuses",I,2023,2023,9999,Total - New Zealand by regional council,B0413,Austria,04,15-19 years,66,,,
DATAFLOW,STATSNZ:CEN23_ECI_006(1.0),"Birthplace and age for the census usually resident population count, (RC, TALB, SA2, Health), 2013, 2018, and 2023 Censuses",I,2023,2023,9999,Total - New Zealand by regional council,B0415,Channel Islands,02,5-9 years,12,,,
DATAFLOW,STATSNZ:CEN23_ECI_006(1.0),"Birthplace and age for the census usually resident population count, (RC, TALB, SA2, Health), 2013, 2018, and 2023 Censuses",I,2023,2023,9999,Total - New Zealand by regional council,B1104,Zambia,19,90 years and over,0,,,
DATAFLOW,STATSNZ:CEN23_ECI_006(1.0),"Birthplace and age for the census usually resident population count, (RC, TALB, SA2, Health), 2013, 2018, and 2023 Censuses",I,2023,2023,9999,Total - New Zealand by regional council,B0413,Austria,19,90 years and over,48,,,
DATAFLOW,STATSNZ:CEN23_ECI_006(1.0),"Birthplace and age for the census usually resident population count, (RC, TALB, SA2, Health), 2013, 2018, and 2023 Censuses",I,2023,2023,9999,Total - New Zealand by regional council,B0709,Other,05,20-24 years,93,,,
DATAFLOW,STATSNZ:CEN23_ECI_006(1.0),"Birthplace and age for the census usually resident population count, (RC, TALB, SA2, Health), 2013, 2018, and 2023 Censuses",I,2023,2023,9999,Total - New Zealand by regional council,B0609,Other Oceania and Antarctica,12,55-59 years,270,,,
DATAFLOW,STATSNZ:CEN23_ECI_006(1.0),"Birthplace and age for the census usually resident population count, (RC, TALB, SA2, Health), 2013, 2018, and 2023 Censuses",I,2023,2023,9999,Total - New Zealand by regional council,B0604,Egypt,07,30-34 years,150,,,
DATAFLOW,STATSNZ:CEN23_ECI_006(1.0),"Birthplace and age for the census usually resident population count, (RC, TALB, SA2, Health), 2013, 2018, and 2023 Censuses",I,2023,2023,9999,Total - New Zealand by regional council,B1004,Chile,12,55-59 years,180,,,
DATAFLOW,STATSNZ:CEN23_ECI_006(1.0),"Birthplace and age for the census usually resident population count, (RC, TALB, SA2, Health), 2013, 2018, and 2023 Censuses",I,2023,2023,9999,Total - New Zealand by regional council,B0402,Scotland,06,25-29 years,978,,,
DATAFLOW,STATSNZ:CEN23_ECI_006(1.0),"Birthplace and age for the census usually resident population count, (RC, TALB, SA2, Health), 2013, 2018, and 2023 Censuses",I,2023,2023,9999,Total - New Zealand by regional council,B0401,England,4,65 years and over,67947,,,
DATAFLOW,STATSNZ:CEN23_ECI_006(1.0),"Birthplace and age for the census usually resident population count, (RC, TALB, SA2, Health), 2013, 2018, and 2023 Censuses",I,2023,2023,9999,Total - New Zealand by regional council,B0804,Hong Kong (Special Administrative Region),18,85-89 years,78,,,
DATAFLOW,STATSNZ:CEN23_ECI_006(1.0),"Birthplace and age for the census usually resident population count, (RC, TALB, SA2, Health), 2013, 2018, and 2023 Censuses",I,2023,2023,9999,Total - New Zealand by regional council,B0707,Singapore,1,Under 15 years,1176,,,
DATAFLOW,STATSNZ:CEN23_ECI_006(1.0),"Birthplace and age for the census usually resident population count, (RC, TALB, SA2, Health), 2013, 2018, and 2023 Censuses",I,2023,2023,9999,Total - New Zealand by regional council,B0506,Ukraine,10,45-49 years,225,,,
DATAFLOW,STATSNZ:CEN23_ECI_006(1.0),"Birthplace and age for the census usually resident population count, (RC, TALB, SA2, Health), 2013, 2018, and 2023 Censuses",I,2023,2023,9999,Total - New Zealand by regional council,B0804,Hong Kong (Special Administrative Region),11,50-54 years,714,,,
DATAFLOW,STATSNZ:CEN23_ECI_006(1.0),"Birthplace and age for the census usually resident population count, (RC, TALB, SA2, Health), 2013, 2018, and 2023 Censuses",I,2023,2023,9999,Total - New Zealand by regional council,B0415,Channel Islands,14,65-69 years,57,,,
DATAFLOW,STATSNZ:CEN23_ECI_006(1.0),"Birthplace and age for the census usually resident population count, (RC, TALB, SA2, Health), 2013, 2018, and 2023 Censuses",I,2023,2023,9999,Total - New Zealand by regional council,B09,Southern and Central Asia,14,65-69 years,4488,,,
DATAFLOW,STATSNZ:CEN23_ECI_006(1.0),"Birthplace and age for the census usually resident population count, (RC, TALB, SA2, Health), 2013, 2018, and 2023 Censuses",I,2023,2023,9999,Total - New Zealand by regional council,B0704,Viet Nam,3,30-64 years,7095,,,
DATAFLOW,STATSNZ:CEN23_ECI_006(1.0),"Birthplace and age for the census usually resident population count, (RC, TALB, SA2, Health), 2013, 2018, and 2023 Censuses",I,2023,2023,9999,Total - New Zealand by regional council,B0411,Sweden,02,5-9 years,78,,,
DATAFLOW,STATSNZ:CEN23_ECI_006(1.0),"Birthplace and age for the census usually resident population count, (RC, TALB, SA2, Health), 2013, 2018, and 2023 Censuses",I,2023,2023,9999,Total - New Zealand by regional council,B1005,Argentina,02,5-9 years,108,,,
DATAFLOW,STATSNZ:CEN23_ECI_006(1.0),"Birthplace and age for the census usually resident population count, (RC, TALB, SA2, Health), 2013, 2018, and 2023 Censuses",I,2023,2023,9999,Total - New Zealand by regional council,B0801,"China, People's Republic of",15,70-74 years,5244,,,
DATAFLOW,STATSNZ:CEN23_ECI_006(1.0),"Birthplace and age for the census usually resident population count, (RC, TALB, SA2, Health), 2013, 2018, and 2023 Censuses",I,2023,2023,9999,Total - New Zealand by regional council,B0204,Cook Islands,1,Under 15 years,414,,,
DATAFLOW,STATSNZ:CEN23_ECI_006(1.0),"Birthplace and age for the census usually resident population count, (RC, TALB, SA2, Health), 2013, 2018, and 2023 Censuses",I,2023,2023,9999,Total - New Zealand by regional council,B0203,Tonga,11,50-54 years,3168,,,
DATAFLOW,STATSNZ:CEN23_ECI_006(1.0),"Birthplace and age for the census usually resident population count, (RC, TALB, SA2, Health), 2013, 2018, and 2023 Censuses",I,2023,2023,9999,Total - New Zealand by regional council,B0202,Samoa,11,50-54 years,5061,,,
DATAFLOW,STATSNZ:CEN23_ECI_006(1.0),"Birthplace and age for the census usually resident population count, (RC, TALB, SA2, Health), 2013, 2018, and 2023 Censuses",I,2023,2023,9999,Total - New Zealand by regional council,B,Overseas,2,15-29 years,254964,,,
DATAFLOW,STATSNZ:CEN23_ECI_006(1.0),"Birthplace and age for the census usually resident population count, (RC, TALB, SA2, Health), 2013, 2018, and 2023 Censuses",I,2023,2023,9999,Total - New Zealand by regional council,B0702,Malaysia,03,10-14 years,714,,,
DATAFLOW,STATSNZ:CEN23_ECI_006(1.0),"Birthplace and age for the census usually resident population count, (RC, TALB, SA2, Health), 2013, 2018, and 2023 Censuses",I,2023,2023,9999,Total - New Zealand by regional council,B0601,Iraq,16,75-79 years,147,,,
DATAFLOW,STATSNZ:CEN23_ECI_006(1.0),"Birthplace and age for the census usually resident population count, (RC, TALB, SA2, Health), 2013, 2018, and 2023 Censuses",I,2023,2023,9999,Total - New Zealand by regional council,B0706,Indonesia,07,30-34 years,681,,,
DATAFLOW,STATSNZ:CEN23_ECI_006(1.0),"Birthplace and age for the census usually resident population count, (RC, TALB, SA2, Health), 2013, 2018, and 2023 Censuses",I,2023,2023,9999,Total - New Zealand by regional council,B0707,Singapore,3,30-64 years,3822,,,
DATAFLOW,STATSNZ:CEN23_ECI_006(1.0),"Birthplace and age for the census usually resident population count, (RC, TALB, SA2, Health), 2013, 2018, and 2023 Censuses",I,2023,2023,9999,Total - New Zealand by regional council,B0601,Iraq,09,40-44 years,456,,,
DATAFLOW,STATSNZ:CEN23_ECI_006(1.0),"Birthplace and age for the census usually resident population count, (RC, TALB, SA2, Health), 2013, 2018, and 2023 Censuses",I,2023,2023,9999,Total - New Zealand by regional council,B12,At sea,08,35-39 years,0,,,
DATAFLOW,STATSNZ:CEN23_ECI_006(1.0),"Birthplace and age for the census usually resident population count, (RC, TALB, SA2, Health), 2013, 2018, and 2023 Censuses",I,2023,2023,9999,Total - New Zealand by regional council,B0208,Tuvalu,17,80-84 years,24,,,
DATAFLOW,STATSNZ:CEN23_ECI_006(1.0),"Birthplace and age for the census usually resident population count, (RC, TALB, SA2, Health), 2013, 2018, and 2023 Censuses",I,2023,2023,9999,Total - New Zealand by regional council,B0411,Sweden,99,Total - age,1821,,,
DATAFLOW,STATSNZ:CEN23_ECI_006(1.0),"Birthplace and age for the census usually resident population count, (RC, TALB, SA2, Health), 2013, 2018, and 2023 Censuses",I,2023,2023,9999,Total - New Zealand by regional council,B1004,Chile,04,15-19 years,201,,,
DATAFLOW,STATSNZ:CEN23_ECI_006(1.0),"Birthplace and age for the census usually resident population count, (RC, TALB, SA2, Health), 2013, 2018, and 2023 Censuses",I,2023,2023,9999,Total - New Zealand by regional council,B1102,Zimbabwe,99,Total - age,9045,,,
DATAFLOW,STATSNZ:CEN23_ECI_006(1.0),"Birthplace and age for the census usually resident population count, (RC, TALB, SA2, Health), 2013, 2018, and 2023 Censuses",I,2023,2023,9999,Total - New Zealand by regional council,B0506,Ukraine,15,70-74 years,105,,,
DATAFLOW,STATSNZ:CEN23_ECI_006(1.0),"Birthplace and age for the census usually resident population count, (RC, TALB, SA2, Health), 2013, 2018, and 2023 Censuses",I,2023,2023,9999,Total - New Zealand by regional council,B1001,United States of America,16,75-79 years,990,,,
DATAFLOW,STATSNZ:CEN23_ECI_006(1.0),"Birthplace and age for the census usually resident population count, (RC, TALB, SA2, Health), 2013, 2018, and 2023 Censuses",I,2023,2023,9999,Total - New Zealand by regional council,B0401,England,08,35-39 years,10149,,,
DATAFLOW,STATSNZ:CEN23_ECI_006(1.0),"Birthplace and age for the census usually resident population count, (RC, TALB, SA2, Health), 2013, 2018, and 2023 Censuses",I,2023,2023,9999,Total - New Zealand by regional council,B0704,Viet Nam,08,35-39 years,1464,,,
DATAFLOW,STATSNZ:CEN23_ECI_006(1.0),"Birthplace and age for the census usually resident population count, (RC, TALB, SA2, Health), 2013, 2018, and 2023 Censuses",I,2023,2023,9999,Total - New Zealand by regional council,B0906,Bangladesh,18,85-89 years,3,,,
DATAFLOW,STATSNZ:CEN23_ECI_006(1.0),"Birthplace and age for the census usually resident population count, (RC, TALB, SA2, Health), 2013, 2018, and 2023 Censuses",I,2023,2023,9999,Total - New Zealand by regional council,B0409,Northern Ireland,01,0-4 years,12,,,
DATAFLOW,STATSNZ:CEN23_ECI_006(1.0),"Birthplace and age for the census usually resident population count, (RC, TALB, SA2, Health), 2013, 2018, and 2023 Censuses",I,2023,2023,9999,Total - New Zealand by regional council,B1107,Other Sub-Saharan Africa,1,Under 15 years,480,,,
DATAFLOW,STATSNZ:CEN23_ECI_006(1.0),"Birthplace and age for the census usually resident population count, (RC, TALB, SA2, Health), 2013, 2018, and 2023 Censuses",I,2023,2023,9999,Total - New Zealand by regional council,999999,Total - birthplace,11,50-54 years,322635,,,
DATAFLOW,STATSNZ:CEN23_ECI_006(1.0),"Birthplace and age for the census usually resident population count, (RC, TALB, SA2, Health), 2013, 2018, and 2023 Censuses",I,2023,2023,9999,Total - New Zealand by regional council,C,Not elsewhere included,05,20-24 years,4038,,,
DATAFLOW,STATSNZ:CEN23_ECI_006(1.0),"Birthplace and age for the census usually resident population count, (RC, TALB, SA2, Health), 2013, 2018, and 2023 Censuses",I,2023,2023,9999,Total - New Zealand by regional council,B0902,Sri Lanka,06,25-29 years,1485,,,
DATAFLOW,STATSNZ:CEN23_ECI_006(1.0),"Birthplace and age for the census usually resident population count, (RC, TALB, SA2, Health), 2013, 2018, and 2023 Censuses",I,2023,2023,9999,Total - New Zealand by regional council,B03,Other Oceania and Antarctica,09,40-44 years,0,,,
DATAFLOW,STATSNZ:CEN23_ECI_006(1.0),"Birthplace and age for the census usually resident population count, (RC, TALB, SA2, Health), 2013, 2018, and 2023 Censuses",I,2023,2023,9999,Total - New Zealand by regional council,B0413,Austria,02,5-9 years,48,,,
DATAFLOW,STATSNZ:CEN23_ECI_006(1.0),"Birthplace and age for the census usually resident population count, (RC, TALB, SA2, Health), 2013, 2018, and 2023 Censuses",I,2023,2023,9999,Total - New Zealand by regional council,B0404,Netherlands,05,20-24 years,435,,,
DATAFLOW,STATSNZ:CEN23_ECI_006(1.0),"Birthplace and age for the census usually resident population count, (RC, TALB, SA2, Health), 2013, 2018, and 2023 Censuses",I,2023,2023,9999,Total - New Zealand by regional council,B0210,Tokelau,1,Under 15 years,30,,,
DATAFLOW,STATSNZ:CEN23_ECI_006(1.0),"Birthplace and age for the census usually resident population count, (RC, TALB, SA2, Health), 2013, 2018, and 2023 Censuses",I,2023,2023,9999,Total - New Zealand by regional council,B1104,Zambia,10,45-49 years,123,,,
DATAFLOW,STATSNZ:CEN23_ECI_006(1.0),"Birthplace and age for the census usually resident population count, (RC, TALB, SA2, Health), 2013, 2018, and 2023 Censuses",I,2023,2023,9999,Total - New Zealand by regional council,777777,Total stated - birthplace,14,65-69 years,250455,,,
DATAFLOW,STATSNZ:CEN23_ECI_006(1.0),"Birthplace and age for the census usually resident population count, (RC, TALB, SA2, Health), 2013, 2018, and 2023 Censuses",I,2023,2023,9999,Total - New Zealand by regional council,B05,Southern and Eastern Europe,05,20-24 years,1338,,,
DATAFLOW,STATSNZ:CEN23_ECI_006(1.0),"Birthplace and age for the census usually resident population count, (RC, TALB, SA2, Health), 2013, 2018, and 2023 Censuses",I,2023,2023,9999,Total - New Zealand by regional council,B0508,Spain,12,55-59 years,69,,,
DATAFLOW,STATSNZ:CEN23_ECI_006(1.0),"Birthplace and age for the census usually resident population count, (RC, TALB, SA2, Health), 2013, 2018, and 2023 Censuses",I,2023,2023,9999,Total - New Zealand by regional council,B1008,Other Americas,15,70-74 years,201,,,
DATAFLOW,STATSNZ:CEN23_ECI_006(1.0),"Birthplace and age for the census usually resident population count, (RC, TALB, SA2, Health), 2013, 2018, and 2023 Censuses",I,2023,2023,9999,Total - New Zealand by regional council,B0705,Cambodia,03,10-14 years,141,,,
DATAFLOW,STATSNZ:CEN23_ECI_006(1.0),"Birthplace and age for the census usually resident population count, (RC, TALB, SA2, Health), 2013, 2018, and 2023 Censuses",I,2023,2023,9999,Total - New Zealand by regional council,B0706,Indonesia,09,40-44 years,777,,,
DATAFLOW,STATSNZ:CEN23_ECI_006(1.0),"Birthplace and age for the census usually resident population count, (RC, TALB, SA2, Health), 2013, 2018, and 2023 Censuses",I,2023,2023,9999,Total - New Zealand by regional council,B0401,England,03,10-14 years,5403,,,
DATAFLOW,STATSNZ:CEN23_ECI_006(1.0),"Birthplace and age for the census usually resident population count, (RC, TALB, SA2, Health), 2013, 2018, and 2023 Censuses",I,2023,2023,9999,Total - New Zealand by regional council,B0401,England,02,5-9 years,2964,,,
DATAFLOW,STATSNZ:CEN23_ECI_006(1.0),"Birthplace and age for the census usually resident population count, (RC, TALB, SA2, Health), 2013, 2018, and 2023 Censuses",I,2023,2023,9999,Total - New Zealand by regional council,B1103,Kenya,15,70-74 years,141,,,
DATAFLOW,STATSNZ:CEN23_ECI_006(1.0),"Birthplace and age for the census usually resident population count, (RC, TALB, SA2, Health), 2013, 2018, and 2023 Censuses",I,2023,2023,9999,Total - New Zealand by regional council,B0409,Northern Ireland,99,Total - age,4560,,,
DATAFLOW,STATSNZ:CEN23_ECI_006(1.0),"Birthplace and age for the census usually resident population count, (RC, TALB, SA2, Health), 2013, 2018, and 2023 Censuses",I,2023,2023,9999,Total - New Zealand by regional council,B08,North-East Asia,14,65-69 years,12291,,,
DATAFLOW,STATSNZ:CEN23_ECI_006(1.0),"Birthplace and age for the census usually resident population count, (RC, TALB, SA2, Health), 2013, 2018, and 2023 Censuses",I,2023,2023,9999,Total - New Zealand by regional council,B1003,Brazil,1,Under 15 years,780,,,
DATAFLOW,STATSNZ:CEN23_ECI_006(1.0),"Birthplace and age for the census usually resident population count, (RC, TALB, SA2, Health), 2013, 2018, and 2023 Censuses",I,2023,2023,9999,Total - New Zealand by regional council,B09,Southern and Central Asia,12,55-59 years,6525,,,
DATAFLOW,STATSNZ:CEN23_ECI_006(1.0),"Birthplace and age for the census usually resident population count, (RC, TALB, SA2, Health), 2013, 2018, and 2023 Censuses",I,2023,2023,9999,Total - New Zealand by regional council,B0406,Ireland,2,15-29 years,1647,,,
DATAFLOW,STATSNZ:CEN23_ECI_006(1.0),"Birthplace and age for the census usually resident population count, (RC, TALB, SA2, Health), 2013, 2018, and 2023 Censuses",I,2023,2023,9999,Total - New Zealand by regional council,B0801,"China, People's Republic of",Median,Median - age,40.8,,,
DATAFLOW,STATSNZ:CEN23_ECI_006(1.0),"Birthplace and age for the census usually resident population count, (RC, TALB, SA2, Health), 2013, 2018, and 2023 Censuses",I,2023,2023,9999,Total - New Zealand by regional council,B0414,Belgium,Median,Median - age,38.6,,,
DATAFLOW,STATSNZ:CEN23_ECI_006(1.0),"Birthplace and age for the census usually resident population count, (RC, TALB, SA2, Health), 2013, 2018, and 2023 Censuses",I,2023,2023,9999,Total - New Zealand by regional council,777777,Total stated - birthplace,3,30-64 years,2243520,,,
DATAFLOW,STATSNZ:CEN23_ECI_006(1.0),"Birthplace and age for the census usually resident population count, (RC, TALB, SA2, Health), 2013, 2018, and 2023 Censuses",I,2023,2023,9999,Total - New Zealand by regional council,B0507,Croatia,02,5-9 years,9,,,
DATAFLOW,STATSNZ:CEN23_ECI_006(1.0),"Birthplace and age for the census usually resident population count, (RC, TALB, SA2, Health), 2013, 2018, and 2023 Censuses",I,2023,2023,9999,Total - New Zealand by regional council,B05,Southern and Eastern Europe,08,35-39 years,4872,,,
DATAFLOW,STATSNZ:CEN23_ECI_006(1.0),"Birthplace and age for the census usually resident population count, (RC, TALB, SA2, Health), 2013, 2018, and 2023 Censuses",I,2023,2023,9999,Total - New Zealand by regional council,B1008,Other Americas,04,15-19 years,240,,,
DATAFLOW,STATSNZ:CEN23_ECI_006(1.0),"Birthplace and age for the census usually resident population count, (RC, TALB, SA2, Health), 2013, 2018, and 2023 Censuses",I,2023,2023,9999,Total - New Zealand by regional council,B1005,Argentina,10,45-49 years,369,,,
DATAFLOW,STATSNZ:CEN23_ECI_006(1.0),"Birthplace and age for the census usually resident population count, (RC, TALB, SA2, Health), 2013, 2018, and 2023 Censuses",I,2023,2023,9999,Total - New Zealand by regional council,B0607,Israel,04,15-19 years,87,,,
DATAFLOW,STATSNZ:CEN23_ECI_006(1.0),"Birthplace and age for the census usually resident population count, (RC, TALB, SA2, Health), 2013, 2018, and 2023 Censuses",I,2023,2023,9999,Total - New Zealand by regional council,B12,At sea,19,90 years and over,0,,,
DATAFLOW,STATSNZ:CEN23_ECI_006(1.0),"Birthplace and age for the census usually resident population count, (RC, TALB, SA2, Health), 2013, 2018, and 2023 Censuses",I,2023,2023,9999,Total - New Zealand by regional council,B0803,Japan,17,80-84 years,72,,,
DATAFLOW,STATSNZ:CEN23_ECI_006(1.0),"Birthplace and age for the census usually resident population count, (RC, TALB, SA2, Health), 2013, 2018, and 2023 Censuses",I,2023,2023,9999,Total - New Zealand by regional council,B0410,Switzerland,4,65 years and over,909,,,
DATAFLOW,STATSNZ:CEN23_ECI_006(1.0),"Birthplace and age for the census usually resident population count, (RC, TALB, SA2, Health), 2013, 2018, and 2023 Censuses",I,2023,2023,9999,Total - New Zealand by regional council,B08,North-East Asia,2,15-29 years,35907,,,
DATAFLOW,STATSNZ:CEN23_ECI_006(1.0),"Birthplace and age for the census usually resident population count, (RC, TALB, SA2, Health), 2013, 2018, and 2023 Censuses",I,2023,2023,9999,Total - New Zealand by regional council,B0203,Tonga,02,5-9 years,531,,,
DATAFLOW,STATSNZ:CEN23_ECI_006(1.0),"Birthplace and age for the census usually resident population count, (RC, TALB, SA2, Health), 2013, 2018, and 2023 Censuses",I,2023,2023,9999,Total - New Zealand by regional council,B1103,Kenya,03,10-14 years,51,,,
DATAFLOW,STATSNZ:CEN23_ECI_006(1.0),"Birthplace and age for the census usually resident population count, (RC, TALB, SA2, Health), 2013, 2018, and 2023 Censuses",I,2023,2023,9999,Total - New Zealand by regional council,B0503,Czech Republic,16,75-79 years,45,,,
DATAFLOW,STATSNZ:CEN23_ECI_006(1.0),"Birthplace and age for the census usually resident population count, (RC, TALB, SA2, Health), 2013, 2018, and 2023 Censuses",I,2023,2023,9999,Total - New Zealand by regional council,B0605,United Arab Emirates,10,45-49 years,33,,,
DATAFLOW,STATSNZ:CEN23_ECI_006(1.0),"Birthplace and age for the census usually resident population count, (RC, TALB, SA2, Health), 2013, 2018, and 2023 Censuses",I,2023,2023,9999,Total - New Zealand by regional council,B0603,Saudi Arabia,07,30-34 years,249,,,
DATAFLOW,STATSNZ:CEN23_ECI_006(1.0),"Birthplace and age for the census usually resident population count, (RC, TALB, SA2, Health), 2013, 2018, and 2023 Censuses",I,2023,2023,9999,Total - New Zealand by regional council,B0901,India,3,30-64 years,92736,,,
DATAFLOW,STATSNZ:CEN23_ECI_006(1.0),"Birthplace and age for the census usually resident population count, (RC, TALB, SA2, Health), 2013, 2018, and 2023 Censuses",I,2023,2023,9999,Total - New Zealand by regional council,B05,Southern and Eastern Europe,04,15-19 years,1080,,,
DATAFLOW,STATSNZ:CEN23_ECI_006(1.0),"Birthplace and age for the census usually resident population count, (RC, TALB, SA2, Health), 2013, 2018, and 2023 Censuses",I,2023,2023,9999,Total - New Zealand by regional council,B0413,Austria,Median,Median - age,51.6,,,
DATAFLOW,STATSNZ:CEN23_ECI_006(1.0),"Birthplace and age for the census usually resident population count, (RC, TALB, SA2, Health), 2013, 2018, and 2023 Censuses",I,2023,2023,9999,Total - New Zealand by regional council,B1002,Canada,12,55-59 years,831,,,
DATAFLOW,STATSNZ:CEN23_ECI_006(1.0),"Birthplace and age for the census usually resident population count, (RC, TALB, SA2, Health), 2013, 2018, and 2023 Censuses",I,2023,2023,9999,Total - New Zealand by regional council,B1105,Ethiopia,1,Under 15 years,153,,,
DATAFLOW,STATSNZ:CEN23_ECI_006(1.0),"Birthplace and age for the census usually resident population count, (RC, TALB, SA2, Health), 2013, 2018, and 2023 Censuses",I,2023,2023,9999,Total - New Zealand by regional council,B0708,Myanmar,16,75-79 years,57,,,
DATAFLOW,STATSNZ:CEN23_ECI_006(1.0),"Birthplace and age for the census usually resident population count, (RC, TALB, SA2, Health), 2013, 2018, and 2023 Censuses",I,2023,2023,9999,Total - New Zealand by regional council,B0404,Netherlands,12,55-59 years,1404,,,
DATAFLOW,STATSNZ:CEN23_ECI_006(1.0),"Birthplace and age for the census usually resident population count, (RC, TALB, SA2, Health), 2013, 2018, and 2023 Censuses",I,2023,2023,9999,Total - New Zealand by regional council,B0603,Saudi Arabia,14,65-69 years,3,,,
DATAFLOW,STATSNZ:CEN23_ECI_006(1.0),"Birthplace and age for the census usually resident population count, (RC, TALB, SA2, Health), 2013, 2018, and 2023 Censuses",I,2023,2023,9999,Total - New Zealand by regional council,B0503,Czech Republic,Median,Median - age,36.8,,,
DATAFLOW,STATSNZ:CEN23_ECI_006(1.0),"Birthplace and age for the census usually resident population count, (RC, TALB, SA2, Health), 2013, 2018, and 2023 Censuses",I,2023,2023,9999,Total - New Zealand by regional council,B0205,Niue,09,40-44 years,252,,,
DATAFLOW,STATSNZ:CEN23_ECI_006(1.0),"Birthplace and age for the census usually resident population count, (RC, TALB, SA2, Health), 2013, 2018, and 2023 Censuses",I,2023,2023,9999,Total - New Zealand by regional council,B1106,Somalia,04,15-19 years,66,,,
DATAFLOW,STATSNZ:CEN23_ECI_006(1.0),"Birthplace and age for the census usually resident population count, (RC, TALB, SA2, Health), 2013, 2018, and 2023 Censuses",I,2023,2023,9999,Total - New Zealand by regional council,B0512,Other,11,50-54 years,486,,,
DATAFLOW,STATSNZ:CEN23_ECI_006(1.0),"Birthplace and age for the census usually resident population count, (RC, TALB, SA2, Health), 2013, 2018, and 2023 Censuses",I,2023,2023,9999,Total - New Zealand by regional council,B0209,Papua New Guinea,Median,Median - age,42.2,,,
DATAFLOW,STATSNZ:CEN23_ECI_006(1.0),"Birthplace and age for the census usually resident population count, (RC, TALB, SA2, Health), 2013, 2018, and 2023 Censuses",I,2023,2023,9999,Total - New Zealand by regional council,B0402,Scotland,4,65 years and over,10089,,,
DATAFLOW,STATSNZ:CEN23_ECI_006(1.0),"Birthplace and age for the census usually resident population count, (RC, TALB, SA2, Health), 2013, 2018, and 2023 Censuses",I,2023,2023,9999,Total - New Zealand by regional council,B1007,Mexico,05,20-24 years,78,,,
DATAFLOW,STATSNZ:CEN23_ECI_006(1.0),"Birthplace and age for the census usually resident population count, (RC, TALB, SA2, Health), 2013, 2018, and 2023 Censuses",I,2023,2023,9999,Total - New Zealand by regional council,B0701,Philippines,4,65 years and over,3357,,,
DATAFLOW,STATSNZ:CEN23_ECI_006(1.0),"Birthplace and age for the census usually resident population count, (RC, TALB, SA2, Health), 2013, 2018, and 2023 Censuses",I,2023,2023,9999,Total - New Zealand by regional council,B1003,Brazil,08,35-39 years,2142,,,
DATAFLOW,STATSNZ:CEN23_ECI_006(1.0),"Birthplace and age for the census usually resident population count, (RC, TALB, SA2, Health), 2013, 2018, and 2023 Censuses",I,2023,2023,9999,Total - New Zealand by regional council,B04,North-West Europe,16,75-79 years,23499,,,
DATAFLOW,STATSNZ:CEN23_ECI_006(1.0),"Birthplace and age for the census usually resident population count, (RC, TALB, SA2, Health), 2013, 2018, and 2023 Censuses",I,2023,2023,9999,Total - New Zealand by regional council,B0907,Other,19,90 years and over,6,,,
DATAFLOW,STATSNZ:CEN23_ECI_006(1.0),"Birthplace and age for the census usually resident population count, (RC, TALB, SA2, Health), 2013, 2018, and 2023 Censuses",I,2023,2023,9999,Total - New Zealand by regional council,B0405,United Kingdom (not further defined),07,30-34 years,1104,,,
DATAFLOW,STATSNZ:CEN23_ECI_006(1.0),"Birthplace and age for the census usually resident population count, (RC, TALB, SA2, Health), 2013, 2018, and 2023 Censuses",I,2023,2023,9999,Total - New Zealand by regional council,B0411,Sweden,09,40-44 years,174,,,
DATAFLOW,STATSNZ:CEN23_ECI_006(1.0),"Birthplace and age for the census usually resident population count, (RC, TALB, SA2, Health), 2013, 2018, and 2023 Censuses",I,2023,2023,9999,Total - New Zealand by regional council,B1104,Zambia,2,15-29 years,102,,,
DATAFLOW,STATSNZ:CEN23_ECI_006(1.0),"Birthplace and age for the census usually resident population count, (RC, TALB, SA2, Health), 2013, 2018, and 2023 Censuses",I,2023,2023,9999,Total - New Zealand by regional council,B0403,Germany,15,70-74 years,675,,,
DATAFLOW,STATSNZ:CEN23_ECI_006(1.0),"Birthplace and age for the census usually resident population count, (RC, TALB, SA2, Health), 2013, 2018, and 2023 Censuses",I,2023,2023,9999,Total - New Zealand by regional council,B1008,Other Americas,07,30-34 years,747,,,
DATAFLOW,STATSNZ:CEN23_ECI_006(1.0),"Birthplace and age for the census usually resident population count, (RC, TALB, SA2, Health), 2013, 2018, and 2023 Censuses",I,2023,2023,9999,Total - New Zealand by regional council,B0410,Switzerland,09,40-44 years,222,,,
DATAFLOW,STATSNZ:CEN23_ECI_006(1.0),"Birthplace and age for the census usually resident population count, (RC, TALB, SA2, Health), 2013, 2018, and 2023 Censuses",I,2023,2023,9999,Total - New Zealand by regional council,B0501,Russia,10,45-49 years,681,,,
DATAFLOW,STATSNZ:CEN23_ECI_006(1.0),"Birthplace and age for the census usually resident population count, (RC, TALB, SA2, Health), 2013, 2018, and 2023 Censuses",I,2023,2023,9999,Total - New Zealand by regional council,B0406,Ireland,09,40-44 years,1158,,,
DATAFLOW,STATSNZ:CEN23_ECI_006(1.0),"Birthplace and age for the census usually resident population count, (RC, TALB, SA2, Health), 2013, 2018, and 2023 Censuses",I,2023,2023,9999,Total - New Zealand by regional council,B0709,Other,14,65-69 years,117,,,
DATAFLOW,STATSNZ:CEN23_ECI_006(1.0),"Birthplace and age for the census usually resident population count, (RC, TALB, SA2, Health), 2013, 2018, and 2023 Censuses",I,2023,2023,9999,Total - New Zealand by regional council,B0407,France,08,35-39 years,990,,,
DATAFLOW,STATSNZ:CEN23_ECI_006(1.0),"Birthplace and age for the census usually resident population count, (RC, TALB, SA2, Health), 2013, 2018, and 2023 Censuses",I,2023,2023,9999,Total - New Zealand by regional council,B0414,Belgium,4,65 years and over,141,,,
DATAFLOW,STATSNZ:CEN23_ECI_006(1.0),"Birthplace and age for the census usually resident population count, (RC, TALB, SA2, Health), 2013, 2018, and 2023 Censuses",I,2023,2023,9999,Total - New Zealand by regional council,B1104,Zambia,09,40-44 years,87,,,
DATAFLOW,STATSNZ:CEN23_ECI_006(1.0),"Birthplace and age for the census usually resident population count, (RC, TALB, SA2, Health), 2013, 2018, and 2023 Censuses",I,2023,2023,9999,Total - New Zealand by regional council,B02,Pacific Islands,11,50-54 years,16149,,,
DATAFLOW,STATSNZ:CEN23_ECI_006(1.0),"Birthplace and age for the census usually resident population count, (RC, TALB, SA2, Health), 2013, 2018, and 2023 Censuses",I,2023,2023,9999,Total - New Zealand by regional council,B0512,Other,17,80-84 years,171,,,
DATAFLOW,STATSNZ:CEN23_ECI_006(1.0),"Birthplace and age for the census usually resident population count, (RC, TALB, SA2, Health), 2013, 2018, and 2023 Censuses",I,2023,2023,9999,Total - New Zealand by regional council,B0208,Tuvalu,07,30-34 years,273,,,
DATAFLOW,STATSNZ:CEN23_ECI_006(1.0),"Birthplace and age for the census usually resident population count, (RC, TALB, SA2, Health), 2013, 2018, and 2023 Censuses",I,2023,2023,9999,Total - New Zealand by regional council,B0406,Ireland,08,35-39 years,1377,,,
DATAFLOW,STATSNZ:CEN23_ECI_006(1.0),"Birthplace and age for the census usually resident population count, (RC, TALB, SA2, Health), 2013, 2018, and 2023 Censuses",I,2023,2023,9999,Total - New Zealand by regional council,B05,Southern and Eastern Europe,12,55-59 years,2091,,,
DATAFLOW,STATSNZ:CEN23_ECI_006(1.0),"Birthplace and age for the census usually resident population count, (RC, TALB, SA2, Health), 2013, 2018, and 2023 Censuses",I,2023,2023,9999,Total - New Zealand by regional council,B12,At sea,05,20-24 years,0,,,
DATAFLOW,STATSNZ:CEN23_ECI_006(1.0),"Birthplace and age for the census usually resident population count, (RC, TALB, SA2, Health), 2013, 2018, and 2023 Censuses",I,2023,2023,9999,Total - New Zealand by regional council,B0708,Myanmar,19,90 years and over,15,,,
DATAFLOW,STATSNZ:CEN23_ECI_006(1.0),"Birthplace and age for the census usually resident population count, (RC, TALB, SA2, Health), 2013, 2018, and 2023 Censuses",I,2023,2023,9999,Total - New Zealand by regional council,B03,Other Oceania and Antarctica,10,45-49 years,0,,,
DATAFLOW,STATSNZ:CEN23_ECI_006(1.0),"Birthplace and age for the census usually resident population count, (RC, TALB, SA2, Health), 2013, 2018, and 2023 Censuses",I,2023,2023,9999,Total - New Zealand by regional council,B07,South-East Asia,99,Total - age,174120,,,
DATAFLOW,STATSNZ:CEN23_ECI_006(1.0),"Birthplace and age for the census usually resident population count, (RC, TALB, SA2, Health), 2013, 2018, and 2023 Censuses",I,2023,2023,9999,Total - New Zealand by regional council,B1006,Colombia,Median,Median - age,34.2,,,
DATAFLOW,STATSNZ:CEN23_ECI_006(1.0),"Birthplace and age for the census usually resident population count, (RC, TALB, SA2, Health), 2013, 2018, and 2023 Censuses",I,2023,2023,9999,Total - New Zealand by regional council,B0606,Syria,07,30-34 years,114,,,
DATAFLOW,STATSNZ:CEN23_ECI_006(1.0),"Birthplace and age for the census usually resident population count, (RC, TALB, SA2, Health), 2013, 2018, and 2023 Censuses",I,2023,2023,9999,Total - New Zealand by regional council,B05,Southern and Eastern Europe,4,65 years and over,5862,,,
DATAFLOW,STATSNZ:CEN23_ECI_006(1.0),"Birthplace and age for the census usually resident population count, (RC, TALB, SA2, Health), 2013, 2018, and 2023 Censuses",I,2023,2023,9999,Total - New Zealand by regional council,B11,Sub-Saharan Africa,Median,Median - age,40.5,,,
DATAFLOW,STATSNZ:CEN23_ECI_006(1.0),"Birthplace and age for the census usually resident population count, (RC, TALB, SA2, Health), 2013, 2018, and 2023 Censuses",I,2023,2023,9999,Total - New Zealand by regional council,B0415,Channel Islands,4,65 years and over,321,,,
DATAFLOW,STATSNZ:CEN23_ECI_006(1.0),"Birthplace and age for the census usually resident population count, (RC, TALB, SA2, Health), 2013, 2018, and 2023 Censuses",I,2023,2023,9999,Total - New Zealand by regional council,B0503,Czech Republic,3,30-64 years,1863,,,
DATAFLOW,STATSNZ:CEN23_ECI_006(1.0),"Birthplace and age for the census usually resident population count, (RC, TALB, SA2, Health), 2013, 2018, and 2023 Censuses",I,2023,2023,9999,Total - New Zealand by regional council,B0804,Hong Kong (Special Administrative Region),99,Total - age,13308,,,
DATAFLOW,STATSNZ:CEN23_ECI_006(1.0),"Birthplace and age for the census usually resident population count, (RC, TALB, SA2, Health), 2013, 2018, and 2023 Censuses",I,2023,2023,9999,Total - New Zealand by regional council,B1007,Mexico,19,90 years and over,0,,,
DATAFLOW,STATSNZ:CEN23_ECI_006(1.0),"Birthplace and age for the census usually resident population count, (RC, TALB, SA2, Health), 2013, 2018, and 2023 Censuses",I,2023,2023,9999,Total - New Zealand by regional council,B0601,Iraq,99,Total - age,5493,,,
DATAFLOW,STATSNZ:CEN23_ECI_006(1.0),"Birthplace and age for the census usually resident population count, (RC, TALB, SA2, Health), 2013, 2018, and 2023 Censuses",I,2023,2023,9999,Total - New Zealand by regional council,B1002,Canada,3,30-64 years,7719,,,
DATAFLOW,STATSNZ:CEN23_ECI_006(1.0),"Birthplace and age for the census usually resident population count, (RC, TALB, SA2, Health), 2013, 2018, and 2023 Censuses",I,2023,2023,9999,Total - New Zealand by regional council,B,Overseas,04,15-19 years,61134,,,
DATAFLOW,STATSNZ:CEN23_ECI_006(1.0),"Birthplace and age for the census usually resident population count, (RC, TALB, SA2, Health), 2013, 2018, and 2023 Censuses",I,2023,2023,9999,Total - New Zealand by regional council,B0508,Spain,10,45-49 years,189,,,
DATAFLOW,STATSNZ:CEN23_ECI_006(1.0),"Birthplace and age for the census usually resident population count, (RC, TALB, SA2, Health), 2013, 2018, and 2023 Censuses",I,2023,2023,9999,Total - New Zealand by regional council,B0607,Israel,11,50-54 years,120,,,
DATAFLOW,STATSNZ:CEN23_ECI_006(1.0),"Birthplace and age for the census usually resident population count, (RC, TALB, SA2, Health), 2013, 2018, and 2023 Censuses",I,2023,2023,9999,Total - New Zealand by regional council,B0201,Fiji,10,45-49 years,6444,,,
DATAFLOW,STATSNZ:CEN23_ECI_006(1.0),"Birthplace and age for the census usually resident population count, (RC, TALB, SA2, Health), 2013, 2018, and 2023 Censuses",I,2023,2023,9999,Total - New Zealand by regional council,A,New Zealand,17,80-84 years,77919,,,
DATAFLOW,STATSNZ:CEN23_ECI_006(1.0),"Birthplace and age for the census usually resident population count, (RC, TALB, SA2, Health), 2013, 2018, and 2023 Censuses",I,2023,2023,9999,Total - New Zealand by regional council,B0404,Netherlands,07,30-34 years,711,,,
DATAFLOW,STATSNZ:CEN23_ECI_006(1.0),"Birthplace and age for the census usually resident population count, (RC, TALB, SA2, Health), 2013, 2018, and 2023 Censuses",I,2023,2023,9999,Total - New Zealand by regional council,B0206,Vanuatu,06,25-29 years,240,,,
DATAFLOW,STATSNZ:CEN23_ECI_006(1.0),"Birthplace and age for the census usually resident population count, (RC, TALB, SA2, Health), 2013, 2018, and 2023 Censuses",I,2023,2023,9999,Total - New Zealand by regional council,B0608,Turkey,17,80-84 years,9,,,
DATAFLOW,STATSNZ:CEN23_ECI_006(1.0),"Birthplace and age for the census usually resident population count, (RC, TALB, SA2, Health), 2013, 2018, and 2023 Censuses",I,2023,2023,9999,Total - New Zealand by regional council,B0502,Italy,4,65 years and over,483,,,
DATAFLOW,STATSNZ:CEN23_ECI_006(1.0),"Birthplace and age for the census usually resident population count, (RC, TALB, SA2, Health), 2013, 2018, and 2023 Censuses",I,2023,2023,9999,Total - New Zealand by regional council,B0505,Romania,09,40-44 years,228,,,
DATAFLOW,STATSNZ:CEN23_ECI_006(1.0),"Birthplace and age for the census usually resident population count, (RC, TALB, SA2, Health), 2013, 2018, and 2023 Censuses",I,2023,2023,9999,Total - New Zealand by regional council,B0608,Turkey,01,0-4 years,6,,,
DATAFLOW,STATSNZ:CEN23_ECI_006(1.0),"Birthplace and age for the census usually resident population count, (RC, TALB, SA2, Health), 2013, 2018, and 2023 Censuses",I,2023,2023,9999,Total - New Zealand by regional council,B08,North-East Asia,11,50-54 years,15390,,,
DATAFLOW,STATSNZ:CEN23_ECI_006(1.0),"Birthplace and age for the census usually resident population count, (RC, TALB, SA2, Health), 2013, 2018, and 2023 Censuses",I,2023,2023,9999,Total - New Zealand by regional council,B0503,Czech Republic,15,70-74 years,27,,,
DATAFLOW,STATSNZ:CEN23_ECI_006(1.0),"Birthplace and age for the census usually resident population count, (RC, TALB, SA2, Health), 2013, 2018, and 2023 Censuses",I,2023,2023,9999,Total - New Zealand by regional council,B08,North-East Asia,01,0-4 years,1188,,,
DATAFLOW,STATSNZ:CEN23_ECI_006(1.0),"Birthplace and age for the census usually resident population count, (RC, TALB, SA2, Health), 2013, 2018, and 2023 Censuses",I,2023,2023,9999,Total - New Zealand by regional council,B0602,Iran,09,40-44 years,912,,,
DATAFLOW,STATSNZ:CEN23_ECI_006(1.0),"Birthplace and age for the census usually resident population count, (RC, TALB, SA2, Health), 2013, 2018, and 2023 Censuses",I,2023,2023,9999,Total - New Zealand by regional council,B0204,Cook Islands,19,90 years and over,57,,,
DATAFLOW,STATSNZ:CEN23_ECI_006(1.0),"Birthplace and age for the census usually resident population count, (RC, TALB, SA2, Health), 2013, 2018, and 2023 Censuses",I,2023,2023,9999,Total - New Zealand by regional council,B0407,France,12,55-59 years,276,,,
DATAFLOW,STATSNZ:CEN23_ECI_006(1.0),"Birthplace and age for the census usually resident population count, (RC, TALB, SA2, Health), 2013, 2018, and 2023 Censuses",I,2023,2023,9999,Total - New Zealand by regional council,B1106,Somalia,3,30-64 years,852,,,
DATAFLOW,STATSNZ:CEN23_ECI_006(1.0),"Birthplace and age for the census usually resident population count, (RC, TALB, SA2, Health), 2013, 2018, and 2023 Censuses",I,2023,2023,9999,Total - New Zealand by regional council,B0905,Nepal,01,0-4 years,30,,,
DATAFLOW,STATSNZ:CEN23_ECI_006(1.0),"Birthplace and age for the census usually resident population count, (RC, TALB, SA2, Health), 2013, 2018, and 2023 Censuses",I,2023,2023,9999,Total - New Zealand by regional council,B0402,Scotland,1,Under 15 years,675,,,
DATAFLOW,STATSNZ:CEN23_ECI_006(1.0),"Birthplace and age for the census usually resident population count, (RC, TALB, SA2, Health), 2013, 2018, and 2023 Censuses",I,2023,2023,9999,Total - New Zealand by regional council,B0410,Switzerland,10,45-49 years,225,,,
DATAFLOW,STATSNZ:CEN23_ECI_006(1.0),"Birthplace and age for the census usually resident population count, (RC, TALB, SA2, Health), 2013, 2018, and 2023 Censuses",I,2023,2023,9999,Total - New Zealand by regional council,B0401,England,19,90 years and over,3627,,,
DATAFLOW,STATSNZ:CEN23_ECI_006(1.0),"Birthplace and age for the census usually resident population count, (RC, TALB, SA2, Health), 2013, 2018, and 2023 Censuses",I,2023,2023,9999,Total - New Zealand by regional council,B0904,Afghanistan,15,70-74 years,93,,,
DATAFLOW,STATSNZ:CEN23_ECI_006(1.0),"Birthplace and age for the census usually resident population count, (RC, TALB, SA2, Health), 2013, 2018, and 2023 Censuses",I,2023,2023,9999,Total - New Zealand by regional council,B02,Pacific Islands,4,65 years and over,29490,,,
DATAFLOW,STATSNZ:CEN23_ECI_006(1.0),"Birthplace and age for the census usually resident population count, (RC, TALB, SA2, Health), 2013, 2018, and 2023 Censuses",I,2023,2023,9999,Total - New Zealand by regional council,B0206,Vanuatu,07,30-34 years,177,,,
DATAFLOW,STATSNZ:CEN23_ECI_006(1.0),"Birthplace and age for the census usually resident population count, (RC, TALB, SA2, Health), 2013, 2018, and 2023 Censuses",I,2023,2023,9999,Total - New Zealand by regional council,B0506,Ukraine,05,20-24 years,78,,,
DATAFLOW,STATSNZ:CEN23_ECI_006(1.0),"Birthplace and age for the census usually resident population count, (RC, TALB, SA2, Health), 2013, 2018, and 2023 Censuses",I,2023,2023,9999,Total - New Zealand by regional council,B1008,Other Americas,18,85-89 years,51,,,
DATAFLOW,STATSNZ:CEN23_ECI_006(1.0),"Birthplace and age for the census usually resident population count, (RC, TALB, SA2, Health), 2013, 2018, and 2023 Censuses",I,2023,2023,9999,Total - New Zealand by regional council,B0504,Poland,08,35-39 years,333,,,
DATAFLOW,STATSNZ:CEN23_ECI_006(1.0),"Birthplace and age for the census usually resident population count, (RC, TALB, SA2, Health), 2013, 2018, and 2023 Censuses",I,2023,2023,9999,Total - New Zealand by regional council,B1107,Other Sub-Saharan Africa,16,75-79 years,120,,,
DATAFLOW,STATSNZ:CEN23_ECI_006(1.0),"Birthplace and age for the census usually resident population count, (RC, TALB, SA2, Health), 2013, 2018, and 2023 Censuses",I,2023,2023,9999,Total - New Zealand by regional council,B0805,Taiwan,06,25-29 years,762,,,
DATAFLOW,STATSNZ:CEN23_ECI_006(1.0),"Birthplace and age for the census usually resident population count, (RC, TALB, SA2, Health), 2013, 2018, and 2023 Censuses",I,2023,2023,9999,Total - New Zealand by regional council,B1103,Kenya,99,Total - age,1962,,,
DATAFLOW,STATSNZ:CEN23_ECI_006(1.0),"Birthplace and age for the census usually resident population count, (RC, TALB, SA2, Health), 2013, 2018, and 2023 Censuses",I,2023,2023,9999,Total - New Zealand by regional council,B0406,Ireland,18,85-89 years,249,,,
DATAFLOW,STATSNZ:CEN23_ECI_006(1.0),"Birthplace and age for the census usually resident population count, (RC, TALB, SA2, Health), 2013, 2018, and 2023 Censuses",I,2023,2023,9999,Total - New Zealand by regional council,B0604,Egypt,09,40-44 years,219,,,
DATAFLOW,STATSNZ:CEN23_ECI_006(1.0),"Birthplace and age for the census usually resident population count, (RC, TALB, SA2, Health), 2013, 2018, and 2023 Censuses",I,2023,2023,9999,Total - New Zealand by regional council,B0410,Switzerland,16,75-79 years,183,,,
DATAFLOW,STATSNZ:CEN23_ECI_006(1.0),"Birthplace and age for the census usually resident population count, (RC, TALB, SA2, Health), 2013, 2018, and 2023 Censuses",I,2023,2023,9999,Total - New Zealand by regional council,B0411,Sweden,11,50-54 years,135,,,
DATAFLOW,STATSNZ:CEN23_ECI_006(1.0),"Birthplace and age for the census usually resident population count, (RC, TALB, SA2, Health), 2013, 2018, and 2023 Censuses",I,2023,2023,9999,Total - New Zealand by regional council,B1008,Other Americas,1,Under 15 years,372,,,
DATAFLOW,STATSNZ:CEN23_ECI_006(1.0),"Birthplace and age for the census usually resident population count, (RC, TALB, SA2, Health), 2013, 2018, and 2023 Censuses",I,2023,2023,9999,Total - New Zealand by regional council,B0903,Pakistan,3,30-64 years,3909,,,
DATAFLOW,STATSNZ:CEN23_ECI_006(1.0),"Birthplace and age for the census usually resident population count, (RC, TALB, SA2, Health), 2013, 2018, and 2023 Censuses",I,2023,2023,9999,Total - New Zealand by regional council,B0206,Vanuatu,13,60-64 years,27,,,
DATAFLOW,STATSNZ:CEN23_ECI_006(1.0),"Birthplace and age for the census usually resident population count, (RC, TALB, SA2, Health), 2013, 2018, and 2023 Censuses",I,2023,2023,9999,Total - New Zealand by regional council,B0407,France,11,50-54 years,375,,,
DATAFLOW,STATSNZ:CEN23_ECI_006(1.0),"Birthplace and age for the census usually resident population count, (RC, TALB, SA2, Health), 2013, 2018, and 2023 Censuses",I,2023,2023,9999,Total - New Zealand by regional council,B0703,Thailand,10,45-49 years,1254,,,
DATAFLOW,STATSNZ:CEN23_ECI_006(1.0),"Birthplace and age for the census usually resident population count, (RC, TALB, SA2, Health), 2013, 2018, and 2023 Censuses",I,2023,2023,9999,Total - New Zealand by regional council,B0204,Cook Islands,03,10-14 years,198,,,
DATAFLOW,STATSNZ:CEN23_ECI_006(1.0),"Birthplace and age for the census usually resident population count, (RC, TALB, SA2, Health), 2013, 2018, and 2023 Censuses",I,2023,2023,9999,Total - New Zealand by regional council,B0505,Romania,15,70-74 years,54,,,
DATAFLOW,STATSNZ:CEN23_ECI_006(1.0),"Birthplace and age for the census usually resident population count, (RC, TALB, SA2, Health), 2013, 2018, and 2023 Censuses",I,2023,2023,9999,Total - New Zealand by regional council,B1005,Argentina,18,85-89 years,3,,,
DATAFLOW,STATSNZ:CEN23_ECI_006(1.0),"Birthplace and age for the census usually resident population count, (RC, TALB, SA2, Health), 2013, 2018, and 2023 Censuses",I,2023,2023,9999,Total - New Zealand by regional council,C,Not elsewhere included,02,5-9 years,2223,,,
DATAFLOW,STATSNZ:CEN23_ECI_006(1.0),"Birthplace and age for the census usually resident population count, (RC, TALB, SA2, Health), 2013, 2018, and 2023 Censuses",I,2023,2023,9999,Total - New Zealand by regional council,C,Not elsewhere included,18,85-89 years,348,,,
DATAFLOW,STATSNZ:CEN23_ECI_006(1.0),"Birthplace and age for the census usually resident population count, (RC, TALB, SA2, Health), 2013, 2018, and 2023 Censuses",I,2023,2023,9999,Total - New Zealand by regional council,B0201,Fiji,99,Total - age,68829,,,
DATAFLOW,STATSNZ:CEN23_ECI_006(1.0),"Birthplace and age for the census usually resident population count, (RC, TALB, SA2, Health), 2013, 2018, and 2023 Censuses",I,2023,2023,9999,Total - New Zealand by regional council,B10,The Americas,4,65 years and over,8145,,,
DATAFLOW,STATSNZ:CEN23_ECI_006(1.0),"Birthplace and age for the census usually resident population count, (RC, TALB, SA2, Health), 2013, 2018, and 2023 Censuses",I,2023,2023,9999,Total - New Zealand by regional council,B0704,Viet Nam,04,15-19 years,681,,,
DATAFLOW,STATSNZ:CEN23_ECI_006(1.0),"Birthplace and age for the census usually resident population count, (RC, TALB, SA2, Health), 2013, 2018, and 2023 Censuses",I,2023,2023,9999,Total - New Zealand by regional council,B10,The Americas,19,90 years and over,174,,,
DATAFLOW,STATSNZ:CEN23_ECI_006(1.0),"Birthplace and age for the census usually resident population count, (RC, TALB, SA2, Health), 2013, 2018, and 2023 Censuses",I,2023,2023,9999,Total - New Zealand by regional council,B0607,Israel,18,85-89 years,6,,,
DATAFLOW,STATSNZ:CEN23_ECI_006(1.0),"Birthplace and age for the census usually resident population count, (RC, TALB, SA2, Health), 2013, 2018, and 2023 Censuses",I,2023,2023,9999,Total - New Zealand by regional council,B1105,Ethiopia,04,15-19 years,87,,,
DATAFLOW,STATSNZ:CEN23_ECI_006(1.0),"Birthplace and age for the census usually resident population count, (RC, TALB, SA2, Health), 2013, 2018, and 2023 Censuses",I,2023,2023,9999,Total - New Zealand by regional council,B0801,"China, People's Republic of",4,65 years and over,21399,,,
DATAFLOW,STATSNZ:CEN23_ECI_006(1.0),"Birthplace and age for the census usually resident population count, (RC, TALB, SA2, Health), 2013, 2018, and 2023 Censuses",I,2023,2023,9999,Total - New Zealand by regional council,B0405,United Kingdom (not further defined),13,60-64 years,627,,,
DATAFLOW,STATSNZ:CEN23_ECI_006(1.0),"Birthplace and age for the census usually resident population count, (RC, TALB, SA2, Health), 2013, 2018, and 2023 Censuses",I,2023,2023,9999,Total - New Zealand by regional council,B0404,Netherlands,13,60-64 years,1497,,,
DATAFLOW,STATSNZ:CEN23_ECI_006(1.0),"Birthplace and age for the census usually resident population count, (RC, TALB, SA2, Health), 2013, 2018, and 2023 Censuses",I,2023,2023,9999,Total - New Zealand by regional council,B1103,Kenya,01,0-4 years,18,,,
DATAFLOW,STATSNZ:CEN23_ECI_006(1.0),"Birthplace and age for the census usually resident population count, (RC, TALB, SA2, Health), 2013, 2018, and 2023 Censuses",I,2023,2023,9999,Total - New Zealand by regional council,B0210,Tokelau,17,80-84 years,36,,,
DATAFLOW,STATSNZ:CEN23_ECI_006(1.0),"Birthplace and age for the census usually resident population count, (RC, TALB, SA2, Health), 2013, 2018, and 2023 Censuses",I,2023,2023,9999,Total - New Zealand by regional council,B1007,Mexico,03,10-14 years,57,,,
DATAFLOW,STATSNZ:CEN23_ECI_006(1.0),"Birthplace and age for the census usually resident population count, (RC, TALB, SA2, Health), 2013, 2018, and 2023 Censuses",I,2023,2023,9999,Total - New Zealand by regional council,B11,Sub-Saharan Africa,14,65-69 years,5019,,,
DATAFLOW,STATSNZ:CEN23_ECI_006(1.0),"Birthplace and age for the census usually resident population count, (RC, TALB, SA2, Health), 2013, 2018, and 2023 Censuses",I,2023,2023,9999,Total - New Zealand by regional council,B0902,Sri Lanka,04,15-19 years,753,,,
DATAFLOW,STATSNZ:CEN23_ECI_006(1.0),"Birthplace and age for the census usually resident population count, (RC, TALB, SA2, Health), 2013, 2018, and 2023 Censuses",I,2023,2023,9999,Total - New Zealand by regional council,B0805,Taiwan,2,15-29 years,1374,,,
DATAFLOW,STATSNZ:CEN23_ECI_006(1.0),"Birthplace and age for the census usually resident population count, (RC, TALB, SA2, Health), 2013, 2018, and 2023 Censuses",I,2023,2023,9999,Total - New Zealand by regional council,B0211,Solomon Islands,01,0-4 years,0,,,
DATAFLOW,STATSNZ:CEN23_ECI_006(1.0),"Birthplace and age for the census usually resident population count, (RC, TALB, SA2, Health), 2013, 2018, and 2023 Censuses",I,2023,2023,9999,Total - New Zealand by regional council,B1003,Brazil,11,50-54 years,474,,,
DATAFLOW,STATSNZ:CEN23_ECI_006(1.0),"Birthplace and age for the census usually resident population count, (RC, TALB, SA2, Health), 2013, 2018, and 2023 Censuses",I,2023,2023,9999,Total - New Zealand by regional council,B0705,Cambodia,4,65 years and over,1491,,,
DATAFLOW,STATSNZ:CEN23_ECI_006(1.0),"Birthplace and age for the census usually resident population count, (RC, TALB, SA2, Health), 2013, 2018, and 2023 Censuses",I,2023,2023,9999,Total - New Zealand by regional council,B1107,Other Sub-Saharan Africa,14,65-69 years,369,,,
DATAFLOW,STATSNZ:CEN23_ECI_006(1.0),"Birthplace and age for the census usually resident population count, (RC, TALB, SA2, Health), 2013, 2018, and 2023 Censuses",I,2023,2023,9999,Total - New Zealand by regional council,B0706,Indonesia,1,Under 15 years,504,,,
DATAFLOW,STATSNZ:CEN23_ECI_006(1.0),"Birthplace and age for the census usually resident population count, (RC, TALB, SA2, Health), 2013, 2018, and 2023 Censuses",I,2023,2023,9999,Total - New Zealand by regional council,777777,Total stated - birthplace,4,65 years and over,822600,,,
DATAFLOW,STATSNZ:CEN23_ECI_006(1.0),"Birthplace and age for the census usually resident population count, (RC, TALB, SA2, Health), 2013, 2018, and 2023 Censuses",I,2023,2023,9999,Total - New Zealand by regional council,B0408,Wales,99,Total - age,7905,,,
DATAFLOW,STATSNZ:CEN23_ECI_006(1.0),"Birthplace and age for the census usually resident population count, (RC, TALB, SA2, Health), 2013, 2018, and 2023 Censuses",I,2023,2023,9999,Total - New Zealand by regional council,B0604,Egypt,15,70-74 years,114,,,
DATAFLOW,STATSNZ:CEN23_ECI_006(1.0),"Birthplace and age for the census usually resident population count, (RC, TALB, SA2, Health), 2013, 2018, and 2023 Censuses",I,2023,2023,9999,Total - New Zealand by regional council,B0609,Other Oceania and Antarctica,3,30-64 years,2943,,,
DATAFLOW,STATSNZ:CEN23_ECI_006(1.0),"Birthplace and age for the census usually resident population count, (RC, TALB, SA2, Health), 2013, 2018, and 2023 Censuses",I,2023,2023,9999,Total - New Zealand by regional council,B1105,Ethiopia,13,60-64 years,69,,,
DATAFLOW,STATSNZ:CEN23_ECI_006(1.0),"Birthplace and age for the census usually resident population count, (RC, TALB, SA2, Health), 2013, 2018, and 2023 Censuses",I,2023,2023,9999,Total - New Zealand by regional council,B0409,Northern Ireland,1,Under 15 years,78,,,
DATAFLOW,STATSNZ:CEN23_ECI_006(1.0),"Birthplace and age for the census usually resident population count, (RC, TALB, SA2, Health), 2013, 2018, and 2023 Censuses",I,2023,2023,9999,Total - New Zealand by regional council,B0806,Other,2,15-29 years,99,,,
DATAFLOW,STATSNZ:CEN23_ECI_006(1.0),"Birthplace and age for the census usually resident population count, (RC, TALB, SA2, Health), 2013, 2018, and 2023 Censuses",I,2023,2023,9999,Total - New Zealand by regional council,B0709,Other,03,10-14 years,42,,,
DATAFLOW,STATSNZ:CEN23_ECI_006(1.0),"Birthplace and age for the census usually resident population count, (RC, TALB, SA2, Health), 2013, 2018, and 2023 Censuses",I,2023,2023,9999,Total - New Zealand by regional council,B0803,Japan,13,60-64 years,528,,,
DATAFLOW,STATSNZ:CEN23_ECI_006(1.0),"Birthplace and age for the census usually resident population count, (RC, TALB, SA2, Health), 2013, 2018, and 2023 Censuses",I,2023,2023,9999,Total - New Zealand by regional council,B0509,Hungary,10,45-49 years,288,,,
DATAFLOW,STATSNZ:CEN23_ECI_006(1.0),"Birthplace and age for the census usually resident population count, (RC, TALB, SA2, Health), 2013, 2018, and 2023 Censuses",I,2023,2023,9999,Total - New Zealand by regional council,B0212,Other,01,0-4 years,12,,,
DATAFLOW,STATSNZ:CEN23_ECI_006(1.0),"Birthplace and age for the census usually resident population count, (RC, TALB, SA2, Health), 2013, 2018, and 2023 Censuses",I,2023,2023,9999,Total - New Zealand by regional council,B1003,Brazil,2,15-29 years,1830,,,
DATAFLOW,STATSNZ:CEN23_ECI_006(1.0),"Birthplace and age for the census usually resident population count, (RC, TALB, SA2, Health), 2013, 2018, and 2023 Censuses",I,2023,2023,9999,Total - New Zealand by regional council,B0603,Saudi Arabia,01,0-4 years,36,,,
DATAFLOW,STATSNZ:CEN23_ECI_006(1.0),"Birthplace and age for the census usually resident population count, (RC, TALB, SA2, Health), 2013, 2018, and 2023 Censuses",I,2023,2023,9999,Total - New Zealand by regional council,B0609,Other Oceania and Antarctica,05,20-24 years,456,,,
DATAFLOW,STATSNZ:CEN23_ECI_006(1.0),"Birthplace and age for the census usually resident population count, (RC, TALB, SA2, Health), 2013, 2018, and 2023 Censuses",I,2023,2023,9999,Total - New Zealand by regional council,B0702,Malaysia,09,40-44 years,1962,,,
DATAFLOW,STATSNZ:CEN23_ECI_006(1.0),"Birthplace and age for the census usually resident population count, (RC, TALB, SA2, Health), 2013, 2018, and 2023 Censuses",I,2023,2023,9999,Total - New Zealand by regional council,B1106,Somalia,1,Under 15 years,78,,,
DATAFLOW,STATSNZ:CEN23_ECI_006(1.0),"Birthplace and age for the census usually resident population count, (RC, TALB, SA2, Health), 2013, 2018, and 2023 Censuses",I,2023,2023,9999,Total - New Zealand by regional council,B0707,Singapore,12,55-59 years,531,,,
DATAFLOW,STATSNZ:CEN23_ECI_006(1.0),"Birthplace and age for the census usually resident population count, (RC, TALB, SA2, Health), 2013, 2018, and 2023 Censuses",I,2023,2023,9999,Total - New Zealand by regional council,B0902,Sri Lanka,14,65-69 years,705,,,
DATAFLOW,STATSNZ:CEN23_ECI_006(1.0),"Birthplace and age for the census usually resident population count, (RC, TALB, SA2, Health), 2013, 2018, and 2023 Censuses",I,2023,2023,9999,Total - New Zealand by regional council,B03,Other Oceania and Antarctica,16,75-79 years,0,,,
DATAFLOW,STATSNZ:CEN23_ECI_006(1.0),"Birthplace and age for the census usually resident population count, (RC, TALB, SA2, Health), 2013, 2018, and 2023 Censuses",I,2023,2023,9999,Total - New Zealand by regional council,B04,North-West Europe,09,40-44 years,18600,,,
DATAFLOW,STATSNZ:CEN23_ECI_006(1.0),"Birthplace and age for the census usually resident population count, (RC, TALB, SA2, Health), 2013, 2018, and 2023 Censuses",I,2023,2023,9999,Total - New Zealand by regional council,B0207,Kiribati,06,25-29 years,351,,,
DATAFLOW,STATSNZ:CEN23_ECI_006(1.0),"Birthplace and age for the census usually resident population count, (RC, TALB, SA2, Health), 2013, 2018, and 2023 Censuses",I,2023,2023,9999,Total - New Zealand by regional council,B0707,Singapore,16,75-79 years,129,,,
DATAFLOW,STATSNZ:CEN23_ECI_006(1.0),"Birthplace and age for the census usually resident population count, (RC, TALB, SA2, Health), 2013, 2018, and 2023 Censuses",I,2023,2023,9999,Total - New Zealand by regional council,B03,Other Oceania and Antarctica,08,35-39 years,0,,,
DATAFLOW,STATSNZ:CEN23_ECI_006(1.0),"Birthplace and age for the census usually resident population count, (RC, TALB, SA2, Health), 2013, 2018, and 2023 Censuses",I,2023,2023,9999,Total - New Zealand by regional council,B0412,Denmark,17,80-84 years,90,,,
DATAFLOW,STATSNZ:CEN23_ECI_006(1.0),"Birthplace and age for the census usually resident population count, (RC, TALB, SA2, Health), 2013, 2018, and 2023 Censuses",I,2023,2023,9999,Total - New Zealand by regional council,B0210,Tokelau,18,85-89 years,18,,,
DATAFLOW,STATSNZ:CEN23_ECI_006(1.0),"Birthplace and age for the census usually resident population count, (RC, TALB, SA2, Health), 2013, 2018, and 2023 Censuses",I,2023,2023,9999,Total - New Zealand by regional council,B07,South-East Asia,11,50-54 years,13170,,,
DATAFLOW,STATSNZ:CEN23_ECI_006(1.0),"Birthplace and age for the census usually resident population count, (RC, TALB, SA2, Health), 2013, 2018, and 2023 Censuses",I,2023,2023,9999,Total - New Zealand by regional council,B0601,Iraq,13,60-64 years,501,,,
DATAFLOW,STATSNZ:CEN23_ECI_006(1.0),"Birthplace and age for the census usually resident population count, (RC, TALB, SA2, Health), 2013, 2018, and 2023 Censuses",I,2023,2023,9999,Total - New Zealand by regional council,B0211,Solomon Islands,10,45-49 years,72,,,
DATAFLOW,STATSNZ:CEN23_ECI_006(1.0),"Birthplace and age for the census usually resident population count, (RC, TALB, SA2, Health), 2013, 2018, and 2023 Censuses",I,2023,2023,9999,Total - New Zealand by regional council,B0902,Sri Lanka,3,30-64 years,12681,,,
DATAFLOW,STATSNZ:CEN23_ECI_006(1.0),"Birthplace and age for the census usually resident population count, (RC, TALB, SA2, Health), 2013, 2018, and 2023 Censuses",I,2023,2023,9999,Total - New Zealand by regional council,B06,North Africa and the Middle East,03,10-14 years,1980,,,
DATAFLOW,STATSNZ:CEN23_ECI_006(1.0),"Birthplace and age for the census usually resident population count, (RC, TALB, SA2, Health), 2013, 2018, and 2023 Censuses",I,2023,2023,9999,Total - New Zealand by regional council,B0803,Japan,08,35-39 years,1125,,,
DATAFLOW,STATSNZ:CEN23_ECI_006(1.0),"Birthplace and age for the census usually resident population count, (RC, TALB, SA2, Health), 2013, 2018, and 2023 Censuses",I,2023,2023,9999,Total - New Zealand by regional council,B1002,Canada,2,15-29 years,2154,,,
DATAFLOW,STATSNZ:CEN23_ECI_006(1.0),"Birthplace and age for the census usually resident population count, (RC, TALB, SA2, Health), 2013, 2018, and 2023 Censuses",I,2023,2023,9999,Total - New Zealand by regional council,B0416,Other,2,15-29 years,312,,,
DATAFLOW,STATSNZ:CEN23_ECI_006(1.0),"Birthplace and age for the census usually resident population count, (RC, TALB, SA2, Health), 2013, 2018, and 2023 Censuses",I,2023,2023,9999,Total - New Zealand by regional council,B0406,Ireland,14,65-69 years,363,,,
DATAFLOW,STATSNZ:CEN23_ECI_006(1.0),"Birthplace and age for the census usually resident population count, (RC, TALB, SA2, Health), 2013, 2018, and 2023 Censuses",I,2023,2023,9999,Total - New Zealand by regional council,B1101,South Africa,04,15-19 years,5775,,,
DATAFLOW,STATSNZ:CEN23_ECI_006(1.0),"Birthplace and age for the census usually resident population count, (RC, TALB, SA2, Health), 2013, 2018, and 2023 Censuses",I,2023,2023,9999,Total - New Zealand by regional council,B02,Pacific Islands,Median,Median - age,44.1,,,
DATAFLOW,STATSNZ:CEN23_ECI_006(1.0),"Birthplace and age for the census usually resident population count, (RC, TALB, SA2, Health), 2013, 2018, and 2023 Censuses",I,2023,2023,9999,Total - New Zealand by regional council,B0403,Germany,16,75-79 years,522,,,
DATAFLOW,STATSNZ:CEN23_ECI_006(1.0),"Birthplace and age for the census usually resident population count, (RC, TALB, SA2, Health), 2013, 2018, and 2023 Censuses",I,2023,2023,9999,Total - New Zealand by regional council,B1103,Kenya,05,20-24 years,123,,,
DATAFLOW,STATSNZ:CEN23_ECI_006(1.0),"Birthplace and age for the census usually resident population count, (RC, TALB, SA2, Health), 2013, 2018, and 2023 Censuses",I,2023,2023,9999,Total - New Zealand by regional council,B1102,Zimbabwe,1,Under 15 years,198,,,
DATAFLOW,STATSNZ:CEN23_ECI_006(1.0),"Birthplace and age for the census usually resident population count, (RC, TALB, SA2, Health), 2013, 2018, and 2023 Censuses",I,2023,2023,9999,Total - New Zealand by regional council,B1107,Other Sub-Saharan Africa,99,Total - age,6606,,,
DATAFLOW,STATSNZ:CEN23_ECI_006(1.0),"Birthplace and age for the census usually resident population count, (RC, TALB, SA2, Health), 2013, 2018, and 2023 Censuses",I,2023,2023,9999,Total - New Zealand by regional council,B0203,Tonga,4,65 years and over,3999,,,
DATAFLOW,STATSNZ:CEN23_ECI_006(1.0),"Birthplace and age for the census usually resident population count, (RC, TALB, SA2, Health), 2013, 2018, and 2023 Censuses",I,2023,2023,9999,Total - New Zealand by regional council,B0209,Papua New Guinea,3,30-64 years,1053,,,
DATAFLOW,STATSNZ:CEN23_ECI_006(1.0),"Birthplace and age for the census usually resident population count, (RC, TALB, SA2, Health), 2013, 2018, and 2023 Censuses",I,2023,2023,9999,Total - New Zealand by regional council,B0701,Philippines,1,Under 15 years,8469,,,
DATAFLOW,STATSNZ:CEN23_ECI_006(1.0),"Birthplace and age for the census usually resident population count, (RC, TALB, SA2, Health), 2013, 2018, and 2023 Censuses",I,2023,2023,9999,Total - New Zealand by regional council,B0706,Indonesia,14,65-69 years,270,,,
DATAFLOW,STATSNZ:CEN23_ECI_006(1.0),"Birthplace and age for the census usually resident population count, (RC, TALB, SA2, Health), 2013, 2018, and 2023 Censuses",I,2023,2023,9999,Total - New Zealand by regional council,B03,Other Oceania and Antarctica,01,0-4 years,0,,,
DATAFLOW,STATSNZ:CEN23_ECI_006(1.0),"Birthplace and age for the census usually resident population count, (RC, TALB, SA2, Health), 2013, 2018, and 2023 Censuses",I,2023,2023,9999,Total - New Zealand by regional council,B0512,Other,99,Total - age,6939,,,
DATAFLOW,STATSNZ:CEN23_ECI_006(1.0),"Birthplace and age for the census usually resident population count, (RC, TALB, SA2, Health), 2013, 2018, and 2023 Censuses",I,2023,2023,9999,Total - New Zealand by regional council,B0903,Pakistan,1,Under 15 years,1155,,,
DATAFLOW,STATSNZ:CEN23_ECI_006(1.0),"Birthplace and age for the census usually resident population count, (RC, TALB, SA2, Health), 2013, 2018, and 2023 Censuses",I,2023,2023,9999,Total - New Zealand by regional council,B0606,Syria,12,55-59 years,75,,,
DATAFLOW,STATSNZ:CEN23_ECI_006(1.0),"Birthplace and age for the census usually resident population count, (RC, TALB, SA2, Health), 2013, 2018, and 2023 Censuses",I,2023,2023,9999,Total - New Zealand by regional council,B0206,Vanuatu,12,55-59 years,54,,,
DATAFLOW,STATSNZ:CEN23_ECI_006(1.0),"Birthplace and age for the census usually resident population count, (RC, TALB, SA2, Health), 2013, 2018, and 2023 Censuses",I,2023,2023,9999,Total - New Zealand by regional council,B10,The Americas,03,10-14 years,3237,,,
DATAFLOW,STATSNZ:CEN23_ECI_006(1.0),"Birthplace and age for the census usually resident population count, (RC, TALB, SA2, Health), 2013, 2018, and 2023 Censuses",I,2023,2023,9999,Total - New Zealand by regional council,777777,Total stated - birthplace,09,40-44 years,313686,,,
DATAFLOW,STATSNZ:CEN23_ECI_006(1.0),"Birthplace and age for the census usually resident population count, (RC, TALB, SA2, Health), 2013, 2018, and 2023 Censuses",I,2023,2023,9999,Total - New Zealand by regional council,B11,Sub-Saharan Africa,17,80-84 years,1104,,,
DATAFLOW,STATSNZ:CEN23_ECI_006(1.0),"Birthplace and age for the census usually resident population count, (RC, TALB, SA2, Health), 2013, 2018, and 2023 Censuses",I,2023,2023,9999,Total - New Zealand by regional council,B1003,Brazil,06,25-29 years,1053,,,
DATAFLOW,STATSNZ:CEN23_ECI_006(1.0),"Birthplace and age for the census usually resident population count, (RC, TALB, SA2, Health), 2013, 2018, and 2023 Censuses",I,2023,2023,9999,Total - New Zealand by regional council,B0210,Tokelau,14,65-69 years,135,,,
DATAFLOW,STATSNZ:CEN23_ECI_006(1.0),"Birthplace and age for the census usually resident population count, (RC, TALB, SA2, Health), 2013, 2018, and 2023 Censuses",I,2023,2023,9999,Total - New Zealand by regional council,B04,North-West Europe,4,65 years and over,100137,,,
DATAFLOW,STATSNZ:CEN23_ECI_006(1.0),"Birthplace and age for the census usually resident population count, (RC, TALB, SA2, Health), 2013, 2018, and 2023 Censuses",I,2023,2023,9999,Total - New Zealand by regional council,B10,The Americas,1,Under 15 years,6795,,,
DATAFLOW,STATSNZ:CEN23_ECI_006(1.0),"Birthplace and age for the census usually resident population count, (RC, TALB, SA2, Health), 2013, 2018, and 2023 Censuses",I,2023,2023,9999,Total - New Zealand by regional council,B0406,Ireland,99,Total - age,10308,,,
DATAFLOW,STATSNZ:CEN23_ECI_006(1.0),"Birthplace and age for the census usually resident population count, (RC, TALB, SA2, Health), 2013, 2018, and 2023 Censuses",I,2023,2023,9999,Total - New Zealand by regional council,B05,Southern and Eastern Europe,09,40-44 years,3975,,,
DATAFLOW,STATSNZ:CEN23_ECI_006(1.0),"Birthplace and age for the census usually resident population count, (RC, TALB, SA2, Health), 2013, 2018, and 2023 Censuses",I,2023,2023,9999,Total - New Zealand by regional council,B02,Pacific Islands,15,70-74 years,8250,,,
DATAFLOW,STATSNZ:CEN23_ECI_006(1.0),"Birthplace and age for the census usually resident population count, (RC, TALB, SA2, Health), 2013, 2018, and 2023 Censuses",I,2023,2023,9999,Total - New Zealand by regional council,B0408,Wales,07,30-34 years,570,,,
DATAFLOW,STATSNZ:CEN23_ECI_006(1.0),"Birthplace and age for the census usually resident population count, (RC, TALB, SA2, Health), 2013, 2018, and 2023 Censuses",I,2023,2023,9999,Total - New Zealand by regional council,B0704,Viet Nam,Median,Median - age,36.9,,,
DATAFLOW,STATSNZ:CEN23_ECI_006(1.0),"Birthplace and age for the census usually resident population count, (RC, TALB, SA2, Health), 2013, 2018, and 2023 Censuses",I,2023,2023,9999,Total - New Zealand by regional council,B0407,France,Median,Median - age,34.3,,,
DATAFLOW,STATSNZ:CEN23_ECI_006(1.0),"Birthplace and age for the census usually resident population count, (RC, TALB, SA2, Health), 2013, 2018, and 2023 Censuses",I,2023,2023,9999,Total - New Zealand by regional council,B0709,Other,13,60-64 years,156,,,
DATAFLOW,STATSNZ:CEN23_ECI_006(1.0),"Birthplace and age for the census usually resident population count, (RC, TALB, SA2, Health), 2013, 2018, and 2023 Censuses",I,2023,2023,9999,Total - New Zealand by regional council,B1001,United States of America,18,85-89 years,156,,,
DATAFLOW,STATSNZ:CEN23_ECI_006(1.0),"Birthplace and age for the census usually resident population count, (RC, TALB, SA2, Health), 2013, 2018, and 2023 Censuses",I,2023,2023,9999,Total - New Zealand by regional council,C,Not elsewhere included,2,15-29 years,10905,,,
DATAFLOW,STATSNZ:CEN23_ECI_006(1.0),"Birthplace and age for the census usually resident population count, (RC, TALB, SA2, Health), 2013, 2018, and 2023 Censuses",I,2023,2023,9999,Total - New Zealand by regional council,B0601,Iraq,07,30-34 years,615,,,
DATAFLOW,STATSNZ:CEN23_ECI_006(1.0),"Birthplace and age for the census usually resident population count, (RC, TALB, SA2, Health), 2013, 2018, and 2023 Censuses",I,2023,2023,9999,Total - New Zealand by regional council,B0408,Wales,17,80-84 years,405,,,
DATAFLOW,STATSNZ:CEN23_ECI_006(1.0),"Birthplace and age for the census usually resident population count, (RC, TALB, SA2, Health), 2013, 2018, and 2023 Censuses",I,2023,2023,9999,Total - New Zealand by regional council,B0904,Afghanistan,4,65 years and over,294,,,
DATAFLOW,STATSNZ:CEN23_ECI_006(1.0),"Birthplace and age for the census usually resident population count, (RC, TALB, SA2, Health), 2013, 2018, and 2023 Censuses",I,2023,2023,9999,Total - New Zealand by regional council,B0707,Singapore,03,10-14 years,561,,,
DATAFLOW,STATSNZ:CEN23_ECI_006(1.0),"Birthplace and age for the census usually resident population count, (RC, TALB, SA2, Health), 2013, 2018, and 2023 Censuses",I,2023,2023,9999,Total - New Zealand by regional council,B0401,England,01,0-4 years,996,,,
DATAFLOW,STATSNZ:CEN23_ECI_006(1.0),"Birthplace and age for the census usually resident population count, (RC, TALB, SA2, Health), 2013, 2018, and 2023 Censuses",I,2023,2023,9999,Total - New Zealand by regional council,B0204,Cook Islands,06,25-29 years,735,,,
DATAFLOW,STATSNZ:CEN23_ECI_006(1.0),"Birthplace and age for the census usually resident population count, (RC, TALB, SA2, Health), 2013, 2018, and 2023 Censuses",I,2023,2023,9999,Total - New Zealand by regional council,B0413,Austria,3,30-64 years,714,,,
DATAFLOW,STATSNZ:CEN23_ECI_006(1.0),"Birthplace and age for the census usually resident population count, (RC, TALB, SA2, Health), 2013, 2018, and 2023 Censuses",I,2023,2023,9999,Total - New Zealand by regional council,999999,Total - birthplace,2,15-29 years,968304,,,
DATAFLOW,STATSNZ:CEN23_ECI_006(1.0),"Birthplace and age for the census usually resident population count, (RC, TALB, SA2, Health), 2013, 2018, and 2023 Censuses",I,2023,2023,9999,Total - New Zealand by regional council,B0503,Czech Republic,14,65-69 years,33,,,
DATAFLOW,STATSNZ:CEN23_ECI_006(1.0),"Birthplace and age for the census usually resident population count, (RC, TALB, SA2, Health), 2013, 2018, and 2023 Censuses",I,2023,2023,9999,Total - New Zealand by regional council,B0905,Nepal,18,85-89 years,0,,,
DATAFLOW,STATSNZ:CEN23_ECI_006(1.0),"Birthplace and age for the census usually resident population count, (RC, TALB, SA2, Health), 2013, 2018, and 2023 Censuses",I,2023,2023,9999,Total - New Zealand by regional council,B0604,Egypt,14,65-69 years,90,,,
DATAFLOW,STATSNZ:CEN23_ECI_006(1.0),"Birthplace and age for the census usually resident population count, (RC, TALB, SA2, Health), 2013, 2018, and 2023 Censuses",I,2023,2023,9999,Total - New Zealand by regional council,B0906,Bangladesh,99,Total - age,3303,,,
DATAFLOW,STATSNZ:CEN23_ECI_006(1.0),"Birthplace and age for the census usually resident population count, (RC, TALB, SA2, Health), 2013, 2018, and 2023 Censuses",I,2023,2023,9999,Total - New Zealand by regional council,B12,At sea,99,Total - age,3,,,
DATAFLOW,STATSNZ:CEN23_ECI_006(1.0),"Birthplace and age for the census usually resident population count, (RC, TALB, SA2, Health), 2013, 2018, and 2023 Censuses",I,2023,2023,9999,Total - New Zealand by regional council,B0608,Turkey,10,45-49 years,168,,,
DATAFLOW,STATSNZ:CEN23_ECI_006(1.0),"Birthplace and age for the census usually resident population count, (RC, TALB, SA2, Health), 2013, 2018, and 2023 Censuses",I,2023,2023,9999,Total - New Zealand by regional council,B0604,Egypt,04,15-19 years,126,,,
DATAFLOW,STATSNZ:CEN23_ECI_006(1.0),"Birthplace and age for the census usually resident population count, (RC, TALB, SA2, Health), 2013, 2018, and 2023 Censuses",I,2023,2023,9999,Total - New Zealand by regional council,B0403,Germany,03,10-14 years,348,,,
DATAFLOW,STATSNZ:CEN23_ECI_006(1.0),"Birthplace and age for the census usually resident population count, (RC, TALB, SA2, Health), 2013, 2018, and 2023 Censuses",I,2023,2023,9999,Total - New Zealand by regional council,B0508,Spain,04,15-19 years,132,,,
DATAFLOW,STATSNZ:CEN23_ECI_006(1.0),"Birthplace and age for the census usually resident population count, (RC, TALB, SA2, Health), 2013, 2018, and 2023 Censuses",I,2023,2023,9999,Total - New Zealand by regional council,B0701,Philippines,16,75-79 years,417,,,
DATAFLOW,STATSNZ:CEN23_ECI_006(1.0),"Birthplace and age for the census usually resident population count, (RC, TALB, SA2, Health), 2013, 2018, and 2023 Censuses",I,2023,2023,9999,Total - New Zealand by regional council,B0507,Croatia,06,25-29 years,42,,,
DATAFLOW,STATSNZ:CEN23_ECI_006(1.0),"Birthplace and age for the census usually resident population count, (RC, TALB, SA2, Health), 2013, 2018, and 2023 Censuses",I,2023,2023,9999,Total - New Zealand by regional council,B0413,Austria,99,Total - age,1461,,,
DATAFLOW,STATSNZ:CEN23_ECI_006(1.0),"Birthplace and age for the census usually resident population count, (RC, TALB, SA2, Health), 2013, 2018, and 2023 Censuses",I,2023,2023,9999,Total - New Zealand by regional council,B1103,Kenya,02,5-9 years,27,,,
DATAFLOW,STATSNZ:CEN23_ECI_006(1.0),"Birthplace and age for the census usually resident population count, (RC, TALB, SA2, Health), 2013, 2018, and 2023 Censuses",I,2023,2023,9999,Total - New Zealand by regional council,B0502,Italy,17,80-84 years,87,,,
DATAFLOW,STATSNZ:CEN23_ECI_006(1.0),"Birthplace and age for the census usually resident population count, (RC, TALB, SA2, Health), 2013, 2018, and 2023 Censuses",I,2023,2023,9999,Total - New Zealand by regional council,B0901,India,15,70-74 years,2427,,,
DATAFLOW,STATSNZ:CEN23_ECI_006(1.0),"Birthplace and age for the census usually resident population count, (RC, TALB, SA2, Health), 2013, 2018, and 2023 Censuses",I,2023,2023,9999,Total - New Zealand by regional council,B0210,Tokelau,Median,Median - age,56.6,,,
DATAFLOW,STATSNZ:CEN23_ECI_006(1.0),"Birthplace and age for the census usually resident population count, (RC, TALB, SA2, Health), 2013, 2018, and 2023 Censuses",I,2023,2023,9999,Total - New Zealand by regional council,B0505,Romania,02,5-9 years,24,,,
DATAFLOW,STATSNZ:CEN23_ECI_006(1.0),"Birthplace and age for the census usually resident population count, (RC, TALB, SA2, Health), 2013, 2018, and 2023 Censuses",I,2023,2023,9999,Total - New Zealand by regional council,B0410,Switzerland,04,15-19 years,138,,,
DATAFLOW,STATSNZ:CEN23_ECI_006(1.0),"Birthplace and age for the census usually resident population count, (RC, TALB, SA2, Health), 2013, 2018, and 2023 Censuses",I,2023,2023,9999,Total - New Zealand by regional council,B0206,Vanuatu,01,0-4 years,9,,,
DATAFLOW,STATSNZ:CEN23_ECI_006(1.0),"Birthplace and age for the census usually resident population count, (RC, TALB, SA2, Health), 2013, 2018, and 2023 Censuses",I,2023,2023,9999,Total - New Zealand by regional council,B0805,Taiwan,18,85-89 years,33,,,
DATAFLOW,STATSNZ:CEN23_ECI_006(1.0),"Birthplace and age for the census usually resident population count, (RC, TALB, SA2, Health), 2013, 2018, and 2023 Censuses",I,2023,2023,9999,Total - New Zealand by regional council,B0405,United Kingdom (not further defined),2,15-29 years,1728,,,
DATAFLOW,STATSNZ:CEN23_ECI_006(1.0),"Birthplace and age for the census usually resident population count, (RC, TALB, SA2, Health), 2013, 2018, and 2023 Censuses",I,2023,2023,9999,Total - New Zealand by regional council,B0511,Greece,2,15-29 years,78,,,
DATAFLOW,STATSNZ:CEN23_ECI_006(1.0),"Birthplace and age for the census usually resident population count, (RC, TALB, SA2, Health), 2013, 2018, and 2023 Censuses",I,2023,2023,9999,Total - New Zealand by regional council,B0509,Hungary,07,30-34 years,120,,,
DATAFLOW,STATSNZ:CEN23_ECI_006(1.0),"Birthplace and age for the census usually resident population count, (RC, TALB, SA2, Health), 2013, 2018, and 2023 Censuses",I,2023,2023,9999,Total - New Zealand by regional council,B0204,Cook Islands,01,0-4 years,87,,,
DATAFLOW,STATSNZ:CEN23_ECI_006(1.0),"Birthplace and age for the census usually resident population count, (RC, TALB, SA2, Health), 2013, 2018, and 2023 Censuses",I,2023,2023,9999,Total - New Zealand by regional council,B0501,Russia,18,85-89 years,81,,,
DATAFLOW,STATSNZ:CEN23_ECI_006(1.0),"Birthplace and age for the census usually resident population count, (RC, TALB, SA2, Health), 2013, 2018, and 2023 Censuses",I,2023,2023,9999,Total - New Zealand by regional council,B0414,Belgium,19,90 years and over,9,,,
DATAFLOW,STATSNZ:CEN23_ECI_006(1.0),"Birthplace and age for the census usually resident population count, (RC, TALB, SA2, Health), 2013, 2018, and 2023 Censuses",I,2023,2023,9999,Total - New Zealand by regional council,B1106,Somalia,07,30-34 years,174,,,
DATAFLOW,STATSNZ:CEN23_ECI_006(1.0),"Birthplace and age for the census usually resident population count, (RC, TALB, SA2, Health), 2013, 2018, and 2023 Censuses",I,2023,2023,9999,Total - New Zealand by regional council,B12,At sea,14,65-69 years,0,,,
DATAFLOW,STATSNZ:CEN23_ECI_006(1.0),"Birthplace and age for the census usually resident population count, (RC, TALB, SA2, Health), 2013, 2018, and 2023 Censuses",I,2023,2023,9999,Total - New Zealand by regional council,B10,The Americas,Median,Median - age,37.7,,,
DATAFLOW,STATSNZ:CEN23_ECI_006(1.0),"Birthplace and age for the census usually resident population count, (RC, TALB, SA2, Health), 2013, 2018, and 2023 Censuses",I,2023,2023,9999,Total - New Zealand by regional council,B1105,Ethiopia,11,50-54 years,120,,,
DATAFLOW,STATSNZ:CEN23_ECI_006(1.0),"Birthplace and age for the census usually resident population count, (RC, TALB, SA2, Health), 2013, 2018, and 2023 Censuses",I,2023,2023,9999,Total - New Zealand by regional council,B0707,Singapore,18,85-89 years,42,,,
DATAFLOW,STATSNZ:CEN23_ECI_006(1.0),"Birthplace and age for the census usually resident population count, (RC, TALB, SA2, Health), 2013, 2018, and 2023 Censuses",I,2023,2023,9999,Total - New Zealand by regional council,B0709,Other,06,25-29 years,108,,,
DATAFLOW,STATSNZ:CEN23_ECI_006(1.0),"Birthplace and age for the census usually resident population count, (RC, TALB, SA2, Health), 2013, 2018, and 2023 Censuses",I,2023,2023,9999,Total - New Zealand by regional council,B0606,Syria,3,30-64 years,852,,,
DATAFLOW,STATSNZ:CEN23_ECI_006(1.0),"Birthplace and age for the census usually resident population count, (RC, TALB, SA2, Health), 2013, 2018, and 2023 Censuses",I,2023,2023,9999,Total - New Zealand by regional council,B0410,Switzerland,17,80-84 years,99,,,
DATAFLOW,STATSNZ:CEN23_ECI_006(1.0),"Birthplace and age for the census usually resident population count, (RC, TALB, SA2, Health), 2013, 2018, and 2023 Censuses",I,2023,2023,9999,Total - New Zealand by regional council,777777,Total stated - birthplace,05,20-24 years,307920,,,
DATAFLOW,STATSNZ:CEN23_ECI_006(1.0),"Birthplace and age for the census usually resident population count, (RC, TALB, SA2, Health), 2013, 2018, and 2023 Censuses",I,2023,2023,9999,Total - New Zealand by regional council,B0607,Israel,08,35-39 years,96,,,
DATAFLOW,STATSNZ:CEN23_ECI_006(1.0),"Birthplace and age for the census usually resident population count, (RC, TALB, SA2, Health), 2013, 2018, and 2023 Censuses",I,2023,2023,9999,Total - New Zealand by regional council,B1107,Other Sub-Saharan Africa,02,5-9 years,201,,,
DATAFLOW,STATSNZ:CEN23_ECI_006(1.0),"Birthplace and age for the census usually resident population count, (RC, TALB, SA2, Health), 2013, 2018, and 2023 Censuses",I,2023,2023,9999,Total - New Zealand by regional council,B0501,Russia,01,0-4 years,45,,,
DATAFLOW,STATSNZ:CEN23_ECI_006(1.0),"Birthplace and age for the census usually resident population count, (RC, TALB, SA2, Health), 2013, 2018, and 2023 Censuses",I,2023,2023,9999,Total - New Zealand by regional council,B09,Southern and Central Asia,04,15-19 years,4614,,,
DATAFLOW,STATSNZ:CEN23_ECI_006(1.0),"Birthplace and age for the census usually resident population count, (RC, TALB, SA2, Health), 2013, 2018, and 2023 Censuses",I,2023,2023,9999,Total - New Zealand by regional council,B0403,Germany,04,15-19 years,795,,,
DATAFLOW,STATSNZ:CEN23_ECI_006(1.0),"Birthplace and age for the census usually resident population count, (RC, TALB, SA2, Health), 2013, 2018, and 2023 Censuses",I,2023,2023,9999,Total - New Zealand by regional council,B0414,Belgium,17,80-84 years,9,,,
DATAFLOW,STATSNZ:CEN23_ECI_006(1.0),"Birthplace and age for the census usually resident population count, (RC, TALB, SA2, Health), 2013, 2018, and 2023 Censuses",I,2023,2023,9999,Total - New Zealand by regional council,B0511,Greece,08,35-39 years,36,,,
DATAFLOW,STATSNZ:CEN23_ECI_006(1.0),"Birthplace and age for the census usually resident population count, (RC, TALB, SA2, Health), 2013, 2018, and 2023 Censuses",I,2023,2023,9999,Total - New Zealand by regional council,B0202,Samoa,19,90 years and over,162,,,
DATAFLOW,STATSNZ:CEN23_ECI_006(1.0),"Birthplace and age for the census usually resident population count, (RC, TALB, SA2, Health), 2013, 2018, and 2023 Censuses",I,2023,2023,9999,Total - New Zealand by regional council,B0202,Samoa,18,85-89 years,480,,,
DATAFLOW,STATSNZ:CEN23_ECI_006(1.0),"Birthplace and age for the census usually resident population count, (RC, TALB, SA2, Health), 2013, 2018, and 2023 Censuses",I,2023,2023,9999,Total - New Zealand by regional council,B0414,Belgium,2,15-29 years,267,,,
DATAFLOW,STATSNZ:CEN23_ECI_006(1.0),"Birthplace and age for the census usually resident population count, (RC, TALB, SA2, Health), 2013, 2018, and 2023 Censuses",I,2023,2023,9999,Total - New Zealand by regional council,B0602,Iran,13,60-64 years,300,,,
DATAFLOW,STATSNZ:CEN23_ECI_006(1.0),"Birthplace and age for the census usually resident population count, (RC, TALB, SA2, Health), 2013, 2018, and 2023 Censuses",I,2023,2023,9999,Total - New Zealand by regional council,B1007,Mexico,17,80-84 years,3,,,
DATAFLOW,STATSNZ:CEN23_ECI_006(1.0),"Birthplace and age for the census usually resident population count, (RC, TALB, SA2, Health), 2013, 2018, and 2023 Censuses",I,2023,2023,9999,Total - New Zealand by regional council,B1101,South Africa,06,25-29 years,6270,,,
DATAFLOW,STATSNZ:CEN23_ECI_006(1.0),"Birthplace and age for the census usually resident population count, (RC, TALB, SA2, Health), 2013, 2018, and 2023 Censuses",I,2023,2023,9999,Total - New Zealand by regional council,B0405,United Kingdom (not further defined),10,45-49 years,510,,,
DATAFLOW,STATSNZ:CEN23_ECI_006(1.0),"Birthplace and age for the census usually resident population count, (RC, TALB, SA2, Health), 2013, 2018, and 2023 Censuses",I,2023,2023,9999,Total - New Zealand by regional council,B0508,Spain,18,85-89 years,9,,,
DATAFLOW,STATSNZ:CEN23_ECI_006(1.0),"Birthplace and age for the census usually resident population count, (RC, TALB, SA2, Health), 2013, 2018, and 2023 Censuses",I,2023,2023,9999,Total - New Zealand by regional council,B0702,Malaysia,01,0-4 years,150,,,
DATAFLOW,STATSNZ:CEN23_ECI_006(1.0),"Birthplace and age for the census usually resident population count, (RC, TALB, SA2, Health), 2013, 2018, and 2023 Censuses",I,2023,2023,9999,Total - New Zealand by regional council,B0907,Other,06,25-29 years,144,,,
DATAFLOW,STATSNZ:CEN23_ECI_006(1.0),"Birthplace and age for the census usually resident population count, (RC, TALB, SA2, Health), 2013, 2018, and 2023 Censuses",I,2023,2023,9999,Total - New Zealand by regional council,B0502,Italy,06,25-29 years,324,,,
DATAFLOW,STATSNZ:CEN23_ECI_006(1.0),"Birthplace and age for the census usually resident population count, (RC, TALB, SA2, Health), 2013, 2018, and 2023 Censuses",I,2023,2023,9999,Total - New Zealand by regional council,B1101,South Africa,09,40-44 years,9981,,,
DATAFLOW,STATSNZ:CEN23_ECI_006(1.0),"Birthplace and age for the census usually resident population count, (RC, TALB, SA2, Health), 2013, 2018, and 2023 Censuses",I,2023,2023,9999,Total - New Zealand by regional council,B1106,Somalia,06,25-29 years,123,,,
DATAFLOW,STATSNZ:CEN23_ECI_006(1.0),"Birthplace and age for the census usually resident population count, (RC, TALB, SA2, Health), 2013, 2018, and 2023 Censuses",I,2023,2023,9999,Total - New Zealand by regional council,B1105,Ethiopia,14,65-69 years,42,,,
DATAFLOW,STATSNZ:CEN23_ECI_006(1.0),"Birthplace and age for the census usually resident population count, (RC, TALB, SA2, Health), 2013, 2018, and 2023 Censuses",I,2023,2023,9999,Total - New Zealand by regional council,B0601,Iraq,19,90 years and over,33,,,
DATAFLOW,STATSNZ:CEN23_ECI_006(1.0),"Birthplace and age for the census usually resident population count, (RC, TALB, SA2, Health), 2013, 2018, and 2023 Censuses",I,2023,2023,9999,Total - New Zealand by regional council,B1105,Ethiopia,12,55-59 years,114,,,
DATAFLOW,STATSNZ:CEN23_ECI_006(1.0),"Birthplace and age for the census usually resident population count, (RC, TALB, SA2, Health), 2013, 2018, and 2023 Censuses",I,2023,2023,9999,Total - New Zealand by regional council,B0503,Czech Republic,06,25-29 years,291,,,
DATAFLOW,STATSNZ:CEN23_ECI_006(1.0),"Birthplace and age for the census usually resident population count, (RC, TALB, SA2, Health), 2013, 2018, and 2023 Censuses",I,2023,2023,9999,Total - New Zealand by regional council,B0704,Viet Nam,99,Total - age,11964,,,
DATAFLOW,STATSNZ:CEN23_ECI_006(1.0),"Birthplace and age for the census usually resident population count, (RC, TALB, SA2, Health), 2013, 2018, and 2023 Censuses",I,2023,2023,9999,Total - New Zealand by regional council,B1008,Other Americas,99,Total - age,5688,,,
DATAFLOW,STATSNZ:CEN23_ECI_006(1.0),"Birthplace and age for the census usually resident population count, (RC, TALB, SA2, Health), 2013, 2018, and 2023 Censuses",I,2023,2023,9999,Total - New Zealand by regional council,B0802,"Korea, Republic of",2,15-29 years,5910,,,
DATAFLOW,STATSNZ:CEN23_ECI_006(1.0),"Birthplace and age for the census usually resident population count, (RC, TALB, SA2, Health), 2013, 2018, and 2023 Censuses",I,2023,2023,9999,Total - New Zealand by regional council,B1103,Kenya,1,Under 15 years,93,,,
DATAFLOW,STATSNZ:CEN23_ECI_006(1.0),"Birthplace and age for the census usually resident population count, (RC, TALB, SA2, Health), 2013, 2018, and 2023 Censuses",I,2023,2023,9999,Total - New Zealand by regional council,B0802,"Korea, Republic of",3,30-64 years,20079,,,
DATAFLOW,STATSNZ:CEN23_ECI_006(1.0),"Birthplace and age for the census usually resident population count, (RC, TALB, SA2, Health), 2013, 2018, and 2023 Censuses",I,2023,2023,9999,Total - New Zealand by regional council,B0510,Serbia,19,90 years and over,9,,,
DATAFLOW,STATSNZ:CEN23_ECI_006(1.0),"Birthplace and age for the census usually resident population count, (RC, TALB, SA2, Health), 2013, 2018, and 2023 Censuses",I,2023,2023,9999,Total - New Zealand by regional council,B0503,Czech Republic,02,5-9 years,33,,,
DATAFLOW,STATSNZ:CEN23_ECI_006(1.0),"Birthplace and age for the census usually resident population count, (RC, TALB, SA2, Health), 2013, 2018, and 2023 Censuses",I,2023,2023,9999,Total - New Zealand by regional council,B0202,Samoa,Median,Median - age,44,,,
DATAFLOW,STATSNZ:CEN23_ECI_006(1.0),"Birthplace and age for the census usually resident population count, (RC, TALB, SA2, Health), 2013, 2018, and 2023 Censuses",I,2023,2023,9999,Total - New Zealand by regional council,B0202,Samoa,06,25-29 years,5823,,,
DATAFLOW,STATSNZ:CEN23_ECI_006(1.0),"Birthplace and age for the census usually resident population count, (RC, TALB, SA2, Health), 2013, 2018, and 2023 Censuses",I,2023,2023,9999,Total - New Zealand by regional council,B0707,Singapore,17,80-84 years,69,,,
DATAFLOW,STATSNZ:CEN23_ECI_006(1.0),"Birthplace and age for the census usually resident population count, (RC, TALB, SA2, Health), 2013, 2018, and 2023 Censuses",I,2023,2023,9999,Total - New Zealand by regional council,B0208,Tuvalu,06,25-29 years,234,,,
DATAFLOW,STATSNZ:CEN23_ECI_006(1.0),"Birthplace and age for the census usually resident population count, (RC, TALB, SA2, Health), 2013, 2018, and 2023 Censuses",I,2023,2023,9999,Total - New Zealand by regional council,777777,Total stated - birthplace,13,60-64 years,293859,,,
DATAFLOW,STATSNZ:CEN23_ECI_006(1.0),"Birthplace and age for the census usually resident population count, (RC, TALB, SA2, Health), 2013, 2018, and 2023 Censuses",I,2023,2023,9999,Total - New Zealand by regional council,B1104,Zambia,3,30-64 years,1065,,,
DATAFLOW,STATSNZ:CEN23_ECI_006(1.0),"Birthplace and age for the census usually resident population count, (RC, TALB, SA2, Health), 2013, 2018, and 2023 Censuses",I,2023,2023,9999,Total - New Zealand by regional council,B0415,Channel Islands,18,85-89 years,63,,,
DATAFLOW,STATSNZ:CEN23_ECI_006(1.0),"Birthplace and age for the census usually resident population count, (RC, TALB, SA2, Health), 2013, 2018, and 2023 Censuses",I,2023,2023,9999,Total - New Zealand by regional council,B0604,Egypt,99,Total - age,1953,,,
DATAFLOW,STATSNZ:CEN23_ECI_006(1.0),"Birthplace and age for the census usually resident population count, (RC, TALB, SA2, Health), 2013, 2018, and 2023 Censuses",I,2023,2023,9999,Total - New Zealand by regional council,B1104,Zambia,1,Under 15 years,24,,,
DATAFLOW,STATSNZ:CEN23_ECI_006(1.0),"Birthplace and age for the census usually resident population count, (RC, TALB, SA2, Health), 2013, 2018, and 2023 Censuses",I,2023,2023,9999,Total - New Zealand by regional council,B0504,Poland,14,65-69 years,135,,,
DATAFLOW,STATSNZ:CEN23_ECI_006(1.0),"Birthplace and age for the census usually resident population count, (RC, TALB, SA2, Health), 2013, 2018, and 2023 Censuses",I,2023,2023,9999,Total - New Zealand by regional council,B,Overseas,06,25-29 years,115878,,,
DATAFLOW,STATSNZ:CEN23_ECI_006(1.0),"Birthplace and age for the census usually resident population count, (RC, TALB, SA2, Health), 2013, 2018, and 2023 Censuses",I,2023,2023,9999,Total - New Zealand by regional council,B0404,Netherlands,06,25-29 years,534,,,
DATAFLOW,STATSNZ:CEN23_ECI_006(1.0),"Birthplace and age for the census usually resident population count, (RC, TALB, SA2, Health), 2013, 2018, and 2023 Censuses",I,2023,2023,9999,Total - New Zealand by regional council,C,Not elsewhere included,17,80-84 years,762,,,
DATAFLOW,STATSNZ:CEN23_ECI_006(1.0),"Birthplace and age for the census usually resident population count, (RC, TALB, SA2, Health), 2013, 2018, and 2023 Censuses",I,2023,2023,9999,Total - New Zealand by regional council,B0904,Afghanistan,Median,Median - age,32.2,,,
DATAFLOW,STATSNZ:CEN23_ECI_006(1.0),"Birthplace and age for the census usually resident population count, (RC, TALB, SA2, Health), 2013, 2018, and 2023 Censuses",I,2023,2023,9999,Total - New Zealand by regional council,B0202,Samoa,4,65 years and over,10590,,,
DATAFLOW,STATSNZ:CEN23_ECI_006(1.0),"Birthplace and age for the census usually resident population count, (RC, TALB, SA2, Health), 2013, 2018, and 2023 Censuses",I,2023,2023,9999,Total - New Zealand by regional council,B0709,Other,17,80-84 years,9,,,
DATAFLOW,STATSNZ:CEN23_ECI_006(1.0),"Birthplace and age for the census usually resident population count, (RC, TALB, SA2, Health), 2013, 2018, and 2023 Censuses",I,2023,2023,9999,Total - New Zealand by regional council,B0407,France,17,80-84 years,24,,,
DATAFLOW,STATSNZ:CEN23_ECI_006(1.0),"Birthplace and age for the census usually resident population count, (RC, TALB, SA2, Health), 2013, 2018, and 2023 Censuses",I,2023,2023,9999,Total - New Zealand by regional council,B0602,Iran,05,20-24 years,213,,,
DATAFLOW,STATSNZ:CEN23_ECI_006(1.0),"Birthplace and age for the census usually resident population count, (RC, TALB, SA2, Health), 2013, 2018, and 2023 Censuses",I,2023,2023,9999,Total - New Zealand by regional council,B0409,Northern Ireland,09,40-44 years,300,,,
DATAFLOW,STATSNZ:CEN23_ECI_006(1.0),"Birthplace and age for the census usually resident population count, (RC, TALB, SA2, Health), 2013, 2018, and 2023 Censuses",I,2023,2023,9999,Total - New Zealand by regional council,B0512,Other,1,Under 15 years,321,,,
DATAFLOW,STATSNZ:CEN23_ECI_006(1.0),"Birthplace and age for the census usually resident population count, (RC, TALB, SA2, Health), 2013, 2018, and 2023 Censuses",I,2023,2023,9999,Total - New Zealand by regional council,B0502,Italy,3,30-64 years,2004,,,
DATAFLOW,STATSNZ:CEN23_ECI_006(1.0),"Birthplace and age for the census usually resident population count, (RC, TALB, SA2, Health), 2013, 2018, and 2023 Censuses",I,2023,2023,9999,Total - New Zealand by regional council,B1102,Zimbabwe,13,60-64 years,951,,,
DATAFLOW,STATSNZ:CEN23_ECI_006(1.0),"Birthplace and age for the census usually resident population count, (RC, TALB, SA2, Health), 2013, 2018, and 2023 Censuses",I,2023,2023,9999,Total - New Zealand by regional council,B0205,Niue,4,65 years and over,1368,,,
DATAFLOW,STATSNZ:CEN23_ECI_006(1.0),"Birthplace and age for the census usually resident population count, (RC, TALB, SA2, Health), 2013, 2018, and 2023 Censuses",I,2023,2023,9999,Total - New Zealand by regional council,B0509,Hungary,13,60-64 years,36,,,
DATAFLOW,STATSNZ:CEN23_ECI_006(1.0),"Birthplace and age for the census usually resident population count, (RC, TALB, SA2, Health), 2013, 2018, and 2023 Censuses",I,2023,2023,9999,Total - New Zealand by regional council,B0402,Scotland,04,15-19 years,567,,,
DATAFLOW,STATSNZ:CEN23_ECI_006(1.0),"Birthplace and age for the census usually resident population count, (RC, TALB, SA2, Health), 2013, 2018, and 2023 Censuses",I,2023,2023,9999,Total - New Zealand by regional council,B0512,Other,06,25-29 years,459,,,
DATAFLOW,STATSNZ:CEN23_ECI_006(1.0),"Birthplace and age for the census usually resident population count, (RC, TALB, SA2, Health), 2013, 2018, and 2023 Censuses",I,2023,2023,9999,Total - New Zealand by regional council,B05,Southern and Eastern Europe,11,50-54 years,2520,,,
DATAFLOW,STATSNZ:CEN23_ECI_006(1.0),"Birthplace and age for the census usually resident population count, (RC, TALB, SA2, Health), 2013, 2018, and 2023 Censuses",I,2023,2023,9999,Total - New Zealand by regional council,B0205,Niue,99,Total - age,3960,,,
DATAFLOW,STATSNZ:CEN23_ECI_006(1.0),"Birthplace and age for the census usually resident population count, (RC, TALB, SA2, Health), 2013, 2018, and 2023 Censuses",I,2023,2023,9999,Total - New Zealand by regional council,B05,Southern and Eastern Europe,01,0-4 years,186,,,
DATAFLOW,STATSNZ:CEN23_ECI_006(1.0),"Birthplace and age for the census usually resident population count, (RC, TALB, SA2, Health), 2013, 2018, and 2023 Censuses",I,2023,2023,9999,Total - New Zealand by regional council,B0413,Austria,1,Under 15 years,111,,,
DATAFLOW,STATSNZ:CEN23_ECI_006(1.0),"Birthplace and age for the census usually resident population count, (RC, TALB, SA2, Health), 2013, 2018, and 2023 Censuses",I,2023,2023,9999,Total - New Zealand by regional council,B01,Australia,12,55-59 years,3546,,,
DATAFLOW,STATSNZ:CEN23_ECI_006(1.0),"Birthplace and age for the census usually resident population count, (RC, TALB, SA2, Health), 2013, 2018, and 2023 Censuses",I,2023,2023,9999,Total - New Zealand by regional council,B0605,United Arab Emirates,3,30-64 years,606,,,
DATAFLOW,STATSNZ:CEN23_ECI_006(1.0),"Birthplace and age for the census usually resident population count, (RC, TALB, SA2, Health), 2013, 2018, and 2023 Censuses",I,2023,2023,9999,Total - New Zealand by regional council,B0704,Viet Nam,15,70-74 years,294,,,
DATAFLOW,STATSNZ:CEN23_ECI_006(1.0),"Birthplace and age for the census usually resident population count, (RC, TALB, SA2, Health), 2013, 2018, and 2023 Censuses",I,2023,2023,9999,Total - New Zealand by regional council,B0502,Italy,02,5-9 years,54,,,
DATAFLOW,STATSNZ:CEN23_ECI_006(1.0),"Birthplace and age for the census usually resident population count, (RC, TALB, SA2, Health), 2013, 2018, and 2023 Censuses",I,2023,2023,9999,Total - New Zealand by regional council,B0510,Serbia,10,45-49 years,147,,,
DATAFLOW,STATSNZ:CEN23_ECI_006(1.0),"Birthplace and age for the census usually resident population count, (RC, TALB, SA2, Health), 2013, 2018, and 2023 Censuses",I,2023,2023,9999,Total - New Zealand by regional council,B0905,Nepal,17,80-84 years,6,,,
DATAFLOW,STATSNZ:CEN23_ECI_006(1.0),"Birthplace and age for the census usually resident population count, (RC, TALB, SA2, Health), 2013, 2018, and 2023 Censuses",I,2023,2023,9999,Total - New Zealand by regional council,B1007,Mexico,01,0-4 years,12,,,
DATAFLOW,STATSNZ:CEN23_ECI_006(1.0),"Birthplace and age for the census usually resident population count, (RC, TALB, SA2, Health), 2013, 2018, and 2023 Censuses",I,2023,2023,9999,Total - New Zealand by regional council,B0504,Poland,12,55-59 years,117,,,
DATAFLOW,STATSNZ:CEN23_ECI_006(1.0),"Birthplace and age for the census usually resident population count, (RC, TALB, SA2, Health), 2013, 2018, and 2023 Censuses",I,2023,2023,9999,Total - New Zealand by regional council,B0412,Denmark,19,90 years and over,27,,,
DATAFLOW,STATSNZ:CEN23_ECI_006(1.0),"Birthplace and age for the census usually resident population count, (RC, TALB, SA2, Health), 2013, 2018, and 2023 Censuses",I,2023,2023,9999,Total - New Zealand by regional council,B0510,Serbia,17,80-84 years,15,,,
DATAFLOW,STATSNZ:CEN23_ECI_006(1.0),"Birthplace and age for the census usually resident population count, (RC, TALB, SA2, Health), 2013, 2018, and 2023 Censuses",I,2023,2023,9999,Total - New Zealand by regional council,B0907,Other,03,10-14 years,87,,,
DATAFLOW,STATSNZ:CEN23_ECI_006(1.0),"Birthplace and age for the census usually resident population count, (RC, TALB, SA2, Health), 2013, 2018, and 2023 Censuses",I,2023,2023,9999,Total - New Zealand by regional council,B0804,Hong Kong (Special Administrative Region),05,20-24 years,594,,,
DATAFLOW,STATSNZ:CEN23_ECI_006(1.0),"Birthplace and age for the census usually resident population count, (RC, TALB, SA2, Health), 2013, 2018, and 2023 Censuses",I,2023,2023,9999,Total - New Zealand by regional council,B0702,Malaysia,16,75-79 years,618,,,
DATAFLOW,STATSNZ:CEN23_ECI_006(1.0),"Birthplace and age for the census usually resident population count, (RC, TALB, SA2, Health), 2013, 2018, and 2023 Censuses",I,2023,2023,9999,Total - New Zealand by regional council,B0414,Belgium,05,20-24 years,78,,,
DATAFLOW,STATSNZ:CEN23_ECI_006(1.0),"Birthplace and age for the census usually resident population count, (RC, TALB, SA2, Health), 2013, 2018, and 2023 Censuses",I,2023,2023,9999,Total - New Zealand by regional council,B0210,Tokelau,16,75-79 years,75,,,
DATAFLOW,STATSNZ:CEN23_ECI_006(1.0),"Birthplace and age for the census usually resident population count, (RC, TALB, SA2, Health), 2013, 2018, and 2023 Censuses",I,2023,2023,9999,Total - New Zealand by regional council,B0601,Iraq,12,55-59 years,534,,,
DATAFLOW,STATSNZ:CEN23_ECI_006(1.0),"Birthplace and age for the census usually resident population count, (RC, TALB, SA2, Health), 2013, 2018, and 2023 Censuses",I,2023,2023,9999,Total - New Zealand by regional council,B0406,Ireland,01,0-4 years,57,,,
DATAFLOW,STATSNZ:CEN23_ECI_006(1.0),"Birthplace and age for the census usually resident population count, (RC, TALB, SA2, Health), 2013, 2018, and 2023 Censuses",I,2023,2023,9999,Total - New Zealand by regional council,B0606,Syria,01,0-4 years,9,,,
DATAFLOW,STATSNZ:CEN23_ECI_006(1.0),"Birthplace and age for the census usually resident population count, (RC, TALB, SA2, Health), 2013, 2018, and 2023 Censuses",I,2023,2023,9999,Total - New Zealand by regional council,B0414,Belgium,08,35-39 years,153,,,
DATAFLOW,STATSNZ:CEN23_ECI_006(1.0),"Birthplace and age for the census usually resident population count, (RC, TALB, SA2, Health), 2013, 2018, and 2023 Censuses",I,2023,2023,9999,Total - New Zealand by regional council,B0407,France,14,65-69 years,132,,,
DATAFLOW,STATSNZ:CEN23_ECI_006(1.0),"Birthplace and age for the census usually resident population count, (RC, TALB, SA2, Health), 2013, 2018, and 2023 Censuses",I,2023,2023,9999,Total - New Zealand by regional council,777777,Total stated - birthplace,02,5-9 years,309513,,,
DATAFLOW,STATSNZ:CEN23_ECI_006(1.0),"Birthplace and age for the census usually resident population count, (RC, TALB, SA2, Health), 2013, 2018, and 2023 Censuses",I,2023,2023,9999,Total - New Zealand by regional council,B0415,Channel Islands,01,0-4 years,0,,,
DATAFLOW,STATSNZ:CEN23_ECI_006(1.0),"Birthplace and age for the census usually resident population count, (RC, TALB, SA2, Health), 2013, 2018, and 2023 Censuses",I,2023,2023,9999,Total - New Zealand by regional council,B0415,Channel Islands,03,10-14 years,33,,,
DATAFLOW,STATSNZ:CEN23_ECI_006(1.0),"Birthplace and age for the census usually resident population count, (RC, TALB, SA2, Health), 2013, 2018, and 2023 Censuses",I,2023,2023,9999,Total - New Zealand by regional council,B04,North-West Europe,13,60-64 years,26301,,,
DATAFLOW,STATSNZ:CEN23_ECI_006(1.0),"Birthplace and age for the census usually resident population count, (RC, TALB, SA2, Health), 2013, 2018, and 2023 Censuses",I,2023,2023,9999,Total - New Zealand by regional council,B0605,United Arab Emirates,02,5-9 years,600,,,
DATAFLOW,STATSNZ:CEN23_ECI_006(1.0),"Birthplace and age for the census usually resident population count, (RC, TALB, SA2, Health), 2013, 2018, and 2023 Censuses",I,2023,2023,9999,Total - New Zealand by regional council,B0508,Spain,11,50-54 years,123,,,
DATAFLOW,STATSNZ:CEN23_ECI_006(1.0),"Birthplace and age for the census usually resident population count, (RC, TALB, SA2, Health), 2013, 2018, and 2023 Censuses",I,2023,2023,9999,Total - New Zealand by regional council,B0802,"Korea, Republic of",08,35-39 years,3054,,,
DATAFLOW,STATSNZ:CEN23_ECI_006(1.0),"Birthplace and age for the census usually resident population count, (RC, TALB, SA2, Health), 2013, 2018, and 2023 Censuses",I,2023,2023,9999,Total - New Zealand by regional council,B0803,Japan,09,40-44 years,1317,,,
DATAFLOW,STATSNZ:CEN23_ECI_006(1.0),"Birthplace and age for the census usually resident population count, (RC, TALB, SA2, Health), 2013, 2018, and 2023 Censuses",I,2023,2023,9999,Total - New Zealand by regional council,B01,Australia,05,20-24 years,5832,,,
DATAFLOW,STATSNZ:CEN23_ECI_006(1.0),"Birthplace and age for the census usually resident population count, (RC, TALB, SA2, Health), 2013, 2018, and 2023 Censuses",I,2023,2023,9999,Total - New Zealand by regional council,B04,North-West Europe,07,30-34 years,20964,,,
DATAFLOW,STATSNZ:CEN23_ECI_006(1.0),"Birthplace and age for the census usually resident population count, (RC, TALB, SA2, Health), 2013, 2018, and 2023 Censuses",I,2023,2023,9999,Total - New Zealand by regional council,B0507,Croatia,99,Total - age,1695,,,
DATAFLOW,STATSNZ:CEN23_ECI_006(1.0),"Birthplace and age for the census usually resident population count, (RC, TALB, SA2, Health), 2013, 2018, and 2023 Censuses",I,2023,2023,9999,Total - New Zealand by regional council,B0904,Afghanistan,08,35-39 years,762,,,
DATAFLOW,STATSNZ:CEN23_ECI_006(1.0),"Birthplace and age for the census usually resident population count, (RC, TALB, SA2, Health), 2013, 2018, and 2023 Censuses",I,2023,2023,9999,Total - New Zealand by regional council,B0904,Afghanistan,2,15-29 years,1830,,,
DATAFLOW,STATSNZ:CEN23_ECI_006(1.0),"Birthplace and age for the census usually resident population count, (RC, TALB, SA2, Health), 2013, 2018, and 2023 Censuses",I,2023,2023,9999,Total - New Zealand by regional council,B06,North Africa and the Middle East,19,90 years and over,60,,,
DATAFLOW,STATSNZ:CEN23_ECI_006(1.0),"Birthplace and age for the census usually resident population count, (RC, TALB, SA2, Health), 2013, 2018, and 2023 Censuses",I,2023,2023,9999,Total - New Zealand by regional council,B0411,Sweden,3,30-64 years,1077,,,
DATAFLOW,STATSNZ:CEN23_ECI_006(1.0),"Birthplace and age for the census usually resident population count, (RC, TALB, SA2, Health), 2013, 2018, and 2023 Censuses",I,2023,2023,9999,Total - New Zealand by regional council,B0512,Other,2,15-29 years,816,,,
DATAFLOW,STATSNZ:CEN23_ECI_006(1.0),"Birthplace and age for the census usually resident population count, (RC, TALB, SA2, Health), 2013, 2018, and 2023 Censuses",I,2023,2023,9999,Total - New Zealand by regional council,B0405,United Kingdom (not further defined),09,40-44 years,486,,,
DATAFLOW,STATSNZ:CEN23_ECI_006(1.0),"Birthplace and age for the census usually resident population count, (RC, TALB, SA2, Health), 2013, 2018, and 2023 Censuses",I,2023,2023,9999,Total - New Zealand by regional council,B0602,Iran,1,Under 15 years,258,,,
DATAFLOW,STATSNZ:CEN23_ECI_006(1.0),"Birthplace and age for the census usually resident population count, (RC, TALB, SA2, Health), 2013, 2018, and 2023 Censuses",I,2023,2023,9999,Total - New Zealand by regional council,B0206,Vanuatu,2,15-29 years,414,,,
DATAFLOW,STATSNZ:CEN23_ECI_006(1.0),"Birthplace and age for the census usually resident population count, (RC, TALB, SA2, Health), 2013, 2018, and 2023 Censuses",I,2023,2023,9999,Total - New Zealand by regional council,B08,North-East Asia,19,90 years and over,735,,,
DATAFLOW,STATSNZ:CEN23_ECI_006(1.0),"Birthplace and age for the census usually resident population count, (RC, TALB, SA2, Health), 2013, 2018, and 2023 Censuses",I,2023,2023,9999,Total - New Zealand by regional council,B0401,England,10,45-49 years,12627,,,
DATAFLOW,STATSNZ:CEN23_ECI_006(1.0),"Birthplace and age for the census usually resident population count, (RC, TALB, SA2, Health), 2013, 2018, and 2023 Censuses",I,2023,2023,9999,Total - New Zealand by regional council,B0503,Czech Republic,05,20-24 years,102,,,
DATAFLOW,STATSNZ:CEN23_ECI_006(1.0),"Birthplace and age for the census usually resident population count, (RC, TALB, SA2, Health), 2013, 2018, and 2023 Censuses",I,2023,2023,9999,Total - New Zealand by regional council,B0212,Other,12,55-59 years,93,,,
DATAFLOW,STATSNZ:CEN23_ECI_006(1.0),"Birthplace and age for the census usually resident population count, (RC, TALB, SA2, Health), 2013, 2018, and 2023 Censuses",I,2023,2023,9999,Total - New Zealand by regional council,B05,Southern and Eastern Europe,18,85-89 years,693,,,
DATAFLOW,STATSNZ:CEN23_ECI_006(1.0),"Birthplace and age for the census usually resident population count, (RC, TALB, SA2, Health), 2013, 2018, and 2023 Censuses",I,2023,2023,9999,Total - New Zealand by regional council,B0901,India,4,65 years and over,9540,,,
DATAFLOW,STATSNZ:CEN23_ECI_006(1.0),"Birthplace and age for the census usually resident population count, (RC, TALB, SA2, Health), 2013, 2018, and 2023 Censuses",I,2023,2023,9999,Total - New Zealand by regional council,B0502,Italy,04,15-19 years,129,,,
DATAFLOW,STATSNZ:CEN23_ECI_006(1.0),"Birthplace and age for the census usually resident population count, (RC, TALB, SA2, Health), 2013, 2018, and 2023 Censuses",I,2023,2023,9999,Total - New Zealand by regional council,B01,Australia,3,30-64 years,36630,,,
DATAFLOW,STATSNZ:CEN23_ECI_006(1.0),"Birthplace and age for the census usually resident population count, (RC, TALB, SA2, Health), 2013, 2018, and 2023 Censuses",I,2023,2023,9999,Total - New Zealand by regional council,B0704,Viet Nam,06,25-29 years,1209,,,
DATAFLOW,STATSNZ:CEN23_ECI_006(1.0),"Birthplace and age for the census usually resident population count, (RC, TALB, SA2, Health), 2013, 2018, and 2023 Censuses",I,2023,2023,9999,Total - New Zealand by regional council,B0504,Poland,18,85-89 years,90,,,
DATAFLOW,STATSNZ:CEN23_ECI_006(1.0),"Birthplace and age for the census usually resident population count, (RC, TALB, SA2, Health), 2013, 2018, and 2023 Censuses",I,2023,2023,9999,Total - New Zealand by regional council,B0201,Fiji,02,5-9 years,1119,,,
DATAFLOW,STATSNZ:CEN23_ECI_006(1.0),"Birthplace and age for the census usually resident population count, (RC, TALB, SA2, Health), 2013, 2018, and 2023 Censuses",I,2023,2023,9999,Total - New Zealand by regional council,B0709,Other,2,15-29 years,249,,,
DATAFLOW,STATSNZ:CEN23_ECI_006(1.0),"Birthplace and age for the census usually resident population count, (RC, TALB, SA2, Health), 2013, 2018, and 2023 Censuses",I,2023,2023,9999,Total - New Zealand by regional council,B0904,Afghanistan,99,Total - age,6087,,,
DATAFLOW,STATSNZ:CEN23_ECI_006(1.0),"Birthplace and age for the census usually resident population count, (RC, TALB, SA2, Health), 2013, 2018, and 2023 Censuses",I,2023,2023,9999,Total - New Zealand by regional council,B12,At sea,18,85-89 years,0,,,
DATAFLOW,STATSNZ:CEN23_ECI_006(1.0),"Birthplace and age for the census usually resident population count, (RC, TALB, SA2, Health), 2013, 2018, and 2023 Censuses",I,2023,2023,9999,Total - New Zealand by regional council,999999,Total - birthplace,13,60-64 years,296418,,,
DATAFLOW,STATSNZ:CEN23_ECI_006(1.0),"Birthplace and age for the census usually resident population count, (RC, TALB, SA2, Health), 2013, 2018, and 2023 Censuses",I,2023,2023,9999,Total - New Zealand by regional council,B0407,France,13,60-64 years,198,,,
DATAFLOW,STATSNZ:CEN23_ECI_006(1.0),"Birthplace and age for the census usually resident population count, (RC, TALB, SA2, Health), 2013, 2018, and 2023 Censuses",I,2023,2023,9999,Total - New Zealand by regional council,A,New Zealand,14,65-69 years,182463,,,
DATAFLOW,STATSNZ:CEN23_ECI_006(1.0),"Birthplace and age for the census usually resident population count, (RC, TALB, SA2, Health), 2013, 2018, and 2023 Censuses",I,2023,2023,9999,Total - New Zealand by regional council,B1006,Colombia,4,65 years and over,102,,,
DATAFLOW,STATSNZ:CEN23_ECI_006(1.0),"Birthplace and age for the census usually resident population count, (RC, TALB, SA2, Health), 2013, 2018, and 2023 Censuses",I,2023,2023,9999,Total - New Zealand by regional council,B0504,Poland,02,5-9 years,30,,,
DATAFLOW,STATSNZ:CEN23_ECI_006(1.0),"Birthplace and age for the census usually resident population count, (RC, TALB, SA2, Health), 2013, 2018, and 2023 Censuses",I,2023,2023,9999,Total - New Zealand by regional council,B1005,Argentina,1,Under 15 years,270,,,
DATAFLOW,STATSNZ:CEN23_ECI_006(1.0),"Birthplace and age for the census usually resident population count, (RC, TALB, SA2, Health), 2013, 2018, and 2023 Censuses",I,2023,2023,9999,Total - New Zealand by regional council,B0406,Ireland,16,75-79 years,372,,,
DATAFLOW,STATSNZ:CEN23_ECI_006(1.0),"Birthplace and age for the census usually resident population count, (RC, TALB, SA2, Health), 2013, 2018, and 2023 Censuses",I,2023,2023,9999,Total - New Zealand by regional council,B07,South-East Asia,4,65 years and over,12756,,,
DATAFLOW,STATSNZ:CEN23_ECI_006(1.0),"Birthplace and age for the census usually resident population count, (RC, TALB, SA2, Health), 2013, 2018, and 2023 Censuses",I,2023,2023,9999,Total - New Zealand by regional council,B0407,France,3,30-64 years,4605,,,
DATAFLOW,STATSNZ:CEN23_ECI_006(1.0),"Birthplace and age for the census usually resident population count, (RC, TALB, SA2, Health), 2013, 2018, and 2023 Censuses",I,2023,2023,9999,Total - New Zealand by regional council,B0607,Israel,01,0-4 years,18,,,
DATAFLOW,STATSNZ:CEN23_ECI_006(1.0),"Birthplace and age for the census usually resident population count, (RC, TALB, SA2, Health), 2013, 2018, and 2023 Censuses",I,2023,2023,9999,Total - New Zealand by regional council,B0907,Other,99,Total - age,2487,,,
DATAFLOW,STATSNZ:CEN23_ECI_006(1.0),"Birthplace and age for the census usually resident population count, (RC, TALB, SA2, Health), 2013, 2018, and 2023 Censuses",I,2023,2023,9999,Total - New Zealand by regional council,B07,South-East Asia,13,60-64 years,7563,,,
DATAFLOW,STATSNZ:CEN23_ECI_006(1.0),"Birthplace and age for the census usually resident population count, (RC, TALB, SA2, Health), 2013, 2018, and 2023 Censuses",I,2023,2023,9999,Total - New Zealand by regional council,B04,North-West Europe,Median,Median - age,54.7,,,
DATAFLOW,STATSNZ:CEN23_ECI_006(1.0),"Birthplace and age for the census usually resident population count, (RC, TALB, SA2, Health), 2013, 2018, and 2023 Censuses",I,2023,2023,9999,Total - New Zealand by regional council,B1008,Other Americas,3,30-64 years,3501,,,
DATAFLOW,STATSNZ:CEN23_ECI_006(1.0),"Birthplace and age for the census usually resident population count, (RC, TALB, SA2, Health), 2013, 2018, and 2023 Censuses",I,2023,2023,9999,Total - New Zealand by regional council,B,Overseas,16,75-79 years,44733,,,
DATAFLOW,STATSNZ:CEN23_ECI_006(1.0),"Birthplace and age for the census usually resident population count, (RC, TALB, SA2, Health), 2013, 2018, and 2023 Censuses",I,2023,2023,9999,Total - New Zealand by regional council,B1002,Canada,Median,Median - age,42.8,,,
DATAFLOW,STATSNZ:CEN23_ECI_006(1.0),"Birthplace and age for the census usually resident population count, (RC, TALB, SA2, Health), 2013, 2018, and 2023 Censuses",I,2023,2023,9999,Total - New Zealand by regional council,B0602,Iran,14,65-69 years,210,,,
DATAFLOW,STATSNZ:CEN23_ECI_006(1.0),"Birthplace and age for the census usually resident population count, (RC, TALB, SA2, Health), 2013, 2018, and 2023 Censuses",I,2023,2023,9999,Total - New Zealand by regional council,B1007,Mexico,06,25-29 years,186,,,
DATAFLOW,STATSNZ:CEN23_ECI_006(1.0),"Birthplace and age for the census usually resident population count, (RC, TALB, SA2, Health), 2013, 2018, and 2023 Censuses",I,2023,2023,9999,Total - New Zealand by regional council,B0409,Northern Ireland,19,90 years and over,96,,,
DATAFLOW,STATSNZ:CEN23_ECI_006(1.0),"Birthplace and age for the census usually resident population count, (RC, TALB, SA2, Health), 2013, 2018, and 2023 Censuses",I,2023,2023,9999,Total - New Zealand by regional council,B1003,Brazil,99,Total - age,10647,,,
DATAFLOW,STATSNZ:CEN23_ECI_006(1.0),"Birthplace and age for the census usually resident population count, (RC, TALB, SA2, Health), 2013, 2018, and 2023 Censuses",I,2023,2023,9999,Total - New Zealand by regional council,B03,Other Oceania and Antarctica,13,60-64 years,0,,,
DATAFLOW,STATSNZ:CEN23_ECI_006(1.0),"Birthplace and age for the census usually resident population count, (RC, TALB, SA2, Health), 2013, 2018, and 2023 Censuses",I,2023,2023,9999,Total - New Zealand by regional council,B1004,Chile,15,70-74 years,84,,,
DATAFLOW,STATSNZ:CEN23_ECI_006(1.0),"Birthplace and age for the census usually resident population count, (RC, TALB, SA2, Health), 2013, 2018, and 2023 Censuses",I,2023,2023,9999,Total - New Zealand by regional council,B0202,Samoa,09,40-44 years,4356,,,
DATAFLOW,STATSNZ:CEN23_ECI_006(1.0),"Birthplace and age for the census usually resident population count, (RC, TALB, SA2, Health), 2013, 2018, and 2023 Censuses",I,2023,2023,9999,Total - New Zealand by regional council,B0704,Viet Nam,14,65-69 years,474,,,
DATAFLOW,STATSNZ:CEN23_ECI_006(1.0),"Birthplace and age for the census usually resident population count, (RC, TALB, SA2, Health), 2013, 2018, and 2023 Censuses",I,2023,2023,9999,Total - New Zealand by regional council,B0709,Other,09,40-44 years,192,,,
DATAFLOW,STATSNZ:CEN23_ECI_006(1.0),"Birthplace and age for the census usually resident population count, (RC, TALB, SA2, Health), 2013, 2018, and 2023 Censuses",I,2023,2023,9999,Total - New Zealand by regional council,B07,South-East Asia,08,35-39 years,23922,,,
DATAFLOW,STATSNZ:CEN23_ECI_006(1.0),"Birthplace and age for the census usually resident population count, (RC, TALB, SA2, Health), 2013, 2018, and 2023 Censuses",I,2023,2023,9999,Total - New Zealand by regional council,A,New Zealand,08,35-39 years,187281,,,
